# Blender 4.5.3 LTS
# www.blender.org
mtllib KidAttemptFive.mtl
o Shirt
v 0.104867 1.381372 0.105611
v 0.130404 1.414565 0.216588
v 0.021637 1.449769 0.113776
v 0.018524 1.436704 0.140260
v 0.105059 1.347551 0.065494
v 0.156313 1.228097 0.183480
v 0.100070 0.871081 -0.016152
v 0.118697 1.054173 0.036118
v 0.143220 1.036776 0.157387
v 0.172697 1.322496 0.246445
v 0.129832 1.280773 0.082567
v 0.112358 1.410584 0.105989
v 0.162760 1.416880 0.183090
v 0.113629 1.348827 0.059706
v 0.200936 1.336841 0.201530
v 0.143934 1.282145 0.076153
v 0.198557 1.263758 0.148294
v -0.071823 1.405977 0.060972
v -0.006644 1.361484 0.251155
v 0.026037 1.408968 0.200905
v -0.076111 1.443076 0.053531
v -0.066727 1.351360 0.044373
v 0.003769 1.312268 0.280608
v -0.051968 1.220744 0.054618
v 0.015625 1.188945 0.259190
v -0.016098 0.836209 -0.059338
v 0.035183 0.873416 0.165609
v -0.035114 1.045405 0.013383
v 0.024740 1.015149 0.207835
v -0.014954 0.825256 -0.060072
v 0.019634 1.445114 0.125234
v 0.134932 1.239686 0.095022
v 0.114099 0.874841 0.042318
v 0.131423 1.051930 0.057252
v 0.097554 1.425367 0.131542
v 0.131069 1.423405 0.123543
v 0.168758 1.270223 0.087167
v 0.140355 0.818826 -0.025714
v 0.128578 0.879492 0.098485
v 0.058541 0.786113 0.168526
v 0.159116 0.797230 0.094328
v 0.378443 1.307495 0.049417
v 0.364784 1.379018 0.053453
v 0.362697 1.448663 0.036450
v 0.354851 1.458324 -0.004033
v 0.355326 1.309974 0.000580
v 0.329744 1.339331 -0.002586
v 0.380009 1.423524 -0.043085
v 0.356054 1.462041 -0.012843
v 0.104868 1.348423 0.041615
v 0.098243 1.428206 0.110269
v 0.124540 1.352171 0.054760
v 0.161732 1.271755 0.073741
v 0.124140 1.424878 0.109838
v 0.130068 1.242004 0.076385
v 0.044213 1.582828 0.139811
v 0.045893 1.500899 0.135178
v 0.028120 1.468612 0.194838
v -0.088572 1.583596 0.088488
v 0.047426 1.510199 0.122455
v -0.014305 1.424860 0.253734
v 0.048816 1.534606 0.193595
v 0.151095 0.803071 0.049182
v -0.192433 1.336305 0.134939
v -0.220259 1.359417 0.247744
v -0.165262 1.426565 0.124854
v -0.157199 1.413849 0.150885
v -0.208858 1.314405 0.086143
v -0.275565 1.220569 0.183204
v -0.138969 0.822789 0.023325
v -0.186078 1.020635 0.042195
v -0.195162 1.003669 0.167661
v -0.307094 1.324522 0.242104
v -0.262418 1.290769 0.080305
v -0.175388 1.360033 0.144898
v -0.222566 1.389422 0.216032
v -0.207038 1.325796 0.080549
v -0.306744 1.367211 0.204047
v -0.270469 1.302219 0.074738
v -0.334357 1.320571 0.135961
v -0.112144 1.345475 0.255835
v -0.154237 1.376079 0.213648
v -0.113719 1.296500 0.283914
v -0.102057 1.177872 0.261022
v -0.054868 0.889018 0.163979
v -0.068954 1.005602 0.210212
v -0.161488 1.422875 0.135840
v -0.265156 1.235281 0.093648
v -0.149032 0.858861 0.069019
v -0.197562 1.018476 0.062960
v -0.205353 1.371030 0.160332
v -0.185818 1.378371 0.162945
v -0.296888 1.309978 0.081882
v -0.178395 0.782530 0.037212
v -0.159095 0.894451 0.110596
v -0.082059 0.857695 0.213043
v -0.191854 0.835883 0.159128
v -0.392651 1.521858 0.055229
v -0.326921 1.606548 0.099857
v -0.266934 1.622681 0.085309
v -0.249617 1.613764 0.038823
v -0.369032 1.507757 0.006972
v -0.330729 1.504223 0.009948
v -0.286367 1.596987 -0.025754
v -0.245825 1.612560 0.027770
v -0.226351 1.309057 0.059817
v -0.223981 1.383204 0.131940
v -0.211277 1.335714 0.076071
v -0.288761 1.308741 0.069378
v -0.176663 1.376253 0.151051
v -0.256817 1.231706 0.078067
v -0.212462 1.556698 0.153259
v -0.197176 1.474432 0.148563
v -0.167990 1.447997 0.205290
v -0.202807 1.484724 0.135648
v -0.111930 1.414923 0.258848
v -0.201711 1.509091 0.206699
v -0.187833 0.812219 0.120296
v 0.111562 0.966031 0.002834
v -0.025602 0.940807 -0.022990
v 0.031224 0.936296 0.184182
v 0.124695 0.964546 0.043609
v 0.137216 0.955908 0.123647
v -0.158012 0.923576 0.006710
v -0.060236 0.929901 0.183783
v -0.168201 0.930741 0.046711
v -0.173107 0.927336 0.131457
v 0.150190 1.131990 0.170923
v 0.019863 1.101757 0.233660
v -0.043536 1.133054 0.034037
v 0.134397 1.145642 0.076594
v 0.125700 1.148011 0.057158
v -0.246134 1.115807 0.173017
v -0.085949 1.092064 0.236328
v -0.243244 1.130183 0.074877
v -0.233649 1.129562 0.057755
v -0.020849 0.888509 -0.041166
v 0.034005 0.903664 0.171690
v 0.121147 0.917436 0.038104
v 0.134454 0.921587 0.105638
v -0.056620 0.904626 0.168763
v -0.156213 0.888833 0.042264
v -0.164806 0.926409 0.095694
v 0.107462 0.914247 -0.010778
v -0.146024 0.859275 0.005200
v 0.119676 0.841705 -0.018667
v -0.017237 0.815234 -0.041101
v 0.143974 0.838493 0.095996
v 0.047248 0.834607 0.166623
v 0.132680 0.839010 0.045482
v -0.159719 0.798161 0.039919
v -0.175244 0.864785 0.133220
v -0.067784 0.872402 0.179529
v -0.168303 0.835037 0.093621
v 0.312738 1.326367 0.000710
v 0.272324 1.304493 0.014508
v 0.292087 1.313332 0.006294
v 0.308746 1.476372 0.015315
v 0.341228 1.472267 -0.008297
v 0.326173 1.476409 0.001241
v 0.365779 1.292344 0.060944
v 0.329711 1.272068 0.083362
v 0.348738 1.278831 0.073193
v 0.351016 1.412892 -0.054324
v 0.306205 1.401818 -0.043835
v 0.329908 1.407652 -0.052635
v 0.385121 1.389835 0.072444
v 0.383983 1.395680 0.111448
v 0.386272 1.392115 0.089639
v 0.363015 1.464006 0.054625
v 0.346098 1.472375 0.089292
v 0.356800 1.470534 0.071519
v 0.315994 1.476056 0.029903
v 0.344780 1.470127 0.002771
v 0.331818 1.475110 0.013928
v 0.298247 1.277343 0.019833
v 0.339213 1.295867 0.005022
v 0.318956 1.283366 0.011421
v -0.326148 1.426387 0.020105
v -0.331581 1.478946 0.010793
v -0.330099 1.450714 0.013778
v -0.228988 1.595624 0.035440
v -0.213180 1.565326 0.056100
v -0.219161 1.581905 0.044432
v -0.397913 1.446090 0.079845
v -0.399554 1.496704 0.063040
v -0.402237 1.469611 0.071666
v -0.260447 1.528547 -0.017967
v -0.275249 1.567891 -0.029281
v -0.267518 1.548668 -0.026352
v -0.337015 1.574756 0.135026
v -0.333186 1.599721 0.113124
v -0.335810 1.588453 0.124594
v -0.251476 1.586861 0.129240
v -0.258763 1.612907 0.102869
v -0.253826 1.602161 0.116578
v -0.234573 1.598634 0.047951
v -0.220344 1.569422 0.070041
v -0.225578 1.585572 0.057811
v -0.371253 1.481541 0.008370
v -0.362605 1.430194 0.018856
v -0.369457 1.453708 0.011912
v 0.115530 1.010513 0.018147
v -0.172039 0.972414 0.019406
v -0.030356 0.993106 -0.004808
v 0.028084 0.975746 0.195704
v 0.128542 1.008116 0.049082
v 0.140362 0.996552 0.139897
v -0.064446 0.967559 0.195888
v -0.182493 0.973191 0.050419
v -0.183612 0.965641 0.147269
v 0.109907 0.856483 -0.017525
v -0.149278 0.810442 0.031190
v -0.015813 0.833466 -0.059516
v 0.136311 0.859027 0.097131
v 0.041219 0.855611 0.165720
v 0.123409 0.856936 0.043843
v -0.167103 0.879507 0.121491
v -0.061296 0.883776 0.169639
v -0.158637 0.846842 0.081124
v -0.015239 0.827999 -0.059893
v 0.151570 0.817895 0.095078
v 0.057233 0.801393 0.157588
v 0.141909 0.821053 0.047256
v -0.183507 0.850286 0.145794
v -0.068763 0.813270 0.169966
v -0.178038 0.823480 0.106614
v 0.129387 0.826876 -0.019634
v -0.170274 0.786184 0.049248
v -0.015096 0.826628 -0.059982
v 0.155345 0.807571 0.094695
v 0.063807 0.788061 0.152715
v 0.146504 0.812060 0.048209
v -0.187677 0.843102 0.152407
v -0.066670 0.763440 0.150537
v -0.182936 0.817823 0.113387
v 0.134219 0.819423 -0.020042
v -0.175598 0.780276 0.054186
v 0.124539 0.834301 -0.019175
v -0.164982 0.792143 0.044499
v -0.017768 0.808502 -0.034301
v 0.147780 0.828202 0.095511
v 0.051714 0.818804 0.163453
v 0.137300 0.830036 0.046349
v -0.179362 0.857512 0.139403
v -0.069046 0.848334 0.178408
v -0.173161 0.829223 0.100041
v 0.032194 1.468786 0.137694
v 0.026147 1.438151 0.196408
v 0.033353 1.477724 0.123549
v 0.032694 1.516174 0.124715
v -0.082804 1.519943 0.075468
v -0.011256 1.387383 0.248335
v -0.176984 1.444673 0.149610
v -0.159739 1.417609 0.206553
v -0.181460 1.453610 0.135638
v -0.189983 1.493432 0.135786
v -0.108141 1.377457 0.253315
v 0.040790 1.488879 0.136019
v 0.042360 1.498258 0.123403
v 0.039761 1.557978 0.133196
v -0.086405 1.559608 0.083365
v -0.013255 1.411310 0.251311
v -0.189610 1.463315 0.148830
v -0.195373 1.474032 0.135839
v -0.204170 1.533097 0.145705
v -0.110604 1.401366 0.256363
v 0.027342 1.457412 0.195150
v -0.164804 1.436480 0.205611
v 0.025201 1.422729 0.197514
v -0.155772 1.402864 0.207287
v 0.025384 1.453070 0.139303
v 0.026457 1.461613 0.124385
v 0.027446 1.483742 0.120592
v -0.079844 1.486732 0.067499
v -0.009834 1.371104 0.246564
v -0.167197 1.430232 0.150456
v -0.171415 1.438520 0.135758
v -0.177501 1.461199 0.131908
v -0.106937 1.360631 0.251453
vn 0.2470 0.9399 0.2355
vn -0.1255 0.8340 0.5373
vn 0.1151 0.4207 0.8999
vn 0.5720 -0.1834 0.7995
vn 0.3623 -0.3434 0.8665
vn 0.9585 -0.1582 -0.2372
vn 0.8855 0.0523 -0.4616
vn 0.4395 -0.1949 0.8768
vn 0.6469 0.4708 0.5999
vn 0.7972 -0.4019 0.4506
vn -0.4046 -0.3763 -0.8335
vn 0.1028 0.9893 0.1036
vn 0.5355 -0.7970 -0.2794
vn -0.8325 0.3645 -0.4173
vn 0.1209 0.2232 -0.9673
vn 0.0981 0.9696 -0.2242
vn 0.0619 -0.1761 -0.9824
vn 0.2286 0.2272 -0.9467
vn 0.0837 0.5390 -0.8382
vn 0.3155 0.3767 -0.8709
vn 0.6150 -0.7229 -0.3149
vn 0.0544 0.9940 0.0948
vn 0.9892 -0.0269 -0.1443
vn 0.9681 -0.1405 -0.2075
vn 0.1556 0.9781 0.1384
vn 0.3040 0.7309 0.6110
vn 0.9913 0.1173 -0.0604
vn -0.3130 -0.3557 -0.8806
vn -0.4497 0.5341 -0.7159
vn -0.2450 0.0791 -0.9663
vn 0.9478 0.1989 -0.2493
vn -0.1151 0.1464 -0.9825
vn 0.9632 -0.2378 0.1255
vn 0.9003 -0.3957 -0.1814
vn -0.1634 0.1914 -0.9678
vn 0.3580 0.2023 -0.9116
vn 0.8245 -0.0391 0.5644
vn 0.9916 0.0130 0.1290
vn 0.9121 0.3907 -0.1238
vn 0.8426 0.4954 -0.2110
vn -0.4726 0.6908 0.5472
vn 0.0583 0.8477 0.5272
vn -0.1038 0.3577 0.9280
vn -0.4988 0.1047 0.8604
vn -0.3522 -0.3823 0.8543
vn -0.9697 -0.2396 -0.0473
vn -0.8307 -0.2921 -0.4740
vn -0.3521 -0.2628 0.8983
vn -0.2914 0.6583 0.6941
vn -0.9392 -0.2352 0.2500
vn 0.2397 -0.3727 -0.8965
vn 0.0905 -0.9610 -0.2612
vn -0.8086 -0.5150 -0.2843
vn 0.8788 -0.4536 -0.1483
vn -0.1617 0.1341 -0.9777
vn -0.2132 0.9734 0.0835
vn -0.0943 -0.1281 -0.9873
vn -0.4526 -0.0597 -0.8897
vn -0.3275 0.5314 -0.7813
vn -0.5217 0.2033 -0.8286
vn -0.8191 -0.3993 -0.4118
vn 0.9263 -0.1625 0.3399
vn -0.9181 -0.3919 -0.0586
vn -0.9755 -0.2187 -0.0232
vn -0.6529 0.7528 0.0840
vn 0.3178 0.6329 -0.7059
vn -0.7141 -0.4899 0.5001
vn 0.1902 -0.2989 -0.9351
vn 0.8350 0.2088 -0.5092
vn 0.4031 0.0349 -0.9145
vn -0.5992 0.4144 -0.6850
vn -0.3508 -0.2278 0.9083
vn -0.8822 -0.4133 0.2257
vn -0.8190 -0.5653 -0.0983
vn -0.0154 0.2031 -0.9790
vn -0.4833 0.1246 -0.8665
vn -0.7339 -0.1884 0.6526
vn -0.9406 -0.3102 0.1380
vn -0.8995 0.3171 -0.3006
vn -0.8396 0.3371 -0.4260
vn -0.9581 -0.2824 -0.0488
vn -0.2198 0.2473 -0.9437
vn -0.9376 -0.2468 -0.2449
vn -0.3624 -0.3825 0.8499
vn 0.9883 -0.0444 -0.1460
vn 0.1127 0.3258 -0.9387
vn 0.9395 -0.0025 -0.3427
vn 0.4914 -0.2853 0.8228
vn -0.9694 -0.2229 -0.1032
vn -0.1128 0.1913 -0.9750
vn -0.4196 -0.2595 0.8699
vn -0.8777 -0.1026 -0.4681
vn 0.9799 -0.0018 -0.1995
vn 0.1019 0.2151 -0.9713
vn 0.4840 -0.1828 0.8558
vn 0.9428 0.0416 -0.3307
vn -0.8951 -0.4452 0.0227
vn -0.3006 0.1167 -0.9466
vn -0.9654 -0.2092 -0.1556
vn -0.2934 -0.8759 0.3831
vn 0.9845 -0.0263 -0.1731
vn 0.1447 0.2899 -0.9461
vn 0.9580 -0.0188 -0.2862
vn 0.5351 -0.3501 0.7688
vn -0.8472 0.3705 -0.3808
vn -0.8913 0.2578 -0.3729
vn -0.3199 0.7043 0.6337
vn -0.3957 -0.5197 -0.7572
vn 0.8577 0.4935 -0.1439
vn 0.8949 0.3912 -0.2145
vn 0.5727 0.1843 0.7988
vn 0.2877 -0.3859 -0.8765
vn -0.2581 0.5770 -0.7749
vn -0.4654 0.5457 -0.6968
vn 0.4536 -0.8476 -0.2752
vn 0.2223 -0.9575 -0.1836
vn 0.8844 -0.2874 0.3676
vn 0.7825 -0.3939 0.4822
vn 0.9420 0.3312 0.0544
vn 0.8707 0.4368 0.2261
vn 0.1023 -0.5608 -0.8216
vn -0.1836 -0.4622 -0.8676
vn 0.3189 0.9477 0.0138
vn 0.0565 0.9979 0.0324
vn 0.4248 0.9018 -0.0796
vn 0.1210 0.9926 0.0131
vn -0.1209 -0.2564 -0.9590
vn -0.2302 -0.3769 -0.8972
vn 0.8353 -0.0034 -0.5498
vn 0.7650 0.1844 -0.6171
vn -0.8566 -0.3308 -0.3959
vn -0.8884 -0.0856 -0.4510
vn -0.8267 0.1947 0.5279
vn -0.8565 0.3275 0.3989
vn -0.0314 0.6219 0.7825
vn -0.0518 0.7495 0.6600
vn -0.0634 -0.3277 -0.9426
vn -0.3386 -0.1808 -0.9234
vn 0.8301 0.4851 0.2748
vn 0.7421 0.6464 0.1773
vn 0.8464 0.4407 0.2989
vn 0.7601 0.6241 0.1812
vn 0.0159 -0.2639 -0.9644
vn 0.0459 -0.1129 -0.9926
vn -0.2348 -0.7063 -0.6678
vn -0.3549 -0.3785 -0.8548
vn -0.0753 -0.1878 -0.9793
vn 0.4248 -0.5998 -0.6781
vn -0.1926 0.9685 0.1578
vn 0.1110 0.6343 -0.7651
vn -0.5050 0.5336 -0.6784
vn 0.6894 0.7129 0.1286
vn 0.5827 -0.7474 -0.3192
vn 0.4706 -0.4495 0.7593
vn 0.9694 -0.0101 -0.2452
vn 0.0091 -0.9951 -0.0982
vn 0.3178 0.3793 0.8690
vn 0.8663 0.0249 -0.4990
vn -0.1907 0.9646 0.1819
vn 0.8695 0.4652 -0.1661
vn -0.2646 -0.5031 -0.8227
vn -0.5307 -0.0585 -0.8455
vn 0.1438 -0.3814 -0.9132
vn 0.0653 -0.0473 -0.9967
vn 0.8237 0.3674 0.4319
vn 0.8832 -0.0334 -0.4679
vn 0.6667 0.7332 0.1342
vn 0.6849 0.3588 -0.6342
vn -0.8819 0.0731 -0.4657
vn -0.8080 -0.0063 0.5891
vn -0.7511 -0.5626 -0.3455
vn -0.8463 0.4885 0.2124
vn -0.1036 0.3439 0.9333
vn -0.1025 0.8732 0.4765
vn 0.8418 0.3337 0.4242
vn 0.6686 0.7361 0.1053
vn 0.4441 -0.3100 0.8406
vn 0.8968 0.0686 -0.4372
vn 0.1109 0.3521 -0.9294
vn 0.9915 -0.0290 -0.1267
vn -0.3052 -0.4479 0.8404
vn -0.9108 -0.1364 -0.3896
vn -0.2180 0.3332 -0.9173
vn -0.9552 -0.2947 -0.0266
vn 0.2705 0.2412 -0.9320
vn 0.5690 0.1786 0.8027
vn 0.8863 0.3926 -0.2459
vn -0.5540 -0.0552 -0.8307
vn -0.2972 0.7235 0.6231
vn -0.8856 0.2383 -0.3988
vn -0.8458 0.3555 -0.3978
vn 0.8526 0.4938 -0.1712
vn 0.8638 0.4915 -0.1106
vn -0.8493 0.3874 -0.3587
vn -0.8968 0.2884 -0.3356
vn -0.2743 -0.0216 0.9614
vn 0.1635 0.8371 0.5220
vn 0.9054 0.3900 -0.1679
vn 0.5650 0.0023 0.8251
vn -0.1518 0.9125 0.3798
vn 0.1427 0.9013 -0.4091
vn 0.6693 0.7429 0.0123
vn -0.8984 0.3022 -0.3186
vn -0.1938 -0.2084 0.9586
vn -0.5379 -0.1674 -0.8262
vn 0.9092 0.3897 -0.1468
vn 0.5369 0.0478 0.8423
vn 0.2631 0.2014 -0.9435
vn 0.1890 -0.3504 -0.9173
vn 0.5790 0.0698 0.8123
vn 0.9013 0.3905 -0.1877
vn -0.3650 -0.5221 -0.7708
vn -0.3555 0.2082 0.9112
vn -0.8948 0.2754 -0.3513
vn 0.8609 0.4927 -0.1268
vn -0.8482 0.3794 -0.3697
vn -0.7262 -0.1430 0.6725
vn -0.5254 0.0300 -0.8503
vn -0.4898 -0.1652 -0.8560
vn -0.8259 -0.5574 -0.0844
vn -0.9048 -0.4251 0.0246
vn 0.8126 -0.0000 0.5829
vn 0.4164 0.1506 -0.8966
vn 0.4130 -0.0417 -0.9098
vn 0.8999 -0.4008 -0.1720
vn 0.9658 -0.2474 -0.0775
vn 0.9915 -0.1280 0.0243
vn -0.7284 -0.1609 0.6660
vn -0.4923 0.0842 -0.8664
vn -0.2234 0.0594 -0.9729
vn -0.8227 -0.5603 -0.0960
vn -0.8986 -0.4176 0.1344
vn 0.8142 -0.0079 0.5805
vn 0.3772 0.1671 -0.9109
vn 0.0752 0.1131 -0.9907
vn 0.8995 -0.3978 -0.1806
vn 0.9704 -0.2388 0.0347
vn 0.9623 -0.2162 -0.1650
vn 0.9093 -0.3870 -0.1528
vn 0.9570 -0.2167 -0.1928
vn 0.4693 0.2166 -0.8561
vn 0.5722 0.3515 0.7410
vn -0.9647 -0.2619 -0.0266
vn -0.8468 -0.5279 -0.0651
vn -0.9159 -0.3917 -0.0875
vn -0.5987 0.0915 -0.7957
vn -0.5527 0.2519 0.7944
vt 0.755602 0.651115
vt 0.684567 0.704507
vt 0.678391 0.690687
vt 0.750259 0.636154
vt 0.772575 0.746545
vt 0.783287 0.850021
vt 0.690103 0.762833
vt 0.761122 0.670389
vt 0.737178 0.903837
vt 0.645682 0.816150
vt 0.193899 0.997371
vt 0.141559 0.999906
vt 0.119551 0.842349
vt 0.181710 0.840699
vt 0.585808 0.978024
vt 0.550605 0.803495
vt 0.162873 0.748808
vt 0.105341 0.758417
vt 0.086224 0.673961
vt 0.150313 0.679804
vt 0.437902 0.718011
vt 0.328613 0.723574
vt 0.323629 0.694054
vt 0.435419 0.695079
vt 0.467138 0.992922
vt 0.350276 0.996243
vt 0.348211 0.840542
vt 0.453595 0.823740
vt 0.633754 0.788639
vt 0.666251 0.751783
vt 0.578643 0.773255
vt 0.619999 0.682164
vt 0.618731 0.692212
vt 0.577322 0.711262
vt 0.575689 0.701435
vt 0.662505 0.718461
vt 0.660302 0.713855
vt 0.536347 0.719204
vt 0.570403 0.730112
vt 0.647364 0.692936
vt 0.656384 0.705130
vt 0.309843 0.500000
vt 0.417039 0.500000
vt 0.010258 0.701576
vt 0.000094 0.705350
vt 0.014046 0.500000
vt 0.015849 0.500000
vt 0.618699 0.661995
vt 0.538589 0.699074
vt 0.517540 0.500000
vt 0.673359 0.500000
vt 0.028141 0.500000
vt 0.093392 0.500000
vt 0.750421 0.500000
vt 0.779026 0.500000
vt 0.572214 0.723161
vt 0.034719 0.994993
vt 0.018823 0.994846
vt 0.001346 0.840923
vt 0.015282 0.841022
vt 0.619125 0.699037
vt 0.817381 0.705452
vt 0.812135 0.633982
vt 0.823700 0.625585
vt 0.827624 0.696058
vt 0.810133 0.617489
vt 0.822352 0.609508
vt 0.853067 0.576986
vt 0.876569 0.563460
vt 0.841004 0.500000
vt 0.855172 0.500000
vt 0.836475 0.798993
vt 0.848634 0.787328
vt 0.006568 0.787290
vt 0.018535 0.783947
vt 0.063486 0.682107
vt 0.079890 0.766167
vt 0.755601 0.348886
vt 0.750258 0.363846
vt 0.678390 0.309314
vt 0.684566 0.295494
vt 0.772574 0.253456
vt 0.761120 0.329612
vt 0.690103 0.237168
vt 0.783285 0.149981
vt 0.645682 0.183852
vt 0.737177 0.096166
vt 0.193899 0.002629
vt 0.181710 0.159301
vt 0.119551 0.157651
vt 0.141559 0.000094
vt 0.550606 0.196506
vt 0.585808 0.021978
vt 0.162874 0.251192
vt 0.150313 0.320196
vt 0.086224 0.326039
vt 0.105342 0.241583
vt 0.437902 0.281990
vt 0.435419 0.304921
vt 0.323629 0.305947
vt 0.328613 0.276426
vt 0.467139 0.007079
vt 0.453596 0.176261
vt 0.348211 0.159459
vt 0.350277 0.003758
vt 0.666251 0.248218
vt 0.633754 0.211363
vt 0.578643 0.226745
vt 0.619999 0.317837
vt 0.575689 0.298566
vt 0.577322 0.288738
vt 0.618731 0.307789
vt 0.660301 0.286146
vt 0.662504 0.281540
vt 0.536346 0.280797
vt 0.570403 0.269888
vt 0.647364 0.307065
vt 0.656383 0.294871
vt 0.010258 0.298425
vt 0.000094 0.294650
vt 0.618698 0.338006
vt 0.538588 0.300927
vt 0.572214 0.276839
vt 0.034719 0.005007
vt 0.015282 0.158978
vt 0.001346 0.159077
vt 0.018823 0.005154
vt 0.619125 0.300964
vt 0.817379 0.294548
vt 0.827622 0.303942
vt 0.823699 0.374415
vt 0.812134 0.366018
vt 0.822351 0.390492
vt 0.810132 0.382511
vt 0.876569 0.436539
vt 0.853067 0.423014
vt 0.836473 0.201008
vt 0.848632 0.212673
vt 0.886745 0.353963
vt 0.018535 0.216053
vt 0.006568 0.212710
vt 0.063486 0.317893
vt 0.079890 0.233833
vt 0.295413 0.159318
vt 0.275609 0.269145
vt 0.220262 0.260574
vt 0.239835 0.159463
vt 0.268254 0.310629
vt 0.239245 0.500000
vt 0.166723 0.500000
vt 0.210588 0.315301
vt 0.298281 0.003912
vt 0.246199 0.003522
vt 0.295412 0.840683
vt 0.239834 0.840537
vt 0.220262 0.739426
vt 0.275609 0.730856
vt 0.268254 0.689371
vt 0.210588 0.684699
vt 0.298280 0.996088
vt 0.246198 0.996478
vt 0.030585 0.305973
vt 0.042471 0.222740
vt 0.054438 0.226083
vt 0.040749 0.309748
vt 0.088322 0.158166
vt 0.057093 0.158682
vt 0.111982 0.002329
vt 0.082406 0.004564
vt 0.024699 0.500000
vt 0.021258 0.500000
vt 0.030585 0.694027
vt 0.040749 0.690253
vt 0.054438 0.773917
vt 0.042470 0.777261
vt 0.088322 0.841834
vt 0.057093 0.841318
vt 0.111982 0.997671
vt 0.082406 0.995435
vt 0.613283 0.739318
vt 0.613311 0.739133
vt 0.613372 0.739099
vt 0.613350 0.739356
vt 0.613455 0.739052
vt 0.613481 0.739406
vt 0.613139 0.738856
vt 0.612932 0.738933
vt 0.612850 0.738880
vt 0.613134 0.738746
vt 0.612751 0.738828
vt 0.613124 0.738586
vt 0.613005 0.739224
vt 0.612946 0.739206
vt 0.612870 0.739183
vt 0.613069 0.739361
vt 0.613026 0.739413
vt 0.612966 0.739491
vt 0.613300 0.738882
vt 0.613376 0.738778
vt 0.613500 0.738661
vt 0.613242 0.739343
vt 0.613275 0.739411
vt 0.613301 0.739534
vt 0.613481 0.260595
vt 0.613455 0.260949
vt 0.613372 0.260902
vt 0.613350 0.260645
vt 0.613311 0.260868
vt 0.613283 0.260683
vt 0.613124 0.261414
vt 0.612752 0.261173
vt 0.612850 0.261121
vt 0.613134 0.261254
vt 0.612932 0.261068
vt 0.613139 0.261145
vt 0.612871 0.260818
vt 0.612946 0.260795
vt 0.613005 0.260777
vt 0.612966 0.260510
vt 0.613026 0.260588
vt 0.613069 0.260640
vt 0.613500 0.261340
vt 0.613376 0.261223
vt 0.613300 0.261119
vt 0.613301 0.260468
vt 0.613275 0.260591
vt 0.613242 0.260658
vt 0.613256 0.738946
vt 0.613141 0.738929
vt 0.613247 0.739165
vt 0.613233 0.739276
vt 0.613206 0.739284
vt 0.612989 0.738976
vt 0.613065 0.739243
vt 0.613105 0.739308
vt 0.613256 0.261054
vt 0.613247 0.260836
vt 0.613141 0.261072
vt 0.613233 0.260725
vt 0.613206 0.260717
vt 0.612989 0.261025
vt 0.613065 0.260758
vt 0.613106 0.260693
vt 0.020421 0.697801
vt 0.030503 0.780604
vt 0.030503 0.219397
vt 0.020421 0.302199
vt 0.043156 0.158781
vt 0.029219 0.158880
vt 0.066510 0.004712
vt 0.050615 0.004859
vt 0.019455 0.500000
vt 0.017652 0.500000
vt 0.043156 0.841219
vt 0.029219 0.841121
vt 0.066510 0.995288
vt 0.050614 0.995141
vt 0.799622 0.165654
vt 0.815958 0.181327
vt 0.800098 0.278699
vt 0.786336 0.266077
vt 0.781836 0.382020
vt 0.813413 0.400193
vt 0.817099 0.500000
vt 0.798062 0.500000
vt 0.772288 0.359287
vt 0.788976 0.369689
vt 0.776765 0.340812
vt 0.792410 0.352013
vt 0.799624 0.834348
vt 0.786337 0.733923
vt 0.800100 0.721302
vt 0.815961 0.818674
vt 0.781836 0.617980
vt 0.813414 0.599807
vt 0.772289 0.640713
vt 0.788977 0.630311
vt 0.776766 0.659188
vt 0.792411 0.647987
vt 0.886747 0.646037
s 0
usemtl ShirtCloth
f 31/1/1 35/2/1 51/3/1 3/4/1
f 20/5/2 19/6/2 2/7/2 4/8/2
f 19/6/3 23/9/3 10/10/3 2/7/3
f 138/11/4 27/12/4 39/13/4 140/14/4
f 23/9/5 25/15/5 6/16/5 10/10/5
f 139/17/6 33/18/6 7/19/6 144/20/6
f 131/21/7 34/22/7 8/23/7 132/24/7
f 129/25/8 29/26/8 9/27/8 128/28/8
f 10/10/9 15/29/9 13/30/9 2/7/9
f 6/16/10 17/31/10 15/29/10 10/10/10
f 5/32/11 14/33/11 16/34/11 11/35/11
f 35/2/12 36/36/12 54/37/12 51/3/12
f 32/38/13 37/39/13 17/31/13 6/16/13
f 1/40/14 12/41/14 14/33/14 5/32/14
f 132/24/15 8/23/15 28/42/15 130/43/15
f 237/44/16 38/45/16 30/46/16 230/47/16
f 50/48/17 55/49/17 24/50/17 22/51/17
f 144/20/18 7/19/18 26/52/18 137/53/18
f 51/3/19 50/48/19 22/51/19 18/54/19
f 3/4/20 51/3/20 18/54/20 21/55/20
f 55/49/21 53/56/21 37/39/21 32/38/21
f 2/7/22 13/30/22 36/36/22 35/2/22
f 128/28/23 9/27/23 34/22/23 131/21/23
f 140/14/24 39/13/24 33/18/24 139/17/24
f 4/8/25 2/7/25 35/2/25 31/1/25
f 232/57/26 40/58/26 41/59/26 231/60/26
f 1/40/27 5/32/27 50/48/27 51/3/27
f 16/34/28 14/33/28 52/61/28 53/56/28
f 14/33/29 12/41/29 54/37/29 52/61/29
f 11/35/30 16/34/30 53/56/30 55/49/30
f 5/32/31 11/35/31 55/49/31 50/48/31
f 12/41/32 1/40/32 51/3/32 54/37/32
f 268/62/33 259/63/33 57/64/33 58/65/33
f 259/63/34 260/66/34 60/67/34 57/64/34
f 260/66/35 261/68/35 56/69/35 60/67/35
f 261/68/36 262/70/36 59/71/36 56/69/36
f 263/72/37 268/62/37 58/65/37 61/73/37
f 57/64/38 60/67/38 56/69/38
f 231/60/39 41/59/39 63/74/39 233/75/39
f 212/76/40 7/19/40 33/18/40 217/77/40
f 87/78/41 66/79/41 107/80/41 91/81/41
f 82/82/42 67/83/42 65/84/42 81/85/42
f 81/85/43 65/84/43 73/86/43 83/87/43
f 141/88/44 143/89/44 95/90/44 85/91/44
f 83/87/45 73/86/45 69/92/45 84/93/45
f 142/94/46 145/95/46 70/96/46 89/97/46
f 135/98/47 136/99/47 71/100/47 90/101/47
f 134/102/48 133/103/48 72/104/48 86/105/48
f 73/86/49 65/84/49 76/106/49 78/107/49
f 69/92/50 73/86/50 78/107/50 80/108/50
f 68/109/51 74/110/51 79/111/51 77/112/51
f 91/81/52 107/80/52 110/113/52 92/114/52
f 88/115/53 69/92/53 80/108/53 93/116/53
f 64/117/54 68/109/54 77/112/54 75/118/54
f 136/99/55 130/43/55 28/42/55 71/100/55
f 238/119/56 230/47/56 30/46/56 94/120/56
f 106/121/57 22/51/57 24/50/57 111/122/57
f 145/95/58 137/53/58 26/52/58 70/96/58
f 107/80/59 18/54/59 22/51/59 106/121/59
f 66/79/60 21/55/60 18/54/60 107/80/60
f 111/122/61 88/115/61 93/116/61 109/123/61
f 65/84/62 91/81/62 92/114/62 76/106/62
f 133/103/63 135/98/63 90/101/63 72/104/63
f 143/89/64 142/94/64 89/97/64 95/90/64
f 67/83/65 87/78/65 91/81/65 65/84/65
f 235/124/66 234/125/66 97/126/66 96/127/66
f 64/117/67 107/80/67 106/121/67 68/109/67
f 79/111/68 109/123/68 108/128/68 77/112/68
f 77/112/69 108/128/69 110/113/69 75/118/69
f 74/110/70 111/122/70 109/123/70 79/111/70
f 68/109/71 106/121/71 111/122/71 74/110/71
f 75/118/72 110/113/72 107/80/72 64/117/72
f 269/129/73 114/130/73 113/131/73 264/132/73
f 264/132/74 113/131/74 115/133/74 265/134/74
f 265/134/75 115/133/75 112/135/75 266/136/75
f 266/136/76 112/135/76 59/71/76 262/70/76
f 267/137/77 116/138/77 114/130/77 269/129/77
f 114/130/78 117/139/78 112/135/78 115/133/78 113/131/78
f 234/125/79 236/140/79 118/141/79 97/126/79
f 213/142/80 220/143/80 89/97/80 70/96/80
f 211/144/81 210/145/81 126/146/81 127/147/81
f 204/148/82 205/149/82 120/150/82 124/151/82
f 210/145/83 204/148/83 124/151/83 126/146/83
f 209/152/84 211/144/84 127/147/84 125/153/84
f 208/154/85 123/155/85 122/156/85 207/157/85
f 203/158/86 119/159/86 120/150/86 205/149/86
f 207/157/87 122/156/87 119/159/87 203/158/87
f 206/160/88 121/161/88 123/155/88 208/154/88
f 69/92/89 88/115/89 135/98/89 133/103/89
f 111/122/90 24/50/90 130/43/90 136/99/90
f 84/93/91 69/92/91 133/103/91 134/102/91
f 88/115/92 111/122/92 136/99/92 135/98/92
f 6/16/93 128/28/93 131/21/93 32/38/93
f 55/49/94 132/24/94 130/43/94 24/50/94
f 25/15/95 129/25/95 128/28/95 6/16/95
f 32/38/96 131/21/96 132/24/96 55/49/96
f 127/147/97 126/146/97 142/94/97 143/89/97
f 124/151/98 120/150/98 137/53/98 145/95/98
f 126/146/99 124/151/99 145/95/99 142/94/99
f 125/153/100 127/147/100 143/89/100 141/88/100
f 123/155/101 140/14/101 139/17/101 122/156/101
f 119/159/102 144/20/102 137/53/102 120/150/102
f 122/156/103 139/17/103 144/20/103 119/159/103
f 121/161/104 138/11/104 140/14/104 123/155/104
f 240/162/105 247/163/105 154/164/105 151/165/105
f 218/166/106 220/143/106 154/164/106 152/167/106
f 219/168/107 218/166/107 152/167/107 153/169/107
f 213/142/108 214/170/108 147/171/108 151/165/108
f 239/172/109 146/173/109 150/174/109 244/175/109
f 215/176/110 148/177/110 150/174/110 217/77/110
f 216/178/111 149/179/111 148/177/111 215/176/111
f 212/76/112 146/173/112 147/171/112 214/170/112
f 159/180/113 164/181/113 166/182/113 160/183/113
f 160/183/114 166/182/114 165/184/114 158/185/114
f 177/186/115 161/187/115 163/188/115 178/189/115
f 178/189/116 163/188/116 162/190/116 176/191/116
f 161/187/117 167/192/117 169/193/117 163/188/117
f 163/188/118 169/193/118 168/194/118 162/190/118
f 167/192/119 170/195/119 172/196/119 169/193/119
f 169/193/120 172/196/120 171/197/120 168/194/120
f 164/181/121 155/198/121 157/199/121 166/182/121
f 166/182/122 157/199/122 156/200/122 165/184/122
f 174/201/123 159/180/123 160/183/123 175/202/123
f 175/202/124 160/183/124 158/185/124 173/203/124
f 170/195/125 174/201/125 175/202/125 172/196/125
f 172/196/126 175/202/126 173/203/126 171/197/126
f 155/198/127 177/186/127 178/189/127 157/199/127
f 157/199/128 178/189/128 176/191/128 156/200/128
f 183/204/129 188/205/129 190/206/129 184/207/129
f 184/207/130 190/206/130 189/208/130 182/209/130
f 201/210/131 185/211/131 187/212/131 202/213/131
f 202/213/132 187/212/132 186/214/132 200/215/132
f 185/211/133 191/216/133 193/217/133 187/212/133
f 187/212/134 193/217/134 192/218/134 186/214/134
f 191/216/135 194/219/135 196/220/135 193/217/135
f 193/217/136 196/220/136 195/221/136 192/218/136
f 188/205/137 179/222/137 181/223/137 190/206/137
f 190/206/138 181/223/138 180/224/138 189/208/138
f 198/225/139 183/204/139 184/207/139 199/226/139
f 199/226/140 184/207/140 182/209/140 197/227/140
f 194/219/141 198/225/141 199/226/141 196/220/141
f 196/220/142 199/226/142 197/227/142 195/221/142
f 179/222/143 201/210/143 202/213/143 181/223/143
f 181/223/144 202/213/144 200/215/144 180/224/144
f 53/56/145 156/200/145 176/191/145 37/39/145
f 52/61/146 165/184/146 156/200/146 53/56/146
f 155/198/147 47/228/147 46/229/147 177/186/147
f 164/181/148 48/230/148 47/228/148 155/198/148
f 36/36/149 173/203/149 158/185/149 54/37/149
f 159/180/150 49/231/150 48/230/150 164/181/150
f 54/37/151 158/185/151 165/184/151 52/61/151
f 174/201/152 45/232/152 49/231/152 159/180/152
f 177/186/153 46/229/153 42/233/153 161/187/153
f 17/31/154 162/190/154 168/194/154 15/29/154
f 161/187/155 42/233/155 43/234/155 167/192/155
f 37/39/156 176/191/156 162/190/156 17/31/156
f 15/29/157 168/194/157 171/197/157 13/30/157
f 167/192/158 43/234/158 44/235/158 170/195/158
f 13/30/159 171/197/159 173/203/159 36/36/159
f 170/195/160 44/235/160 45/232/160 174/201/160
f 109/123/161 93/116/161 201/210/161 179/222/161
f 189/208/162 180/224/162 103/236/162 104/237/162
f 108/128/163 109/123/163 179/222/163 188/205/163
f 180/224/164 200/215/164 102/238/164 103/236/164
f 92/114/165 110/113/165 183/204/165 198/225/165
f 110/113/166 108/128/166 188/205/166 183/204/166
f 197/227/167 182/209/167 105/239/167 101/240/167
f 182/209/168 189/208/168 104/237/168 105/239/168
f 200/215/169 186/214/169 98/241/169 102/238/169
f 80/108/170 78/107/170 191/216/170 185/211/170
f 93/116/171 80/108/171 185/211/171 201/210/171
f 186/214/172 192/218/172 99/242/172 98/241/172
f 78/107/173 76/106/173 194/219/173 191/216/173
f 192/218/174 195/221/174 100/243/174 99/242/174
f 76/106/175 92/114/175 198/225/175 194/219/175
f 195/221/176 197/227/176 101/240/176 100/243/176
f 29/26/177 206/160/177 208/154/177 9/27/177
f 34/22/178 207/157/178 203/158/178 8/23/178
f 8/23/179 203/158/179 205/149/179 28/42/179
f 9/27/180 208/154/180 207/157/180 34/22/180
f 86/105/181 72/104/181 211/144/181 209/152/181
f 90/101/182 71/100/182 204/148/182 210/145/182
f 71/100/183 28/42/183 205/149/183 204/148/183
f 72/104/184 90/101/184 210/145/184 211/144/184
f 7/19/185 212/76/185 214/170/185 26/52/185
f 27/12/186 216/178/186 215/176/186 39/13/186
f 39/13/187 215/176/187 217/77/187 33/18/187
f 70/96/188 26/52/188 214/170/188 213/142/188
f 85/91/189 95/90/189 218/166/189 219/168/189
f 95/90/190 89/97/190 220/143/190 218/166/190
f 151/165/191 154/164/191 220/143/191 213/142/191
f 146/173/192 212/76/192 217/77/192 150/174/192
f 237/44/193 228/244/193 224/245/193 233/75/193
f 238/119/194 236/140/194 227/246/194 229/247/194
f 245/248/195 247/163/195 227/246/195 225/249/195
f 246/250/196 245/248/196 225/249/196 226/251/196
f 240/162/197 241/252/197 221/253/197 229/247/197
f 242/254/198 222/255/198 224/245/198 244/175/198
f 243/256/199 223/257/199 222/255/199 242/254/199
f 239/172/200 228/244/200 221/253/200 241/252/200
f 94/120/201 118/141/201 236/140/201 238/119/201
f 38/45/202 237/44/202 233/75/202 63/74/202
f 225/249/203 227/246/203 236/140/203 234/125/203
f 226/251/204 225/249/204 234/125/204 235/124/204
f 229/247/205 221/253/205 230/47/205 238/119/205
f 222/255/206 231/60/206 233/75/206 224/245/206
f 223/257/207 232/57/207 231/60/207 222/255/207
f 228/244/208 237/44/208 230/47/208 221/253/208
f 146/173/209 239/172/209 241/252/209 147/171/209
f 149/179/210 243/256/210 242/254/210 148/177/210
f 148/177/211 242/254/211 244/175/211 150/174/211
f 151/165/212 147/171/212 241/252/212 240/162/212
f 153/169/213 152/167/213 245/248/213 246/250/213
f 152/167/214 154/164/214 247/163/214 245/248/214
f 228/244/215 239/172/215 244/175/215 224/245/215
f 229/247/216 227/246/216 247/163/216 240/162/216
f 280/258/217 258/259/217 255/260/217 271/261/217
f 279/262/218 257/263/218 252/264/218 275/265/218
f 278/266/219 256/267/219 257/263/219 279/262/219
f 277/268/220 254/269/220 256/267/220 278/266/220
f 271/261/221 255/260/221 254/269/221 277/268/221
f 276/270/222 270/271/222 249/272/222 253/273/222
f 274/274/223 275/265/223 252/264/223 251/275/223
f 273/276/224 274/274/224 251/275/224 250/277/224
f 272/278/225 273/276/225 250/277/225 248/279/225
f 270/271/226 272/278/226 248/279/226 249/272/226
f 58/65/227 57/64/227 56/69/227 62/280/227
f 258/259/228 267/137/228 269/129/228 255/260/228
f 257/263/229 266/136/229 262/70/229 252/264/229
f 256/267/230 265/134/230 266/136/230 257/263/230
f 254/269/231 264/132/231 265/134/231 256/267/231
f 255/260/232 269/129/232 264/132/232 254/269/232
f 253/273/233 249/272/233 268/62/233 263/72/233
f 251/275/234 252/264/234 262/70/234 261/68/234
f 250/277/235 251/275/235 261/68/235 260/66/235
f 248/279/236 250/277/236 260/66/236 259/63/236
f 249/272/237 248/279/237 259/63/237 268/62/237
f 20/5/238 4/8/238 272/278/238 270/271/238
f 4/8/239 31/1/239 273/276/239 272/278/239
f 31/1/240 3/4/240 274/274/240 273/276/240
f 3/4/241 21/55/241 275/265/241 274/274/241
f 19/6/242 20/5/242 270/271/242 276/270/242
f 82/82/243 271/261/243 277/268/243 67/83/243
f 67/83/244 277/268/244 278/266/244 87/78/244
f 87/78/245 278/266/245 279/262/245 66/79/245
f 66/79/246 279/262/246 275/265/246 21/55/246
f 81/85/247 280/258/247 271/261/247 82/82/247
o SheathWrap
v 0.011695 1.450767 0.067597
v -0.008909 1.304460 0.273057
v -0.110119 1.160994 0.265978
v -0.220155 1.071082 0.170298
v -0.143543 1.118548 0.265901
v -0.229200 1.058403 0.171696
v -0.254891 1.103006 0.107934
v -0.253220 1.164304 0.086409
v -0.254686 1.132260 0.097811
v -0.244118 1.064446 0.145866
v -0.209483 1.061775 0.198962
v 0.046736 1.382321 0.254664
v 0.060738 1.430028 0.190094
v -0.202226 1.073873 0.194298
v 0.035068 1.454617 0.096230
v -0.014758 1.443323 0.043012
v -0.237885 1.253199 0.065948
v -0.252266 1.079549 0.123781
v -0.009692 1.454702 0.035895
v -0.116963 1.377799 -0.007054
v -0.153957 1.342897 -0.015250
v -0.185100 1.307377 -0.005693
v -0.165374 1.102894 0.239691
v -0.078821 1.403064 0.011398
v -0.004704 1.304107 0.282320
v -0.241240 1.091731 0.127839
v -0.233853 1.077111 0.147439
v -0.188904 1.308968 -0.016785
v -0.247875 1.207305 0.079658
v -0.189249 1.073815 0.225983
v -0.168454 1.093205 0.248491
v 0.013562 1.332538 0.276450
v 0.064411 1.451829 0.156252
v 0.018248 1.462361 0.062902
v -0.231053 1.255187 0.074085
v 0.032237 1.357730 0.270429
v 0.054557 1.405649 0.225435
v -0.040610 1.438478 0.016231
v 0.025901 1.355572 0.260794
v 0.039289 1.378123 0.246111
v -0.043973 1.428169 0.024756
v -0.152272 1.339323 -0.005433
v 0.054771 1.441239 0.155170
v -0.116605 1.372237 0.002539
v -0.110014 1.154644 0.274969
v -0.245198 1.170471 0.093794
v -0.031942 1.264862 0.276359
v 0.046325 1.399267 0.219219
v -0.245972 1.140486 0.104617
v -0.070802 1.208968 0.274317
v -0.184125 1.084889 0.218568
v -0.240271 1.211235 0.087702
v -0.212114 1.282896 0.031194
v -0.077594 1.411117 0.002101
v 0.051149 1.420759 0.187092
v 0.050987 1.452949 0.125663
v 0.008427 1.331840 0.266805
v -0.142381 1.126427 0.256554
v -0.244816 1.113420 0.113709
v -0.028565 1.262990 0.285233
v -0.069396 1.204664 0.282735
v -0.217739 1.281831 0.020254
v 0.043342 1.466173 0.094061
v 0.060216 1.464319 0.125079
v -0.079217 1.402955 0.011444
v -0.220558 1.070932 0.170345
v -0.185496 1.307340 -0.005708
v -0.212540 1.282875 0.031277
v -0.154331 1.342844 -0.015266
v 0.060296 1.429876 0.190105
v -0.229614 1.058234 0.171740
v -0.252687 1.079375 0.123790
v -0.255072 1.132117 0.097774
v -0.253601 1.164174 0.086358
v -0.142711 1.126342 0.256615
v 0.008097 1.331845 0.266738
v -0.152647 1.339270 -0.005447
v -0.168765 1.093095 0.248562
v 0.013220 1.332544 0.276369
v -0.077992 1.410996 0.002147
v -0.117341 1.377717 -0.007024
v -0.245575 1.170348 0.093741
v -0.234265 1.076956 0.147466
v -0.110495 1.160867 0.266026
v 0.045946 1.399205 0.219186
v -0.218162 1.281799 0.020308
v -0.189298 1.308922 -0.016828
v -0.248272 1.207156 0.079536
v -0.209866 1.061621 0.199023
v 0.042914 1.466007 0.094109
v -0.202583 1.073741 0.194353
v 0.025541 1.355570 0.260697
v 0.038926 1.378098 0.246041
v -0.245206 1.113278 0.113689
v -0.009223 1.304427 0.273045
v 0.050737 1.420640 0.187103
v -0.246344 1.140357 0.104576
v -0.238294 1.253103 0.065910
v -0.110387 1.154514 0.275028
v 0.031862 1.357723 0.270321
v -0.040986 1.438358 0.016305
v 0.054351 1.441097 0.155198
v 0.011299 1.450634 0.067667
v -0.116983 1.372162 0.002568
v -0.255304 1.102843 0.107923
v -0.244543 1.064270 0.145893
v 0.046350 1.382277 0.254588
v 0.059793 1.464157 0.125122
v 0.017835 1.462210 0.062971
v -0.010073 1.454575 0.035976
v -0.241650 1.091578 0.127845
v -0.071221 1.208786 0.274330
v -0.032301 1.264724 0.276373
v -0.189584 1.073683 0.226051
v -0.069814 1.204485 0.282746
v 0.063983 1.451668 0.156285
v -0.184444 1.084774 0.218629
v 0.050565 1.452794 0.125704
v 0.034640 1.454461 0.096275
v 0.054153 1.405561 0.225395
v -0.044341 1.428060 0.024823
v -0.015128 1.443209 0.043090
v -0.165677 1.102799 0.239753
v -0.240668 1.211094 0.087589
v -0.231462 1.255091 0.074053
v -0.005022 1.304078 0.282299
v -0.028927 1.262855 0.285240
v -0.143875 1.118463 0.265963
v 0.044961 1.401712 0.219561
v 0.053282 1.408093 0.225726
v 0.059822 1.432961 0.190306
v 0.050134 1.423674 0.187320
v -0.186410 1.310249 -0.005578
v -0.153650 1.342281 -0.005330
v -0.117947 1.375116 0.002525
v -0.080158 1.406115 0.011398
v -0.045284 1.431314 0.024765
v -0.016005 1.446482 0.043048
v 0.010463 1.453833 0.067739
v 0.033955 1.457599 0.096516
v 0.050005 1.455925 0.126001
v 0.053908 1.444250 0.155513
v 0.037801 1.380441 0.246545
v 0.024483 1.357870 0.261422
v 0.006846 1.334188 0.267253
v -0.010594 1.307051 0.273265
v -0.033447 1.267987 0.276542
v -0.071985 1.212265 0.274574
v -0.111488 1.164037 0.265999
v -0.143862 1.129326 0.256389
v -0.166800 1.105928 0.239402
v -0.185409 1.088069 0.218246
v -0.203412 1.077072 0.194073
v -0.221385 1.074176 0.170257
v -0.235109 1.080053 0.147585
v -0.242811 1.094444 0.128251
v -0.246124 1.114898 0.114104
v -0.246770 1.140991 0.104788
v -0.246965 1.172879 0.094596
v -0.241756 1.214167 0.088952
v -0.232329 1.258023 0.074444
v -0.213273 1.285391 0.030777
v -0.253739 1.082188 0.124125
v 0.045303 1.384577 0.255058
v -0.255662 1.103517 0.108072
v 0.030872 1.359916 0.271002
v -0.256050 1.133673 0.098263
v 0.012063 1.334695 0.276837
v -0.155137 1.345208 -0.015222
v -0.255023 1.166776 0.087155
v -0.006251 1.306361 0.282483
v -0.118239 1.380527 -0.007119
v -0.249358 1.210286 0.080890
v -0.029920 1.265623 0.285380
v -0.078852 1.414009 0.002049
v -0.239134 1.255958 0.066264
v -0.070504 1.207539 0.282908
v -0.041819 1.441520 0.016163
v -0.190018 1.311139 -0.016649
v -0.218863 1.284178 0.019844
v -0.111322 1.157468 0.274877
v -0.010862 1.457812 0.035870
v -0.144961 1.121362 0.265672
v 0.017105 1.465445 0.063000
v -0.169777 1.096254 0.248108
v 0.042237 1.469130 0.094307
v -0.190405 1.077027 0.225591
v 0.059239 1.467262 0.125392
v -0.210522 1.065025 0.198681
v 0.063578 1.454836 0.156560
v -0.245317 1.067328 0.145970
v -0.230379 1.061479 0.171643
v -0.255491 1.132768 0.097978
v -0.247347 1.141888 0.105089
v -0.245639 1.114025 0.113879
v -0.256129 1.104432 0.108278
vn 0.7605 -0.5692 -0.3125
vn 0.7609 -0.3322 -0.5574
vn 0.7178 -0.6091 -0.3373
vn 0.7609 -0.5152 -0.3944
vn 0.6805 -0.4525 -0.5763
vn 0.6955 -0.5659 -0.4427
vn 0.6306 -0.6159 -0.4722
vn 0.7144 -0.6280 -0.3085
vn 0.7124 -0.6236 -0.3219
vn 0.5701 -0.7836 -0.2469
vn 0.6727 -0.3429 -0.6556
vn 0.6783 -0.5132 -0.5259
vn 0.7425 -0.5407 -0.3953
vn 0.7107 -0.6268 -0.3195
vn 0.7129 -0.6285 -0.3110
vn 0.6265 -0.6012 -0.4960
vn 0.7163 -0.6118 -0.3356
vn 0.4822 -0.8462 -0.2266
vn 0.6603 -0.6702 -0.3389
vn 0.7210 -0.5670 -0.3984
vn 0.7421 -0.2497 -0.6220
vn 0.6389 -0.5819 -0.5032
vn 0.7492 -0.5561 -0.3599
vn 0.7795 -0.5312 -0.3320
vn 0.6764 -0.6364 -0.3707
vn 0.6722 -0.5705 -0.4718
vn 0.7491 -0.1892 -0.6349
vn 0.8027 -0.5303 -0.2730
vn 0.7839 -0.4853 -0.3872
vn 0.6992 -0.5834 -0.4133
vn 0.6339 -0.6409 -0.4328
vn 0.6861 -0.2245 -0.6920
vn -0.8661 -0.2101 0.4536
vn -0.8641 -0.2110 0.4570
vn -0.7932 -0.1302 0.5949
vn -0.7436 -0.2101 0.6347
vn -0.7758 -0.0957 0.6237
vn -0.6447 -0.1741 0.7444
vn -0.6910 -0.0940 0.7167
vn -0.4804 -0.1205 0.8687
vn -0.5210 -0.0759 0.8502
vn -0.3091 -0.0754 0.9480
vn 0.8173 0.2505 0.5189
vn -0.2495 -0.0131 0.9683
vn -0.1928 -0.0457 0.9802
vn 0.7499 0.0515 0.6596
vn -0.1419 -0.0402 0.9891
vn -0.1594 -0.0648 0.9851
vn 0.6902 0.0189 0.7234
vn 0.0094 -0.0491 0.9987
vn 0.0250 -0.0336 0.9991
vn 0.7408 0.2099 0.6380
vn 0.1315 -0.0057 0.9913
vn 0.8830 0.3522 0.3103
vn 0.2846 0.0121 0.9586
vn 0.9377 0.3258 -0.1205
vn 0.3743 -0.0599 0.9254
vn 0.8592 0.2286 -0.4577
vn 0.6506 0.1021 0.7525
vn -0.7084 -0.2266 -0.6685
vn 0.7794 0.1623 -0.6052
vn 0.8558 0.2661 0.4436
vn 0.7159 0.2496 0.6521
vn 0.7612 0.1427 -0.6327
vn -0.7632 0.5637 0.3158
vn -0.7612 0.3456 0.5487
vn -0.1975 -0.3225 0.9258
vn -0.7157 0.6103 0.3396
vn -0.7501 0.5048 0.4272
vn -0.6819 0.4432 0.5818
vn -0.6964 0.5615 0.4469
vn -0.6325 0.6230 0.4601
vn -0.7094 0.6320 0.3119
vn -0.7098 0.6257 0.3236
vn -0.5713 0.7861 0.2357
vn -0.7096 0.3522 0.6103
vn -0.6804 0.5092 0.5269
vn -0.7365 0.5311 0.4189
vn -0.7058 0.6282 0.3273
vn -0.7090 0.6314 0.3142
vn -0.6257 0.6081 0.4886
vn -0.7099 0.6121 0.3484
vn -0.5124 0.8347 0.2019
vn -0.6730 0.6814 0.2877
vn -0.7186 0.5605 0.4116
vn -0.7115 0.2271 0.6650
vn -0.6372 0.5868 0.4996
vn -0.7386 0.5561 0.3810
vn -0.7798 0.5261 0.3392
vn -0.6825 0.6477 0.3386
vn -0.6701 0.5736 0.4712
vn -0.7485 0.1854 0.6367
vn -0.8048 0.5247 0.2775
vn -0.7707 0.4816 0.4174
vn -0.6971 0.5850 0.4146
vn -0.6379 0.6463 0.4187
vn 0.2505 0.4455 -0.8595
vn -0.6911 0.2206 0.6883
vn -0.2569 -0.4399 0.8605
vn 0.1871 0.3317 -0.9247
vn -0.9845 -0.1634 0.0636
vn -0.9414 -0.3031 0.1482
vn -0.9676 -0.1459 -0.2062
vn -0.8936 -0.3171 -0.3179
vn 0.6891 0.2553 0.6782
vn -0.9248 -0.2332 -0.3006
vn -0.7133 -0.2044 -0.6704
vn -0.0035 0.0475 -0.9989
vn -0.8463 -0.2869 -0.4488
vn -0.6818 -0.0239 -0.7311
vn 0.1727 0.0473 -0.9838
vn -0.6508 -0.1069 -0.7517
vn -0.7375 -0.0452 -0.6738
vn 0.2034 0.0289 -0.9787
vn -0.3853 0.0544 -0.9212
vn -0.8190 -0.2521 -0.5155
vn 0.3226 0.0517 -0.9451
vn -0.3053 -0.0205 -0.9520
vn -0.6648 -0.2493 -0.7042
vn 0.4993 0.0931 -0.8614
vn -0.1466 0.0026 -0.9892
vn 0.6670 0.1477 -0.7303
vn -0.0259 0.0538 -0.9982
vn 0.7540 0.1892 -0.6290
vn 0.1305 0.0667 -0.9892
vn 0.8642 0.2054 -0.4593
vn 0.2391 0.0434 -0.9700
vn 0.9850 0.1569 -0.0721
vn 0.5139 0.1109 -0.8507
vn 0.9747 0.1228 0.1867
vn 0.6805 0.1390 -0.7195
vn 0.9329 0.1947 0.3028
vn 0.0715 -0.8307 -0.5520
vn 0.1241 -0.8640 -0.4879
vn 0.2788 -0.3292 -0.9022
vn 0.2756 -0.1832 -0.9437
vn 0.2245 -0.3359 -0.9147
vn 0.1800 -0.3231 -0.9291
vn 0.2171 -0.5298 -0.8198
vn 0.2802 -0.7412 -0.6100
vn 0.3221 -0.8636 -0.3878
vn 0.3562 -0.9234 -0.1430
vn 0.3860 -0.9149 0.1185
vn 0.3943 -0.8442 0.3630
vn 0.3438 -0.7371 0.5818
vn 0.2876 -0.4760 0.8311
vn 0.2020 -0.3079 0.9297
vn 0.0538 -0.0803 0.9953
vn -0.0446 0.0966 0.9943
vn -0.1559 0.2956 0.9425
vn -0.2363 0.3885 0.8906
vn -0.2258 0.6165 0.7543
vn -0.2176 0.7905 0.5725
vn -0.2487 0.8172 0.5200
vn -0.2693 0.8226 0.5007
vn -0.2965 0.8721 0.3893
vn -0.3274 0.9157 0.2329
vn -0.3283 0.9324 0.1510
vn -0.3189 0.9458 0.0617
vn -0.3424 0.9145 -0.2156
vn -0.3212 0.7398 -0.5912
vn -0.2087 0.4810 -0.8515
vn -0.0710 0.2995 -0.9514
vn 0.0804 -0.0374 -0.9961
vn -0.0141 0.8383 0.5450
vn -0.0876 0.8533 0.5140
vn -0.2602 0.3342 0.9059
vn -0.2624 0.1742 0.9491
vn -0.2272 0.3359 0.9141
vn -0.1832 0.3063 0.9341
vn -0.2034 0.5111 0.8351
vn -0.2463 0.7302 0.6373
vn -0.2889 0.8688 0.4021
vn -0.3296 0.9340 0.1377
vn -0.3619 0.9204 -0.1480
vn -0.3637 0.8431 -0.3962
vn -0.3258 0.7399 -0.5886
vn -0.2740 0.4825 -0.8320
vn -0.1948 0.3206 -0.9270
vn -0.0687 0.0841 -0.9941
vn 0.0183 -0.0941 -0.9954
vn 0.1274 -0.2974 -0.9462
vn 0.2115 -0.3839 -0.8988
vn 0.2001 -0.6152 -0.7626
vn 0.1749 -0.7957 -0.5798
vn 0.2037 -0.8278 -0.5228
vn 0.2367 -0.8298 -0.5053
vn 0.2789 -0.8798 -0.3849
vn 0.3149 -0.9226 -0.2229
vn 0.3130 -0.9410 -0.1289
vn 0.3001 -0.9533 -0.0346
vn 0.3230 -0.9149 0.2422
vn 0.2995 -0.7380 0.6047
vn 0.1985 -0.4880 0.8500
vn 0.0705 -0.3070 0.9491
vn -0.0433 0.0363 0.9984
vt 0.353848 0.030627
vt 0.355036 0.018179
vt 0.394609 0.017817
vt 0.390281 0.029370
vt 0.277767 0.297511
vt 0.267903 0.295080
vt 0.268383 0.245350
vt 0.278647 0.242556
vt 0.612203 0.508125
vt 0.619695 0.518251
vt 0.584423 0.543019
vt 0.580696 0.531130
vt 0.558087 0.137803
vt 0.566374 0.132581
vt 0.603400 0.179369
vt 0.595766 0.185334
vt 0.292229 0.076533
vt 0.279281 0.072538
vt 0.297847 0.047646
vt 0.306647 0.056055
vt 0.325583 0.040231
vt 0.322193 0.028835
vt 0.424909 0.555170
vt 0.419659 0.564836
vt 0.376002 0.546473
vt 0.383593 0.538664
vt 0.674115 0.392542
vt 0.685152 0.392717
vt 0.673389 0.440355
vt 0.662477 0.435684
vt 0.640851 0.475130
vt 0.650889 0.483034
vt 0.272672 0.365258
vt 0.262666 0.358800
vt 0.278880 0.104510
vt 0.265102 0.104775
vt 0.516633 0.093982
vt 0.525552 0.088542
vt 0.672657 0.340489
vt 0.682796 0.336797
vt 0.460148 0.559557
vt 0.458186 0.570996
vt 0.655426 0.284221
vt 0.664164 0.278261
vt 0.275817 0.421766
vt 0.266734 0.421252
vt 0.297991 0.466259
vt 0.289345 0.470327
vt 0.471529 0.058542
vt 0.480236 0.051486
vt 0.275082 0.189932
vt 0.264593 0.194645
vt 0.260771 0.148384
vt 0.272801 0.143379
vt 0.498508 0.557549
vt 0.498413 0.570016
vt 0.629035 0.233619
vt 0.636642 0.227062
vt 0.429282 0.037812
vt 0.436426 0.028468
vt 0.338385 0.507325
vt 0.329845 0.513703
vt 0.541756 0.547987
vt 0.542635 0.560671
vt 0.272973 0.143731
vt 0.260429 0.147845
vt 0.265210 0.106364
vt 0.279060 0.103451
vt 0.000120 0.001123
vt 0.000126 0.001121
vt 0.000161 0.001180
vt 0.000155 0.001181
vt 0.587322 0.548739
vt 0.588680 0.552055
vt 0.543766 0.565770
vt 0.542988 0.562542
vt 0.000102 0.001050
vt 0.000108 0.001048
vt 0.498986 0.573526
vt 0.498474 0.570283
vt 0.000102 0.000966
vt 0.000109 0.000965
vt 0.458379 0.576729
vt 0.458126 0.573307
vt 0.000122 0.000879
vt 0.000128 0.000878
vt 0.418715 0.569856
vt 0.418832 0.566458
vt 0.000158 0.000780
vt 0.000165 0.000779
vt 0.374737 0.550058
vt 0.375178 0.546772
vt 0.261274 0.358812
vt 0.258957 0.360395
vt 0.266801 0.297307
vt 0.268903 0.295723
vt 0.000209 0.000665
vt 0.000215 0.000665
vt 0.328774 0.516755
vt 0.329572 0.513673
vt 0.264446 0.247901
vt 0.266668 0.245203
vt 0.000269 0.000548
vt 0.000275 0.000547
vt 0.288037 0.473920
vt 0.289299 0.470842
vt 0.259487 0.196839
vt 0.261552 0.194227
vt 0.000334 0.000432
vt 0.000340 0.000431
vt 0.261024 0.424172
vt 0.263373 0.421965
vt 0.260086 0.148521
vt 0.260461 0.147808
vt 0.000397 0.000320
vt 0.000403 0.000319
vt 0.265409 0.105609
vt 0.264902 0.105953
vt 0.274972 0.073332
vt 0.278257 0.072335
vt 0.000461 0.000212
vt 0.000468 0.000211
vt 0.292964 0.045517
vt 0.296196 0.046342
vt 0.000532 0.000103
vt 0.000539 0.000102
vt 0.319783 0.025794
vt 0.321841 0.028328
vt 0.056150 0.954527
vt 0.059841 0.955273
vt 0.003973 0.999899
vt 0.000102 0.999368
vt 0.000270 0.001263
vt 0.000269 0.001257
vt 0.000350 0.001157
vt 0.000350 0.001160
vt 0.354533 0.015356
vt 0.354910 0.018631
vt 0.102820 0.913375
vt 0.106321 0.914226
vt 0.261182 0.146997
vt 0.260801 0.147523
vt 0.263957 0.107027
vt 0.264486 0.106208
vt 0.395051 0.014128
vt 0.393868 0.017339
vt 0.348262 0.001800
vt 0.392674 0.000101
vt 0.256876 0.299037
vt 0.254034 0.246244
vt 0.264323 0.106203
vt 0.251377 0.099893
vt 0.251800 0.097743
vt 0.635212 0.532770
vt 0.598078 0.563102
vt 0.624042 0.523877
vt 0.576872 0.122988
vt 0.615520 0.172154
vt 0.607475 0.178157
vt 0.570321 0.130864
vt 0.262029 0.063129
vt 0.281157 0.034245
vt 0.310076 0.013371
vt 0.417931 0.582208
vt 0.371740 0.561283
vt 0.702186 0.396953
vt 0.689428 0.447539
vt 0.676794 0.443111
vt 0.689595 0.394665
vt 0.665558 0.492958
vt 0.653336 0.486007
vt 0.248104 0.366345
vt 0.252554 0.097107
vt 0.534178 0.076416
vt 0.529118 0.086331
vt 0.698259 0.337617
vt 0.686382 0.337755
vt 0.459310 0.589631
vt 0.679000 0.276181
vt 0.668019 0.278445
vt 0.251485 0.430173
vt 0.280647 0.481147
vt 0.486506 0.036374
vt 0.483282 0.048278
vt 0.248255 0.193251
vt 0.248104 0.144039
vt 0.502351 0.586328
vt 0.650352 0.222261
vt 0.640735 0.226367
vt 0.438891 0.011007
vt 0.438322 0.024383
vt 0.323390 0.526411
vt 0.549949 0.577886
vt 0.248419 0.141787
vt 0.249102 0.141017
vt 0.260290 0.147805
vt 0.622335 0.520867
vt 0.000211 0.001225
vt 0.000205 0.001226
vt 0.651728 0.483165
vt 0.000271 0.001262
vt 0.674918 0.440573
vt 0.000352 0.001162
vt 0.002919 0.001069
vt 0.048386 0.040567
vt 0.044199 0.040531
vt 0.184498 0.299532
vt 0.187475 0.300275
vt 0.210143 0.369676
vt 0.207039 0.368900
vt 0.687207 0.392394
vt 0.102844 0.082061
vt 0.098171 0.082264
vt 0.228375 0.441583
vt 0.224855 0.440686
vt 0.683555 0.335887
vt 0.153213 0.132823
vt 0.149385 0.132221
vt 0.241160 0.510968
vt 0.237555 0.510041
vt 0.664876 0.277348
vt 0.173087 0.220154
vt 0.169991 0.218706
vt 0.247901 0.571120
vt 0.244249 0.570214
vt 0.637536 0.225991
vt 0.246026 0.621324
vt 0.242335 0.620351
vt 0.604159 0.178122
vt 0.235541 0.671315
vt 0.231839 0.670248
vt 0.566965 0.131154
vt 0.221589 0.725312
vt 0.218053 0.724316
vt 0.525805 0.087153
vt 0.204829 0.778056
vt 0.201393 0.777039
vt 0.480220 0.049890
vt 0.181154 0.824647
vt 0.177632 0.823660
vt 0.435921 0.026921
vt 0.147209 0.870365
vt 0.143562 0.869534
vt 0.273020 0.421967
vt 0.271891 0.363099
vt 0.272061 0.362660
vt 0.272819 0.421727
vt 0.281498 0.296600
vt 0.282215 0.296379
vt 0.279895 0.242182
vt 0.280333 0.241967
vt 0.274712 0.190345
vt 0.274956 0.190248
vt 0.274563 0.145207
vt 0.275055 0.145288
vt 0.278537 0.106421
vt 0.278824 0.106666
vt 0.289253 0.076788
vt 0.289213 0.076936
vt 0.304350 0.054490
vt 0.304270 0.054568
vt 0.325389 0.037596
vt 0.325354 0.037619
vt 0.355582 0.029452
vt 0.355602 0.029610
vt 0.392005 0.028983
vt 0.391942 0.029133
vt 0.430702 0.038188
vt 0.430549 0.038309
vt 0.472431 0.059546
vt 0.472167 0.059617
vt 0.516713 0.095193
vt 0.516349 0.095187
vt 0.557694 0.138807
vt 0.557294 0.138736
vt 0.594886 0.186183
vt 0.594439 0.186089
vt 0.628320 0.233829
vt 0.627895 0.233667
vt 0.654916 0.283925
vt 0.654527 0.283684
vt 0.672534 0.339865
vt 0.672210 0.339581
vt 0.675044 0.392634
vt 0.674869 0.392445
vt 0.662500 0.436412
vt 0.662222 0.436299
vt 0.639823 0.475111
vt 0.639424 0.474887
vt 0.611366 0.507703
vt 0.611011 0.507425
vt 0.579655 0.530618
vt 0.579280 0.530331
vt 0.540597 0.546008
vt 0.540216 0.545541
vt 0.498583 0.556048
vt 0.498379 0.555639
vt 0.460573 0.560213
vt 0.460437 0.560064
vt 0.424390 0.555630
vt 0.424148 0.555453
vt 0.383129 0.537979
vt 0.382874 0.537624
vt 0.339120 0.506706
vt 0.339052 0.506326
vt 0.298919 0.466993
vt 0.298956 0.466752
vt 0.262092 0.359110
vt 0.265237 0.421872
vt 0.264768 0.421672
vt 0.261779 0.358824
vt 0.268537 0.295640
vt 0.268326 0.295489
vt 0.267690 0.245492
vt 0.267292 0.245314
vt 0.263241 0.194631
vt 0.262768 0.194463
vt 0.260796 0.148010
vt 0.260485 0.147825
vt 0.265205 0.105968
vt 0.264881 0.105789
vt 0.278888 0.072631
vt 0.278527 0.072391
vt 0.297129 0.047165
vt 0.296734 0.046867
vt 0.322108 0.028744
vt 0.321793 0.028477
vt 0.355013 0.018554
vt 0.354763 0.018328
vt 0.394237 0.017705
vt 0.394006 0.017415
vt 0.436153 0.027798
vt 0.435966 0.027437
vt 0.480200 0.050779
vt 0.480048 0.050381
vt 0.525641 0.087924
vt 0.525526 0.087515
vt 0.566622 0.131934
vt 0.566565 0.131519
vt 0.603718 0.178811
vt 0.603714 0.178400
vt 0.637004 0.226590
vt 0.637074 0.226184
vt 0.664409 0.277852
vt 0.664550 0.277460
vt 0.683029 0.336346
vt 0.683297 0.336024
vt 0.686024 0.392475
vt 0.686450 0.392369
vt 0.674022 0.440301
vt 0.674431 0.440413
vt 0.651223 0.482881
vt 0.651558 0.483118
vt 0.620994 0.519308
vt 0.621341 0.519778
vt 0.585948 0.545622
vt 0.586138 0.546323
vt 0.542977 0.561378
vt 0.542877 0.561860
vt 0.498637 0.569977
vt 0.498472 0.570294
vt 0.458377 0.572041
vt 0.458141 0.572385
vt 0.419514 0.565628
vt 0.419149 0.565811
vt 0.375908 0.546712
vt 0.375467 0.546678
vt 0.330016 0.513852
vt 0.329620 0.513715
vt 0.289581 0.470804
vt 0.289244 0.470631
s 0
usemtl SheathWrap
f 291/281/248 294/282/248 331/283/248 310/284/248
f 297/285/249 315/286/249 332/287/249 309/288/249
f 313/289/250 323/290/250 336/291/250 344/292/250
f 341/293/251 330/294/251 327/295/251 340/296/251
f 298/297/252 306/298/252 307/299/252 290/300/252
f 286/301/253 284/302/253 294/282/253 291/281/253
f 318/303/254 321/304/254 304/305/254 334/306/254
f 292/307/255 320/308/255 328/309/255 317/310/255
f 293/311/256 335/312/256 323/290/256 313/289/256
f 342/313/257 333/314/257 315/286/257 297/285/257
f 287/315/258 339/316/258 306/298/258 298/297/258
f 290/300/259 307/299/259 284/302/259 286/301/259
f 325/317/260 283/318/260 330/294/260 341/293/260
f 316/319/261 319/320/261 320/308/261 292/307/261
f 317/310/262 328/309/262 335/312/262 293/311/262
f 299/321/263 296/322/263 321/304/263 318/303/263
f 312/323/264 337/324/264 319/320/264 316/319/264
f 308/325/265 302/326/265 333/314/265 342/313/265
f 301/327/266 322/328/266 302/326/266 308/325/266
f 285/329/267 338/330/267 283/318/267 325/317/267
f 288/331/268 326/332/268 329/333/268 289/334/268
f 314/335/269 281/336/269 296/322/269 299/321/269
f 305/337/270 282/338/270 337/324/270 312/323/270
f 311/339/271 303/340/271 338/330/271 285/329/271
f 300/341/272 324/342/272 322/328/272 301/327/272
f 343/343/273 295/344/273 281/336/273 314/335/273
f 309/288/274 332/287/274 326/332/274 288/331/274
f 310/284/275 331/283/275 303/340/275 311/339/275
f 340/296/276 327/295/276 282/338/276 305/337/276
f 344/292/277 336/291/277 295/344/277 343/343/277
f 334/306/278 304/305/278 324/342/278 300/341/278
f 289/345/279 329/346/279 339/347/279 287/348/279
f 351/349/280 472/350/280 471/351/280 386/352/280
f 398/353/281 421/354/281 420/355/281 399/356/281
f 369/357/282 469/358/282 472/350/282 351/349/282
f 399/356/283 420/355/283 419/359/283 383/360/283
f 394/361/284 467/362/284 469/358/284 369/357/284
f 383/360/285 419/359/285 418/363/285 402/364/285
f 358/365/286 465/366/286 467/362/286 394/361/286
f 402/364/287 418/363/287 417/367/287 401/368/287
f 408/369/288 463/370/288 465/366/288 358/365/288
f 401/368/289 417/367/289 416/371/289 345/372/289
f 348/373/290 442/374/290 441/375/290 405/376/290
f 379/377/291 461/378/291 463/370/291 408/369/291
f 345/372/292 416/371/292 415/379/292 384/380/292
f 405/376/293 441/375/293 440/381/293 404/382/293
f 395/383/294 457/384/294 461/378/294 379/377/294
f 384/380/295 415/379/295 414/385/295 357/386/295
f 404/382/296 440/381/296 439/387/296 362/388/296
f 407/389/297 454/390/297 457/384/297 395/383/297
f 357/386/298 414/385/298 413/391/298 347/392/298
f 362/388/299 439/387/299 438/393/299 377/394/299
f 406/395/300 451/396/300 454/390/300 407/389/300
f 374/397/301 437/398/301 436/399/301 391/400/301
f 359/401/302 448/402/302 451/396/302 406/395/302
f 391/400/303 436/399/303 435/403/303 363/404/303
f 380/405/304 446/406/304 448/402/304 359/401/304
f 363/404/305 435/403/305 434/407/305 346/408/305
f 387/409/306 444/410/306 446/411/306 380/412/306
f 385/413/307 476/414/307 473/415/307 353/416/307
f 346/408/308 434/407/308 433/417/308 371/418/308
f 400/419/309 410/420/309 444/410/309 387/409/309
f 377/421/310 474/422/310 475/423/310 374/424/310
f 371/418/311 433/417/311 432/425/311 397/426/311
f 469/427/312 467/428/312 432/425/312 433/417/312
f 456/429/313 453/430/313 440/381/313 441/375/313
f 374/431/314 475/423/314 476/432/314 385/433/314
f 470/434/315 468/435/315 421/354/315 422/436/315
f 457/437/316 454/438/316 427/439/316 428/440/316
f 443/441/317 471/442/317 435/403/317 436/399/317
f 472/443/318 469/427/318 433/417/318 434/407/318
f 458/444/319 455/445/319 416/371/319 417/367/319
f 444/446/320 410/447/320 409/448/320 423/449/320
f 411/450/321 470/434/321 422/436/321 412/451/321
f 460/452/322 456/429/322 441/375/322 442/374/322
f 445/453/323 443/441/323 436/399/323 437/398/323
f 471/442/324 472/443/324 434/407/324 435/403/324
f 461/454/325 457/437/325 428/440/325 429/455/325
f 446/456/326 444/446/326 423/449/326 424/457/326
f 410/447/327 411/450/327 412/451/327 409/448/327
f 462/458/328 458/444/328 417/367/328 418/363/328
f 448/459/329 446/456/329 424/457/329 425/460/329
f 459/461/330 460/452/330 442/374/330 413/391/330
f 449/462/331 459/461/331 413/391/331 414/385/331
f 463/463/332 461/454/332 429/455/332 430/464/332
f 450/465/333 447/466/333 438/393/333 439/387/333
f 464/467/334 462/458/334 418/363/334 419/359/334
f 451/468/335 448/459/335 425/460/335 426/469/335
f 465/470/336 463/463/336 430/464/336 431/471/336
f 452/472/337 449/462/337 414/385/337 415/379/337
f 466/473/338 464/467/338 419/359/338 420/355/338
f 453/430/339 450/465/339 439/387/339 440/381/339
f 467/428/340 465/470/340 431/471/340 432/425/340
f 454/438/341 451/468/341 426/469/341 427/439/341
f 468/435/342 466/473/342 420/355/342 421/354/342
f 455/445/343 452/472/343 415/379/343 416/371/343
f 353/474/344 473/475/344 474/422/344 377/476/344
f 473/475/345 476/432/345 475/423/345 474/422/345
f 447/466/346 353/474/346 377/476/346 438/393/346
f 437/398/347 374/431/347 385/433/347 445/453/347
f 382/477/348 422/436/348 421/354/348 398/353/348
f 386/352/349 471/351/349 443/478/349 352/479/349
f 376/480/350 412/451/350 422/436/350 382/477/350
f 352/479/351 443/478/351 445/481/351 385/413/351
f 347/392/352 413/391/352 442/374/352 348/373/352
f 365/482/353 409/448/353 412/451/353 376/480/353
f 353/483/354 447/484/354 450/485/354 354/486/354
f 367/487/355 459/488/355 449/489/355 349/490/355
f 373/491/356 423/449/356 409/448/356 365/482/356
f 354/486/357 450/485/357 453/492/357 368/493/357
f 349/490/358 449/489/358 452/494/358 361/495/358
f 372/496/359 424/457/359 423/449/359 373/491/359
f 368/493/360 453/492/360 456/497/360 378/498/360
f 361/495/361 452/494/361 455/499/361 360/500/361
f 356/501/362 425/460/362 424/457/362 372/496/362
f 378/498/363 456/497/363 460/502/363 366/503/363
f 360/500/364 455/499/364 458/504/364 381/505/364
f 375/506/365 426/469/365 425/460/365 356/501/365
f 366/503/366 460/502/366 459/488/366 367/487/366
f 381/505/367 458/504/367 462/507/367 390/508/367
f 393/509/368 427/439/368 426/469/368 375/506/368
f 390/508/369 462/507/369 464/510/369 389/511/369
f 392/512/370 428/440/370 427/439/370 393/509/370
f 389/511/371 464/510/371 466/513/371 370/514/371
f 364/515/372 429/455/372 428/440/372 392/512/372
f 370/514/373 466/513/373 468/516/373 388/517/373
f 355/518/374 430/464/374 429/455/374 364/515/374
f 388/517/375 468/516/375 470/519/375 396/520/375
f 403/521/376 431/471/376 430/464/376 355/518/376
f 396/520/377 470/519/377 411/522/377 350/523/377
f 397/426/378 432/425/378 431/471/378 403/521/378
f 350/523/379 411/522/379 410/420/379 400/419/379
f 308/524/380 342/525/380 366/526/380 367/527/380
f 342/525/381 297/528/381 378/529/381 366/526/381
f 297/528/382 309/530/382 368/531/382 378/529/382
f 309/530/383 288/532/383 354/533/383 368/531/383
f 288/532/384 289/534/384 353/535/384 354/533/384
f 289/534/385 287/536/385 385/537/385 353/535/385
f 287/536/386 298/538/386 352/539/386 385/537/386
f 298/538/387 290/540/387 386/541/387 352/539/387
f 290/540/388 286/542/388 351/543/388 386/541/388
f 286/542/389 291/544/389 369/545/389 351/543/389
f 291/544/390 310/546/390 394/547/390 369/545/390
f 310/546/391 311/548/391 358/549/391 394/547/391
f 311/548/392 285/550/392 408/551/392 358/549/392
f 285/550/393 325/552/393 379/553/393 408/551/393
f 325/552/394 341/554/394 395/555/394 379/553/394
f 341/554/395 340/556/395 407/557/395 395/555/395
f 340/556/396 305/558/396 406/559/396 407/557/396
f 305/558/397 312/560/397 359/561/397 406/559/397
f 312/560/398 316/562/398 380/563/398 359/561/398
f 316/562/399 292/564/399 387/565/399 380/563/399
f 292/564/400 317/566/400 400/567/400 387/565/400
f 317/566/401 293/568/401 350/569/401 400/567/401
f 293/568/402 313/570/402 396/571/402 350/569/402
f 313/570/403 344/572/403 388/573/403 396/571/403
f 344/572/404 343/574/404 370/575/404 388/573/404
f 343/574/405 314/576/405 389/577/405 370/575/405
f 314/576/406 299/578/406 390/579/406 389/577/406
f 299/578/407 318/580/407 381/581/407 390/579/407
f 318/580/408 334/582/408 360/583/408 381/581/408
f 334/582/409 300/584/409 361/585/409 360/583/409
f 300/584/410 301/586/410 349/587/410 361/585/410
f 301/586/411 308/524/411 367/527/411 349/587/411
f 333/588/412 302/589/412 347/590/412 348/591/412
f 315/592/413 333/588/413 348/591/413 405/593/413
f 332/594/414 315/592/414 405/593/414 404/595/414
f 326/596/415 332/594/415 404/595/415 362/597/415
f 329/598/416 326/596/416 362/597/416 377/599/416
f 339/600/417 329/598/417 377/599/417 374/601/417
f 306/602/418 339/600/418 374/601/418 391/603/418
f 307/604/419 306/602/419 391/603/419 363/605/419
f 284/606/420 307/604/420 363/605/420 346/607/420
f 294/608/421 284/606/421 346/607/421 371/609/421
f 331/610/422 294/608/422 371/609/422 397/611/422
f 303/612/423 331/610/423 397/611/423 403/613/423
f 338/614/424 303/612/424 403/613/424 355/615/424
f 283/616/425 338/614/425 355/615/425 364/617/425
f 330/618/426 283/616/426 364/617/426 392/619/426
f 327/620/427 330/618/427 392/619/427 393/621/427
f 282/622/428 327/620/428 393/621/428 375/623/428
f 337/624/429 282/622/429 375/623/429 356/625/429
f 319/626/430 337/624/430 356/625/430 372/627/430
f 320/628/431 319/626/431 372/627/431 373/629/431
f 328/630/432 320/628/432 373/629/432 365/631/432
f 335/632/433 328/630/433 365/631/433 376/633/433
f 323/634/434 335/632/434 376/633/434 382/635/434
f 336/636/435 323/634/435 382/635/435 398/637/435
f 295/638/436 336/636/436 398/637/436 399/639/436
f 281/640/437 295/638/437 399/639/437 383/641/437
f 296/642/438 281/640/438 383/641/438 402/643/438
f 321/644/439 296/642/439 402/643/439 401/645/439
f 304/646/440 321/644/440 401/645/440 345/647/440
f 324/648/441 304/646/441 345/647/441 384/649/441
f 322/650/442 324/648/442 384/649/442 357/651/442
f 302/589/443 322/650/443 357/651/443 347/590/443
o Boots
v 0.080598 0.087442 0.016855
v 0.143080 0.082341 0.040425
v 0.168075 0.121734 0.108392
v 0.061708 0.112631 0.177329
v 0.128479 0.119914 0.167572
v 0.015361 0.135904 0.126674
v 0.023145 0.084512 0.052130
v 0.140321 0.021140 0.030808
v 0.162413 0.007016 0.077421
v 0.077563 0.025192 0.011045
v 0.013668 -0.000356 0.087215
v 0.021031 0.018676 0.036699
v 0.056049 -0.027376 0.351477
v 0.157177 -0.012963 0.323782
v 0.122540 -0.019551 0.337141
v 0.008217 -0.024215 0.341167
v 0.007340 -0.098880 0.309259
v 0.156300 -0.087628 0.291874
v 0.054130 -0.116860 0.354277
v 0.054390 -0.051274 0.374123
v 0.152375 -0.039740 0.352991
v 0.122736 -0.049318 0.373671
v 0.120622 -0.109035 0.339941
v 0.013012 -0.051089 0.371185
v 0.011825 -0.113740 0.344396
v 0.151998 -0.102382 0.326231
v 0.123280 0.004110 0.308327
v 0.150419 0.015815 0.282507
v 0.009525 0.007531 0.293419
v 0.056927 -0.001746 0.318051
v 0.008966 -0.075325 0.254941
v 0.149868 -0.067346 0.243899
v 0.056993 -0.095129 0.303464
v 0.106647 -0.091378 0.297669
v 0.108219 -0.068867 0.245230
v 0.058592 -0.072096 0.250085
v 0.119909 0.042223 0.251984
v 0.021070 0.056531 0.230143
v 0.151304 -0.028176 0.166199
v 0.151683 0.069468 0.212414
v 0.062062 0.035616 0.260199
v 0.020882 -0.029508 0.182869
v 0.126060 0.145183 0.167674
v 0.061809 0.140951 0.177215
v 0.162222 0.160019 0.110188
v 0.140973 0.125010 0.051569
v 0.081122 0.130279 0.029920
v 0.018049 0.157209 0.126508
v 0.022576 0.128680 0.063151
v 0.063413 0.197634 0.175051
v 0.159899 0.211583 0.112998
v 0.139073 0.172909 0.048544
v 0.082111 0.177778 0.029607
v 0.021576 0.205194 0.127059
v 0.022339 0.177363 0.060315
v 0.124719 0.199236 0.165887
v 0.062568 -0.026048 0.178353
v 0.104353 -0.026493 0.172173
v 0.113016 0.004096 0.078945
v 0.063454 0.001395 0.082186
v 0.062233 0.428219 0.255278
v 0.138585 0.410972 0.072636
v 0.086946 0.414408 0.063167
v 0.003152 0.419729 0.083282
v 0.160474 0.468934 0.132271
v 0.016715 0.442602 0.181251
v 0.121785 0.442724 0.242572
v 0.145632 0.465067 0.177250
v 0.125724 0.386457 0.233875
v 0.122823 0.367837 0.221397
v 0.122681 0.376752 0.223996
v 0.060397 0.376750 0.246645
v 0.062514 0.358823 0.232344
v 0.062457 0.367767 0.235297
v 0.160711 0.391005 0.128252
v 0.167365 0.413556 0.130825
v 0.160701 0.400335 0.128859
v 0.138829 0.338767 0.066676
v 0.143383 0.355523 0.061911
v 0.138805 0.347972 0.067435
v 0.085894 0.359602 0.048628
v 0.085471 0.342969 0.053472
v 0.085659 0.351934 0.054691
v 0.025246 0.363641 0.183491
v 0.020514 0.382397 0.193610
v 0.025475 0.372775 0.186460
v 0.009115 0.346977 0.076225
v 0.000951 0.363795 0.072541
v 0.008398 0.355862 0.077075
v -0.144086 0.337458 0.121613
v -0.212411 0.342506 0.121601
v -0.255068 0.353869 0.195934
v -0.173486 0.305877 0.278171
v -0.234817 0.321566 0.257238
v -0.112429 0.317004 0.250702
v -0.105931 0.301250 0.164594
v -0.217480 0.277164 0.093463
v -0.252844 0.248291 0.136955
v -0.151630 0.273007 0.092484
v -0.111605 0.222134 0.185174
v -0.106126 0.247536 0.132668
v -0.216742 0.183768 0.432162
v -0.307152 0.206539 0.382068
v -0.277217 0.196848 0.402844
v -0.167749 0.184426 0.433991
v -0.162661 0.112054 0.397521
v -0.302064 0.134166 0.345599
v -0.219888 0.094355 0.428361
v -0.221852 0.158417 0.452605
v -0.310970 0.177696 0.409394
v -0.287816 0.164888 0.435810
v -0.280362 0.107435 0.399043
v -0.181061 0.156067 0.459773
v -0.176352 0.095309 0.429267
v -0.307050 0.116999 0.378721
v -0.269714 0.222296 0.376638
v -0.289081 0.237385 0.346020
v -0.155754 0.219171 0.389963
v -0.208145 0.211480 0.401616
v -0.149755 0.139081 0.346424
v -0.283073 0.157000 0.302329
v -0.209129 0.119425 0.380214
v -0.255596 0.126795 0.362906
v -0.243150 0.152660 0.313559
v -0.196453 0.145871 0.329991
v -0.251571 0.260397 0.325359
v -0.149713 0.267031 0.329308
v -0.264969 0.200837 0.227726
v -0.271822 0.288435 0.281868
v -0.197102 0.252713 0.347329
v -0.141378 0.190084 0.277403
v -0.227664 0.337400 0.269873
v -0.168802 0.318967 0.288439
v -0.243757 0.379666 0.221568
v -0.209429 0.372979 0.155379
v -0.144432 0.368094 0.153484
v -0.109958 0.332448 0.259215
v -0.101119 0.333631 0.193209
v -0.154820 0.350716 0.313730
v -0.233373 0.415037 0.255775
v -0.201614 0.411275 0.180402
v -0.140498 0.408168 0.175898
v -0.102001 0.369834 0.280719
v -0.091804 0.376993 0.211805
v -0.212557 0.371295 0.299351
v -0.180458 0.196562 0.263236
v -0.219416 0.199261 0.247129
v -0.204978 0.237554 0.153674
v -0.157528 0.229651 0.169726
v -0.099300 0.518165 0.491847
v -0.185317 0.580843 0.337938
v -0.132769 0.587615 0.322173
v -0.047884 0.575604 0.335009
v -0.200276 0.612970 0.402943
v -0.055123 0.558799 0.430225
v -0.153746 0.579342 0.489208
v -0.179814 0.624665 0.435247
v -0.170692 0.515512 0.469584
v -0.171603 0.504287 0.454393
v -0.169772 0.510351 0.458790
v -0.109248 0.479905 0.467377
v -0.115508 0.471198 0.449381
v -0.113490 0.477240 0.454886
v -0.209280 0.548578 0.378849
v -0.211063 0.572885 0.410765
v -0.208224 0.555450 0.382840
v -0.190358 0.526952 0.306915
v -0.193535 0.542224 0.308971
v -0.189707 0.533825 0.310864
v -0.134429 0.549106 0.284955
v -0.135448 0.533057 0.281733
v -0.135105 0.539917 0.286792
v -0.076910 0.488881 0.408407
v -0.068801 0.500051 0.422532
v -0.075551 0.495343 0.413767
v -0.060124 0.515679 0.298187
v -0.050050 0.531225 0.302035
v -0.058583 0.522970 0.302706
vn 0.3541 0.2608 -0.8981
vn -0.7378 0.0453 0.6735
vn 0.1452 0.0065 0.9894
vn -0.4756 0.1625 -0.8645
vn 0.0318 0.7831 0.6210
vn -0.9894 0.0551 -0.1341
vn -0.9916 0.0517 -0.1185
vn 0.8951 0.1548 -0.4180
vn -0.5015 0.2306 -0.8339
vn 0.8292 0.0914 0.5515
vn -0.1037 0.8135 0.5722
vn 0.3319 0.1016 -0.9378
vn 0.9204 0.0455 -0.3883
vn -0.0763 0.7155 0.6944
vn 0.9915 0.0454 -0.1216
vn -0.9997 0.0177 -0.0192
vn -0.1556 -0.3360 0.9289
vn 0.1283 -0.3919 0.9110
vn 0.1352 0.7989 0.5861
vn 0.5288 -0.3848 0.7565
vn 0.9928 -0.0546 0.1065
vn -0.9923 -0.0357 0.1185
vn 0.0200 0.7404 0.6719
vn -0.9899 0.0675 -0.1243
vn 0.9999 -0.0106 0.0116
vn -0.0749 0.8168 0.5720
vn 0.1575 0.7432 0.6503
vn 0.0466 -0.9496 -0.3098
vn -0.0066 -0.9560 -0.2933
vn -0.0041 0.8343 0.5513
vn -0.0369 -0.8528 -0.5209
vn 0.0220 -0.9178 -0.3964
vn 0.1141 0.8049 0.5823
vn 0.0237 -0.9197 -0.3920
vn 0.4673 0.6977 0.5431
vn 0.0162 0.7337 0.6793
vn -0.2074 0.7460 0.6328
vn 0.9915 -0.0683 0.1104
vn -0.9983 -0.0139 0.0572
vn 0.8369 0.0237 0.5468
vn -0.4749 -0.0251 -0.8797
vn 0.9381 0.0391 -0.3441
vn -0.9980 0.0327 -0.0547
vn 0.1457 0.0349 0.9887
vn -0.7490 0.0469 0.6609
vn 0.3257 -0.0300 -0.9450
vn 0.0346 -0.9491 -0.3130
vn -0.0237 -0.9417 -0.3357
vn 0.0250 -0.9586 -0.2837
vn -0.0145 -0.9399 -0.3413
vn 0.0066 -0.8430 -0.5378
vn -0.0408 -0.8791 -0.4749
vn 0.0222 -0.9186 -0.3947
vn 0.0224 -0.9193 -0.3929
vn -0.1615 0.9478 0.2749
vn 0.9307 -0.0558 0.3614
vn 0.8519 -0.4749 0.2210
vn -0.2755 0.1027 -0.9558
vn -0.2440 -0.6196 -0.7461
vn 0.9340 0.0280 -0.3562
vn 0.8823 -0.4635 0.0820
vn -0.9852 -0.0608 0.1604
vn -0.7823 -0.5848 0.2145
vn 0.2152 -0.2877 0.9332
vn 0.2316 -0.7355 0.6368
vn -0.7914 -0.1835 0.5831
vn -0.6372 -0.6508 0.4128
vn 0.2429 0.1029 -0.9646
vn 0.1349 -0.6269 -0.7673
vn 0.8992 -0.0845 0.4293
vn 0.2255 -0.1504 0.9626
vn 0.9314 0.0464 0.3610
vn 0.1816 -0.3169 0.9309
vn -0.8297 0.0040 0.5583
vn -0.7704 -0.2078 0.6027
vn 0.8847 0.1421 -0.4439
vn 0.9395 0.0314 -0.3410
vn 0.2137 0.2251 -0.9506
vn 0.2867 0.1179 -0.9507
vn -0.3615 0.0995 -0.9271
vn -0.2343 0.2229 -0.9463
vn -0.9884 -0.0115 0.1516
vn -0.9936 -0.0512 0.1008
vn 0.0448 0.7303 -0.6816
vn 0.4442 -0.5677 0.6931
vn -0.3929 -0.4667 0.7924
vn 0.7694 0.2527 -0.5866
vn -0.1456 0.7423 0.6540
vn 0.9953 -0.0499 0.0825
vn 0.9633 -0.2399 0.1201
vn -0.6484 0.6245 -0.4354
vn 0.8004 0.3846 -0.4598
vn -0.9288 0.0793 0.3619
vn -0.0009 0.7668 0.6419
vn 0.0210 0.4019 -0.9155
vn -0.8208 0.2702 -0.5033
vn -0.0622 0.6632 0.7458
vn -0.9279 0.1182 -0.3536
vn 0.9734 -0.0469 0.2243
vn -0.0938 -0.4041 0.9099
vn -0.3670 -0.4400 0.8196
vn -0.2363 0.7670 0.5965
vn -0.7163 -0.3966 0.5741
vn -0.9900 0.0041 -0.1410
vn 0.9299 -0.1084 0.3515
vn -0.1487 0.6957 0.7028
vn 0.9923 0.0161 0.1226
vn -0.9755 0.0501 -0.2143
vn 0.0082 0.7898 0.6134
vn -0.2764 0.7089 0.6489
vn 0.0049 -0.8349 -0.5503
vn 0.0169 -0.9352 -0.3537
vn -0.1052 0.8087 0.5787
vn 0.1226 -0.8185 -0.5613
vn 0.0318 -0.8872 -0.4602
vn -0.1821 0.8044 0.5655
vn 0.0290 -0.8892 -0.4565
vn -0.3121 0.7662 0.5618
vn -0.0748 0.7770 0.6251
vn 0.0568 0.8076 0.5871
vn -0.9896 0.0351 -0.1393
vn 0.9427 -0.1526 0.2968
vn -0.9281 -0.0007 0.3722
vn 0.7078 0.2179 -0.6720
vn -0.7661 0.5069 -0.3951
vn 0.9573 -0.2637 0.1187
vn -0.3843 -0.4851 0.7855
vn 0.5182 -0.5860 0.6229
vn -0.0105 0.5189 -0.8547
vn -0.0225 -0.8564 -0.5158
vn -0.0321 -0.8820 -0.4702
vn -0.0363 -0.9398 -0.3399
vn 0.0414 -0.9081 -0.4167
vn 0.0851 -0.8048 -0.5875
vn 0.1236 -0.8516 -0.5094
vn 0.0311 -0.8880 -0.4587
vn 0.0305 -0.8889 -0.4571
vn 0.4801 0.6662 0.5707
vn -0.9069 -0.0673 0.4160
vn -0.8780 -0.4455 0.1748
vn 0.2881 0.5101 -0.8104
vn 0.1505 -0.2181 -0.9642
vn -0.8981 0.2982 -0.3233
vn -0.9807 -0.0690 -0.1827
vn 0.9616 -0.2618 0.0823
vn 0.6701 -0.7375 -0.0839
vn -0.2664 -0.5581 0.7859
vn -0.4606 -0.8194 0.3411
vn 0.7138 -0.5592 0.4217
vn 0.4840 -0.8735 0.0527
vn -0.3973 0.5233 -0.7539
vn -0.3520 -0.2541 -0.9008
vn -0.9258 -0.1403 0.3510
vn -0.2711 -0.3206 0.9076
vn -0.8151 0.1411 0.5618
vn -0.3618 -0.6509 0.6674
vn 0.8204 -0.3498 0.4524
vn 0.6185 -0.6507 0.4406
vn -0.9099 0.2974 -0.2892
vn -0.8048 0.4731 -0.3584
vn -0.3263 0.6393 -0.6963
vn -0.1965 0.6880 -0.6986
vn 0.4928 0.4668 -0.7343
vn 0.2415 0.6206 -0.7460
vn 0.9803 -0.1813 0.0778
vn 0.9544 -0.2848 0.0898
vt 0.675950 0.178328
vt 0.649676 0.142910
vt 0.716259 0.121971
vt 0.718765 0.159759
vt 0.764508 0.225082
vt 0.781024 0.225103
vt 0.752042 0.279836
vt 0.744005 0.262907
vt 0.688246 0.277815
vt 0.700004 0.262297
vt 0.713052 0.000206
vt 0.846234 0.042447
vt 0.787972 0.136925
vt 0.778169 0.467601
vt 0.780556 0.513418
vt 0.709393 0.502081
vt 0.701776 0.462480
vt 0.935400 0.121997
vt 0.764403 0.176126
vt 0.680712 0.226929
vt 0.652976 0.224083
vt 0.835313 0.437111
vt 0.831860 0.502474
vt 0.586709 0.060745
vt 0.505337 0.150075
vt 0.823876 0.541429
vt 0.784228 0.549461
vt 0.661913 0.435277
vt 0.669911 0.494387
vt 0.581561 0.570375
vt 0.528991 0.491952
vt 0.969516 0.471893
vt 0.923412 0.562910
vt 0.875823 0.609040
vt 0.807295 0.640556
vt 0.690874 0.637995
vt 0.715591 0.547792
vt 0.634152 0.613377
vt 0.683753 0.531953
vt 0.969516 0.313626
vt 0.814351 0.339766
vt 0.656848 0.332462
vt 0.485065 0.338452
vt 0.767177 0.387938
vt 0.163921 0.982500
vt 0.142058 0.931005
vt 0.189179 0.925687
vt 0.235192 0.826046
vt 0.236311 0.920438
vt 0.195725 0.832180
vt 0.696231 0.384747
vt 0.189449 0.753753
vt 0.236492 0.746817
vt 0.283197 0.684703
vt 0.283497 0.739956
vt 0.236156 0.692591
vt 0.237124 0.640970
vt 0.277723 0.649266
vt 0.713029 0.239745
vt 0.704465 0.225480
vt 0.719407 0.189382
vt 0.743581 0.196724
vt 0.698455 0.197190
vt 0.740825 0.222720
vt 0.731668 0.239425
vt 0.224095 0.999794
vt 0.283493 0.915145
vt 0.277320 0.969841
vt 0.274563 0.819887
vt 0.150815 0.838372
vt 0.149884 0.756807
vt 0.189108 0.700504
vt 0.142058 0.708435
vt 0.174333 0.658225
vt 0.144948 0.673420
vt 0.642786 0.713351
vt 0.662577 0.758466
vt 0.573048 0.750145
vt 0.604916 0.698100
vt 0.721796 0.218858
vt 0.721719 0.218882
vt 0.721722 0.218869
vt 0.721787 0.218847
vt 0.721722 0.218853
vt 0.721779 0.218835
vt 0.721618 0.218793
vt 0.721682 0.218713
vt 0.721686 0.218726
vt 0.721628 0.218800
vt 0.721691 0.218740
vt 0.721636 0.218805
vt 0.721639 0.218918
vt 0.721649 0.218900
vt 0.721659 0.218880
vt 0.721759 0.218727
vt 0.721758 0.218740
vt 0.721758 0.218755
vt 0.721785 0.218791
vt 0.721783 0.218792
vt 0.721777 0.218795
vt 0.585427 0.640970
vt 0.685431 0.659564
vt 0.717099 0.801670
vt 0.664294 0.788896
vt 0.500710 0.704998
vt 0.692487 0.911919
vt 0.666793 0.851993
vt 0.614652 0.925758
vt 0.617842 0.858521
vt 0.500710 0.879234
vt 0.554131 0.827944
vt 0.293820 0.178371
vt 0.251006 0.159789
vt 0.253520 0.121995
vt 0.320105 0.142956
vt 0.205245 0.225110
vt 0.225744 0.262941
vt 0.217702 0.279868
vt 0.188726 0.225125
vt 0.269746 0.262340
vt 0.281500 0.277858
vt 0.181790 0.136934
vt 0.123529 0.042419
vt 0.256761 0.000206
vt 0.191551 0.467622
vt 0.267938 0.462508
vt 0.260317 0.502103
vt 0.189161 0.513435
vt 0.034338 0.121986
vt 0.205357 0.176148
vt 0.289048 0.226975
vt 0.316784 0.224134
vt 0.134412 0.437130
vt 0.137861 0.502490
vt 0.383104 0.060803
vt 0.464444 0.150168
vt 0.185488 0.549474
vt 0.145844 0.541442
vt 0.307800 0.435313
vt 0.440688 0.492007
vt 0.388113 0.570393
vt 0.299794 0.494413
vt 0.000206 0.471910
vt 0.046314 0.562925
vt 0.162424 0.640557
vt 0.093902 0.609048
vt 0.254116 0.547807
vt 0.278827 0.637994
vt 0.285951 0.531972
vt 0.335534 0.613381
vt 0.000206 0.313637
vt 0.155382 0.339789
vt 0.312885 0.332509
vt 0.484653 0.338544
vt 0.202550 0.387965
vt 0.119777 0.982502
vt 0.094519 0.925689
vt 0.141641 0.931007
vt 0.048509 0.826046
vt 0.087976 0.832181
vt 0.047388 0.920438
vt 0.273494 0.384784
vt 0.094254 0.753754
vt 0.047211 0.746817
vt 0.000507 0.684702
vt 0.047548 0.692591
vt 0.000206 0.739955
vt 0.046581 0.640970
vt 0.005982 0.649265
vt 0.256727 0.239787
vt 0.265295 0.225524
vt 0.250359 0.189418
vt 0.226180 0.196755
vt 0.271310 0.197232
vt 0.228933 0.222756
vt 0.238088 0.239463
vt 0.059602 0.999794
vt 0.000206 0.915144
vt 0.006378 0.969840
vt 0.009138 0.819886
vt 0.132886 0.838374
vt 0.133818 0.756809
vt 0.094596 0.700505
vt 0.141646 0.708437
vt 0.109372 0.658226
vt 0.138757 0.673422
vt 0.358222 0.713351
vt 0.396091 0.698100
vt 0.427960 0.750145
vt 0.338430 0.758465
vt 0.247967 0.218904
vt 0.247977 0.218896
vt 0.248047 0.218924
vt 0.248047 0.218932
vt 0.247985 0.218887
vt 0.248049 0.218913
vt 0.248145 0.218838
vt 0.248137 0.218846
vt 0.248078 0.218772
vt 0.248082 0.218757
vt 0.248131 0.218853
vt 0.248074 0.218788
vt 0.248117 0.218947
vt 0.248125 0.218963
vt 0.248109 0.218929
vt 0.248005 0.218785
vt 0.248004 0.218771
vt 0.248006 0.218802
vt 0.247978 0.218837
vt 0.247980 0.218840
vt 0.247986 0.218843
vt 0.315576 0.659564
vt 0.415580 0.640969
vt 0.336713 0.788896
vt 0.283909 0.801670
vt 0.500298 0.704998
vt 0.334214 0.851993
vt 0.308520 0.911919
vt 0.383166 0.858521
vt 0.386356 0.925758
vt 0.446876 0.827944
vt 0.500298 0.879234
s 0
usemtl Boots
f 522/652/444 478/653/444 477/654/444 523/655/444
f 524/656/445 482/657/445 480/658/445 520/659/445
f 520/659/446 480/658/446 481/660/446 519/661/446
f 477/654/447 486/662/447 488/663/447 483/664/447
f 506/665/448 489/666/448 491/667/448 503/668/448
f 483/664/449 488/663/449 487/669/449 482/657/449
f 525/670/450 483/664/450 482/657/450 524/656/450
f 521/671/451 479/672/451 478/653/451 522/652/451
f 523/655/452 477/654/452 483/664/452 525/670/452
f 519/661/453 481/660/453 479/672/453 521/671/453
f 505/673/454 492/674/454 489/666/454 506/665/454
f 478/653/455 484/675/455 486/662/455 477/654/455
f 479/672/456 485/676/456 484/675/456 478/653/456
f 492/674/457 500/677/457 496/678/457 489/666/457
f 504/679/458 490/680/458 494/681/458 508/682/458
f 507/683/459 493/684/459 492/674/459 505/673/459
f 500/677/460 501/685/460 495/686/460 496/678/460
f 496/678/461 495/686/461 499/687/461 498/688/461
f 503/668/462 491/667/462 490/680/462 504/679/462
f 498/688/463 499/687/463 502/689/463 497/690/463
f 490/680/464 497/690/464 502/689/464 494/681/464
f 493/684/465 501/685/465 500/677/465 492/674/465
f 489/666/466 496/678/466 498/688/466 491/667/466
f 518/691/467 507/683/467 505/673/467 514/692/467
f 516/693/468 504/679/468 508/682/468 515/694/468
f 514/692/469 505/673/469 506/665/469 517/695/469
f 491/667/470 498/688/470 497/690/470 490/680/470
f 484/696/471 485/697/471 535/698/471
f 533/699/472 536/700/472 535/698/472 534/701/472
f 517/695/473 506/665/473 503/668/473 513/702/473
f 511/703/474 512/704/474 533/699/474 534/701/474
f 493/705/475 507/706/475 512/704/475 509/707/475
f 513/702/476 503/668/476 504/679/476 516/693/476
f 495/708/477 501/709/477 493/705/477 509/707/477
f 481/660/478 513/702/478 516/693/478 479/672/478
f 480/658/479 517/695/479 513/702/479 481/660/479
f 482/657/480 514/692/480 517/695/480 480/658/480
f 479/672/481 516/693/481 515/694/481 485/676/481
f 487/669/482 518/691/482 514/692/482 482/657/482
f 532/710/483 519/661/483 521/671/483 527/711/483
f 529/712/484 523/655/484 525/670/484 531/713/484
f 527/711/485 521/671/485 522/652/485 528/714/485
f 531/713/486 525/670/486 524/656/486 530/715/486
f 526/716/487 520/659/487 519/661/487 532/710/487
f 530/715/488 524/656/488 520/659/488 526/716/488
f 528/714/489 522/652/489 523/655/489 529/712/489
f 486/717/490 484/696/490 535/698/490 536/700/490
f 487/718/491 488/719/491 486/717/491 536/700/491
f 533/699/492 518/720/492 487/718/492 536/700/492
f 485/697/493 515/721/493 534/701/493 535/698/493
f 533/699/494 512/704/494 507/706/494 518/720/494
f 508/722/495 511/703/495 534/701/495 515/721/495
f 509/707/496 512/704/496 511/703/496 510/723/496
f 508/722/497 494/724/497 510/723/497 511/703/497
f 499/725/477 495/708/477 509/707/477 510/723/477
f 494/724/477 502/726/477 499/725/477 510/723/477
f 543/727/498 544/728/498 542/729/498 537/730/498
f 546/731/499 551/732/499 553/733/499 547/734/499
f 547/734/500 553/733/500 552/735/500 545/736/500
f 558/737/501 563/738/501 565/739/501 559/740/501
f 559/740/502 565/739/502 564/741/502 557/742/502
f 551/732/503 554/743/503 556/744/503 553/733/503
f 553/733/504 556/744/504 555/745/504 552/735/504
f 563/738/505 560/746/505 562/747/505 565/739/505
f 565/739/506 562/747/506 561/748/506 564/741/506
f 549/749/507 546/731/507 547/734/507 550/750/507
f 550/750/508 547/734/508 545/736/508 548/751/508
f 560/746/509 549/749/509 550/750/509 562/747/509
f 562/747/510 550/750/510 548/751/510 561/748/510
f 554/743/511 558/737/511 559/740/511 556/744/511
f 556/744/512 559/740/512 557/742/512 555/745/512
f 546/731/513 532/710/513 527/711/513 551/732/513
f 537/730/514 548/752/514 545/753/514 543/727/514
f 543/727/515 545/753/515 552/754/515 541/755/515 544/728/515
f 549/749/516 526/716/516 532/710/516 546/731/516
f 542/729/517 561/756/517 548/752/517 537/730/517
f 560/746/518 530/715/518 526/716/518 549/749/518
f 541/755/519 552/754/519 555/757/519 538/758/519
f 551/732/520 527/711/520 528/714/520 554/743/520
f 538/758/521 555/757/521 557/759/521 539/760/521
f 554/743/522 528/714/522 529/712/522 558/737/522
f 558/737/523 529/712/523 531/713/523 563/738/523
f 539/760/524 557/759/524 564/761/524 540/762/524
f 540/762/525 564/761/525 561/756/525 542/729/525
f 563/738/526 531/713/526 530/715/526 560/746/526
f 611/763/527 612/764/527 566/765/527 567/766/527
f 613/767/528 609/768/528 569/769/528 571/770/528
f 609/768/529 608/771/529 570/772/529 569/769/529
f 566/765/530 572/773/530 577/774/530 575/775/530
f 595/776/531 592/777/531 580/778/531 578/779/531
f 572/773/532 571/770/532 576/780/532 577/774/532
f 614/781/533 613/767/533 571/770/533 572/773/533
f 610/782/534 611/763/534 567/766/534 568/783/534
f 612/764/535 614/781/535 572/773/535 566/765/535
f 608/771/536 610/782/536 568/783/536 570/772/536
f 594/784/537 595/776/537 578/779/537 581/785/537
f 567/766/538 566/765/538 575/775/538 573/786/538
f 568/783/539 567/766/539 573/786/539 574/787/539
f 581/785/540 578/779/540 585/788/540 589/789/540
f 593/790/541 597/791/541 583/792/541 579/793/541
f 596/794/542 594/784/542 581/785/542 582/795/542
f 589/789/543 585/788/543 584/796/543 590/797/543
f 585/788/544 587/798/544 588/799/544 584/796/544
f 592/777/545 593/790/545 579/793/545 580/778/545
f 587/798/546 586/800/546 591/801/546 588/799/546
f 579/793/547 583/792/547 591/801/547 586/800/547
f 582/795/548 581/785/548 589/789/548 590/797/548
f 578/779/549 580/778/549 587/798/549 585/788/549
f 607/802/550 603/803/550 594/784/550 596/794/550
f 605/804/551 604/805/551 597/791/551 593/790/551
f 603/803/552 606/806/552 595/776/552 594/784/552
f 580/778/553 579/793/553 586/800/553 587/798/553
f 573/807/554 624/808/554 574/809/554
f 622/810/555 623/811/555 624/808/555 625/812/555
f 606/806/556 602/813/556 592/777/556 595/776/556
f 600/814/557 623/811/557 622/810/557 601/815/557
f 582/816/558 598/817/558 601/815/558 596/818/558
f 602/813/559 605/804/559 593/790/559 592/777/559
f 584/819/560 598/817/560 582/816/560 590/820/560
f 570/772/561 568/783/561 605/804/561 602/813/561
f 569/769/562 570/772/562 602/813/562 606/806/562
f 571/770/563 569/769/563 606/806/563 603/803/563
f 568/783/564 574/787/564 604/805/564 605/804/564
f 576/780/565 571/770/565 603/803/565 607/802/565
f 621/821/566 616/822/566 610/782/566 608/771/566
f 618/823/567 620/824/567 614/781/567 612/764/567
f 616/822/568 617/825/568 611/763/568 610/782/568
f 620/824/569 619/826/569 613/767/569 614/781/569
f 615/827/570 621/821/570 608/771/570 609/768/570
f 619/826/571 615/827/571 609/768/571 613/767/571
f 617/825/572 618/823/572 612/764/572 611/763/572
f 575/828/573 625/812/573 624/808/573 573/807/573
f 576/829/574 625/812/574 575/828/574 577/830/574
f 622/810/575 625/812/575 576/829/575 607/831/575
f 574/809/576 624/808/576 623/811/576 604/832/576
f 622/810/577 607/831/577 596/818/577 601/815/577
f 597/833/578 604/832/578 623/811/578 600/814/578
f 598/817/579 599/834/579 600/814/579 601/815/579
f 597/833/580 600/814/580 599/834/580 583/835/580
f 588/836/560 599/834/560 598/817/560 584/819/560
f 583/835/560 599/834/560 588/836/560 591/837/560
f 632/838/581 626/839/581 631/840/581 633/841/581
f 635/842/582 636/843/582 642/844/582 640/845/582
f 636/843/583 634/846/583 641/847/583 642/844/583
f 647/848/584 648/849/584 654/850/584 652/851/584
f 648/849/585 646/852/585 653/853/585 654/850/585
f 640/845/586 642/844/586 645/854/586 643/855/586
f 642/844/587 641/847/587 644/856/587 645/854/587
f 652/851/588 654/850/588 651/857/588 649/858/588
f 654/850/589 653/853/589 650/859/589 651/857/589
f 638/860/590 639/861/590 636/843/590 635/842/590
f 639/861/591 637/862/591 634/846/591 636/843/591
f 649/858/592 651/857/592 639/861/592 638/860/592
f 651/857/593 650/859/593 637/862/593 639/861/593
f 643/855/594 645/854/594 648/849/594 647/848/594
f 645/854/595 644/856/595 646/852/595 648/849/595
f 635/842/596 640/845/596 616/822/596 621/821/596
f 626/839/597 632/838/597 634/863/597 637/864/597
f 632/838/598 633/841/598 630/865/598 641/866/598 634/863/598
f 638/860/599 635/842/599 621/821/599 615/827/599
f 631/840/600 626/839/600 637/864/600 650/867/600
f 649/858/601 638/860/601 615/827/601 619/826/601
f 630/865/602 627/868/602 644/869/602 641/866/602
f 640/845/603 643/855/603 617/825/603 616/822/603
f 627/868/604 628/870/604 646/871/604 644/869/604
f 643/855/605 647/848/605 618/823/605 617/825/605
f 647/848/606 652/851/606 620/824/606 618/823/606
f 628/870/607 629/872/607 653/873/607 646/871/607
f 629/872/608 631/840/608 650/867/608 653/873/608
f 652/851/609 649/858/609 619/826/609 620/824/609
o FishingRod
v -0.343638 1.637894 0.052245
v -0.339792 1.626822 0.110674
v -0.366632 1.605756 0.108449
v -0.282325 1.557199 0.037456
v 0.295204 0.823488 -0.115357
v 0.298300 0.807584 -0.118575
v 0.289156 0.819105 -0.117363
v 0.299857 0.814176 -0.117428
v 0.297854 0.815193 -0.118012
v 0.295580 0.811077 -0.118846
v 0.293391 0.822323 -0.116571
v 0.289560 0.817941 -0.111221
v 0.298505 0.806993 -0.115458
v 0.295409 0.822897 -0.112241
v 0.295926 0.810081 -0.113590
v 0.298174 0.814272 -0.113148
v 0.300062 0.813585 -0.114311
v 0.293737 0.821327 -0.111315
v 0.284683 0.815594 -0.117734
v 0.293827 0.804072 -0.118945
v 0.291107 0.807566 -0.119217
v 0.287686 0.804833 -0.119306
v 0.287878 0.799403 -0.119439
v 0.280506 0.812208 -0.117640
v 0.285087 0.814430 -0.111592
v 0.279039 0.810047 -0.113598
v 0.294032 0.803482 -0.115829
v 0.280851 0.811212 -0.112384
v 0.288006 0.803911 -0.114442
v 0.288083 0.798813 -0.116322
v 0.291453 0.806570 -0.113961
v -0.200374 1.457156 0.030038
v -0.206871 1.454065 0.021221
v -0.202504 1.456904 0.024008
v -0.204646 1.447661 0.055017
v -0.199245 1.453907 0.047186
v -0.200600 1.451424 0.052928
v -0.219879 1.443854 0.020143
v -0.225280 1.437607 0.027973
v -0.223925 1.440090 0.022232
v -0.217655 1.437450 0.053939
v -0.222021 1.434610 0.051152
v -0.159467 1.391539 0.041409
v -0.154067 1.397786 0.033578
v -0.155421 1.395303 0.039320
v -0.107521 1.327011 0.025763
v -0.102120 1.333257 0.017932
v -0.103475 1.330775 0.023673
v -0.056635 1.261807 0.010058
v -0.051234 1.268054 0.002227
v -0.052589 1.265571 0.007968
v -0.003628 1.197955 -0.005531
v 0.001773 1.204201 -0.013362
v 0.000418 1.201718 -0.007620
v 0.049126 1.133669 -0.021184
v 0.054526 1.139916 -0.029015
v 0.053172 1.137433 -0.023274
v 0.100264 1.068898 -0.036824
v 0.105665 1.075145 -0.044655
v 0.104310 1.072662 -0.038913
v 0.151441 1.002984 -0.052683
v 0.156842 1.009230 -0.060513
v 0.155487 1.006747 -0.054772
v 0.204157 0.939842 -0.068117
v 0.209558 0.946089 -0.075948
v 0.208203 0.943606 -0.070206
v 0.262520 0.883140 -0.091362
v 0.257119 0.876893 -0.083531
v 0.261165 0.880657 -0.085621
v -0.174700 1.387733 0.006534
v -0.180101 1.381486 0.014365
v -0.178746 1.383969 0.008624
v -0.122754 1.323204 -0.009112
v -0.128155 1.316958 -0.001281
v -0.126800 1.319441 -0.007023
v -0.071868 1.258000 -0.024817
v -0.077269 1.251754 -0.016986
v -0.075914 1.254237 -0.022728
v -0.018861 1.194148 -0.040405
v -0.022907 1.190385 -0.038316
v 0.033893 1.129863 -0.056059
v 0.029847 1.126099 -0.053970
v 0.085031 1.065092 -0.071699
v 0.080986 1.061328 -0.069609
v 0.136208 0.999177 -0.087557
v 0.130808 0.992931 -0.079727
v 0.132162 0.995414 -0.085468
v 0.188924 0.936036 -0.102992
v 0.183523 0.929789 -0.095161
v 0.184878 0.932272 -0.100903
v 0.241886 0.873087 -0.118406
v 0.237840 0.869323 -0.116317
v 0.254894 0.883297 -0.117328
v 0.261391 0.886389 -0.108510
v 0.259261 0.886137 -0.114541
v 0.201933 0.946246 -0.101913
v 0.208429 0.949338 -0.093096
v 0.206299 0.949086 -0.099127
v 0.149217 1.009388 -0.086479
v 0.155713 1.012480 -0.077662
v 0.153584 1.012228 -0.083692
v 0.098040 1.075302 -0.070620
v 0.104537 1.078394 -0.061803
v 0.102407 1.078142 -0.067833
v 0.046901 1.140073 -0.054981
v 0.053398 1.143165 -0.046163
v 0.051268 1.142913 -0.052194
v -0.005853 1.204359 -0.039327
v 0.000644 1.207451 -0.030510
v -0.001486 1.207198 -0.036540
v -0.058860 1.268211 -0.023739
v -0.052363 1.271303 -0.014921
v -0.054493 1.271051 -0.020952
v -0.109746 1.333415 -0.008034
v -0.103249 1.336507 0.000784
v -0.105379 1.336255 -0.005247
v -0.155195 1.401035 0.016430
v -0.161692 1.397943 0.007613
v -0.157325 1.400783 0.010400
v 0.244110 0.866683 -0.084610
v 0.239743 0.863843 -0.087397
v 0.191149 0.929632 -0.069196
v 0.186782 0.926792 -0.071983
v 0.138433 0.992773 -0.053761
v 0.131936 0.989681 -0.062578
v 0.134066 0.989934 -0.056548
v 0.087256 1.058688 -0.037902
v 0.080759 1.055596 -0.046720
v 0.082889 1.055848 -0.040689
v 0.036117 1.123459 -0.022263
v 0.029620 1.120367 -0.031080
v 0.031750 1.120619 -0.025050
v -0.016637 1.187744 -0.006609
v -0.023133 1.184652 -0.015427
v -0.021004 1.184904 -0.009396
v -0.069644 1.251596 0.008979
v -0.076140 1.248504 0.000162
v -0.074010 1.248757 0.006192
v -0.120529 1.316800 0.024684
v -0.124896 1.313961 0.021897
v -0.172476 1.381329 0.040331
v -0.176843 1.378489 0.037544
v 0.278834 0.810638 -0.116714
v 0.236485 0.866840 -0.110575
v -0.224151 1.434358 0.045122
v -0.178972 1.378237 0.031513
v -0.024262 1.187901 -0.032575
v 0.028492 1.123616 -0.048228
v 0.079631 1.058845 -0.063868
v 0.237614 0.863591 -0.093427
v 0.184652 0.926540 -0.078013
v -0.127026 1.313709 0.015867
v -0.341598 1.579191 0.097230
v -0.344870 1.588609 0.047525
v -0.322038 1.606531 0.049418
v -0.318766 1.597112 0.099123
v -0.370477 1.616827 0.050020
v -0.261847 1.420556 0.037219
v -0.257989 1.423584 0.037539
v -0.258134 1.424000 0.035344
v -0.261992 1.420972 0.035024
v 0.266743 0.825606 -0.112594
v 0.266888 0.825190 -0.110399
v 0.262813 0.830489 -0.111410
v 0.262957 0.830073 -0.109215
v 0.226950 0.813605 -0.112249
v 0.246560 0.809764 -0.114268
v 0.246704 0.809348 -0.112072
v 0.236510 0.809314 -0.111408
v 0.236365 0.809730 -0.113603
v 0.240399 0.804929 -0.114778
v 0.232225 0.808129 -0.113634
v 0.237147 0.804953 -0.114560
v 0.240544 0.804513 -0.112583
v 0.227094 0.813189 -0.110054
v 0.237292 0.804537 -0.112364
v 0.232369 0.807713 -0.111439
v 0.144751 0.915713 -0.087490
v 0.062552 1.017821 -0.062731
v -0.019647 1.119929 -0.037972
v -0.101845 1.222037 -0.013213
v -0.184044 1.324145 0.011545
v -0.183900 1.323729 0.013741
v -0.101701 1.221621 -0.011018
v -0.019502 1.119513 -0.035777
v 0.062697 1.017405 -0.060536
v 0.144896 0.915297 -0.085295
v -0.179260 1.326022 0.011586
v -0.096135 1.222764 -0.013452
v -0.013010 1.119505 -0.038489
v 0.070115 1.016247 -0.063527
v 0.153240 0.912988 -0.088565
v -0.179115 1.325606 0.013782
v -0.095990 1.222348 -0.011256
v -0.012865 1.119089 -0.036294
v 0.070260 1.015831 -0.061332
v 0.153385 0.912572 -0.086370
v -0.250197 1.435326 0.014981
v -0.247271 1.426904 0.059431
v -0.278132 1.470027 0.023395
v -0.275206 1.461604 0.067845
v -0.279486 1.430105 0.033816
v -0.265514 1.423304 0.013711
v -0.270723 1.423206 0.018055
v -0.278825 1.428203 0.043858
v -0.262588 1.414881 0.058161
v -0.268306 1.416248 0.054777
v -0.281782 1.432957 0.034508
v -0.293449 1.458004 0.022125
v -0.293801 1.451873 0.025007
v -0.281121 1.431054 0.044549
v -0.290523 1.449582 0.066575
v -0.291384 1.444915 0.061728
v -0.277229 1.427734 0.029046
v -0.288581 1.441836 0.032465
v -0.287392 1.438413 0.050529
v -0.276040 1.424311 0.047109
v -0.283819 1.426705 0.033457
v -0.293972 1.423389 0.033497
v -0.293311 1.421486 0.043539
v -0.283158 1.424802 0.043498
v -0.294500 1.418321 0.032571
v -0.300810 1.426160 0.034472
v -0.300149 1.424257 0.044514
v -0.293839 1.416418 0.042613
v -0.306127 1.438489 0.037158
v -0.305466 1.436586 0.047200
v -0.308951 1.436273 0.036924
v -0.308290 1.434370 0.046966
v -0.279054 1.547781 0.087161
v -0.305157 1.539278 0.035563
v -0.301886 1.529860 0.085268
v -0.262893 1.549923 0.098963
v -0.256431 1.557266 0.090134
v -0.261327 1.552733 0.092573
v -0.258067 1.554376 0.096620
v -0.187215 1.471285 0.069286
v -0.193677 1.463942 0.078114
v -0.192455 1.466581 0.071290
v -0.188851 1.468396 0.075772
v -0.310709 1.530155 0.021741
v -0.317171 1.522812 0.030569
v -0.312275 1.527344 0.028130
v -0.315535 1.525701 0.024083
v -0.247956 1.436831 0.009721
v -0.241493 1.444174 0.000892
v -0.242716 1.441535 0.007716
v -0.246320 1.439721 0.003235
v -0.236645 1.430217 0.074552
v -0.244347 1.426442 0.064549
v -0.238784 1.430217 0.067449
v -0.241834 1.426808 0.071379
v -0.198526 1.477900 0.004455
v -0.190824 1.481675 0.014458
v -0.196386 1.477900 0.011558
v -0.193337 1.481308 0.007628
v -0.260040 1.567655 0.035306
v -0.267742 1.563880 0.025303
v -0.265312 1.564206 0.032024
v -0.262552 1.567289 0.028476
v -0.313562 1.512422 0.085397
v -0.305860 1.516197 0.095400
v -0.308290 1.515871 0.088680
v -0.311050 1.512789 0.092227
v 0.154796 0.901962 -0.087902
v 0.159402 0.906371 -0.090795
v 0.159618 0.905748 -0.087503
v 0.158169 0.907902 -0.090424
v 0.158386 0.907278 -0.087131
v 0.153563 0.903493 -0.087531
v 0.154579 0.902586 -0.091195
v 0.153347 0.904117 -0.090824
v 0.154373 0.901217 -0.087586
v 0.152831 0.903132 -0.087122
v 0.160405 0.905952 -0.087086
v 0.158863 0.907867 -0.086622
v 0.154102 0.901998 -0.091705
v 0.152560 0.903912 -0.091240
v 0.160134 0.906732 -0.091205
v 0.158592 0.908647 -0.090740
v 0.208574 0.845289 -0.105607
v 0.209807 0.843758 -0.105978
v 0.208791 0.844665 -0.102314
v 0.204984 0.839973 -0.106378
v 0.210023 0.843134 -0.102685
v 0.205201 0.839349 -0.103085
v 0.203968 0.840880 -0.102714
v 0.203752 0.841504 -0.106006
v 0.204778 0.838604 -0.102769
v 0.203236 0.840519 -0.102304
v 0.210810 0.843338 -0.102268
v 0.209268 0.845253 -0.101804
v 0.204507 0.839384 -0.106887
v 0.202965 0.841299 -0.106423
v 0.210539 0.844119 -0.106387
v 0.208997 0.846034 -0.105923
v 0.102633 0.967114 -0.075549
v 0.107455 0.970900 -0.075149
v 0.106223 0.972430 -0.074778
v 0.106440 0.971806 -0.071485
v 0.102849 0.966490 -0.072256
v 0.101617 0.968021 -0.071885
v 0.107672 0.970276 -0.071856
v 0.101400 0.968645 -0.075177
v 0.102426 0.965745 -0.071940
v 0.100885 0.967660 -0.071475
v 0.108458 0.970480 -0.071440
v 0.106917 0.972395 -0.070975
v 0.102155 0.966526 -0.076058
v 0.100614 0.968441 -0.075594
v 0.108187 0.971260 -0.075558
v 0.106646 0.973175 -0.075094
v 0.055509 1.035428 -0.059502
v 0.049671 1.032549 -0.056238
v 0.054493 1.036335 -0.055838
v 0.050903 1.031018 -0.056609
v 0.054277 1.036959 -0.059131
v 0.055726 1.034804 -0.056209
v 0.050686 1.031642 -0.059902
v 0.049454 1.033173 -0.059531
v 0.050480 1.030274 -0.056293
v 0.048939 1.032188 -0.055829
v 0.056512 1.035008 -0.055793
v 0.054971 1.036923 -0.055329
v 0.050209 1.031054 -0.060412
v 0.048668 1.032969 -0.059947
v 0.056241 1.035789 -0.059911
v 0.054700 1.037703 -0.059447
v 0.003563 1.099956 -0.043856
v 0.003779 1.099332 -0.040563
v -0.002492 1.097701 -0.043884
v -0.001043 1.095547 -0.040963
v -0.002276 1.097077 -0.040591
v 0.002330 1.101487 -0.043484
v 0.002547 1.100863 -0.040192
v -0.001260 1.096171 -0.044255
v -0.001466 1.094802 -0.040646
v -0.003008 1.096716 -0.040182
v 0.004566 1.099536 -0.040146
v 0.003024 1.101451 -0.039682
v -0.001737 1.095582 -0.044765
v -0.003279 1.097497 -0.044301
v 0.004295 1.100317 -0.044265
v 0.002753 1.102232 -0.043801
v -0.049616 1.166015 -0.027838
v -0.048384 1.164484 -0.028209
v -0.052990 1.160075 -0.025316
v -0.053207 1.160699 -0.028609
v -0.054222 1.161606 -0.024945
v -0.048167 1.163860 -0.024916
v -0.049399 1.165391 -0.024545
v -0.054439 1.162230 -0.028238
v -0.053413 1.159330 -0.025000
v -0.054954 1.161245 -0.024535
v -0.047381 1.164065 -0.024500
v -0.048922 1.165979 -0.024035
v -0.053684 1.160110 -0.029118
v -0.055225 1.162025 -0.028654
v -0.047652 1.164845 -0.028618
v -0.049193 1.166760 -0.028154
v -0.100330 1.229012 -0.012562
v -0.104936 1.224603 -0.009669
v -0.106168 1.226134 -0.009298
v -0.105153 1.225227 -0.012962
v -0.106385 1.226758 -0.012591
v -0.101563 1.230543 -0.012191
v -0.100113 1.228388 -0.009269
v -0.101346 1.229919 -0.008898
v -0.105359 1.223858 -0.009353
v -0.106900 1.225773 -0.008889
v -0.099327 1.228593 -0.008853
v -0.100868 1.230507 -0.008389
v -0.105630 1.224638 -0.013472
v -0.107172 1.226553 -0.013007
v -0.099598 1.229373 -0.012972
v -0.101140 1.231288 -0.012507
v -0.158115 1.290662 0.006349
v -0.157099 1.289755 0.002685
v -0.158332 1.291286 0.003056
v -0.153292 1.294447 0.006748
v -0.156882 1.289131 0.005977
v -0.152060 1.292916 0.006377
v -0.152277 1.293540 0.003084
v -0.153509 1.295071 0.003456
v -0.157305 1.288386 0.006294
v -0.158847 1.290301 0.006758
v -0.151273 1.293121 0.006794
v -0.152815 1.295036 0.007258
v -0.157577 1.289167 0.002175
v -0.159118 1.291081 0.002639
v -0.151545 1.293901 0.002675
v -0.153086 1.295816 0.003139
v -0.204223 1.358069 0.018731
v -0.210061 1.355190 0.021995
v -0.204006 1.357445 0.022024
v -0.205239 1.358975 0.022395
v -0.210278 1.355814 0.018702
v -0.208829 1.353659 0.021624
v -0.209046 1.354283 0.018331
v -0.205455 1.359599 0.019102
v -0.209252 1.352914 0.021940
v -0.210793 1.354829 0.022404
v -0.203220 1.357649 0.022440
v -0.204761 1.359564 0.022905
v -0.209523 1.353695 0.017822
v -0.211064 1.355610 0.018286
v -0.203491 1.358429 0.018322
v -0.205032 1.360344 0.018786
v -0.162059 1.587706 0.061173
v -0.252379 1.558917 0.061663
v -0.136723 1.555251 0.053356
v -0.191195 1.482913 0.043234
v -0.152223 1.513502 0.046465
v -0.209575 1.589999 0.064735
v -0.153543 1.542778 0.052099
v -0.197282 1.490474 0.045067
v -0.138577 1.534812 0.049605
v -0.174394 1.507601 0.046806
v -0.159854 1.524751 0.049099
v -0.176255 1.577416 0.060158
v -0.201214 1.577089 0.061739
v -0.243305 1.547644 0.058930
v -0.222260 1.562366 0.060334
v -0.182078 1.594021 0.063687
v -0.187720 1.579830 0.061370
v -0.145210 1.574629 0.057586
v -0.159693 1.563476 0.056426
v -0.154629 1.554060 0.054309
v -0.155077 1.533152 0.050376
v -0.167600 1.571683 0.058502
v -0.192089 1.595578 0.064642
v -0.171722 1.592236 0.062668
v -0.153034 1.582425 0.059578
v -0.139866 1.565175 0.055443
v -0.136303 1.544360 0.051264
v -0.143129 1.523739 0.047806
v -0.170546 1.496763 0.044499
v -0.228733 1.577477 0.063624
v -0.162609 1.589290 0.052814
v -0.252930 1.560501 0.053304
v -0.137274 1.556835 0.044996
v -0.191745 1.484497 0.034874
v -0.152773 1.515086 0.038105
v -0.210125 1.591583 0.056376
v -0.154094 1.544362 0.043740
v -0.197832 1.492059 0.036708
v -0.139128 1.536396 0.041245
v -0.174944 1.509185 0.038447
v -0.160405 1.526335 0.040739
v -0.176806 1.579000 0.051798
v -0.201765 1.578673 0.053379
v -0.243855 1.549228 0.050570
v -0.222810 1.563950 0.051975
v -0.182628 1.595605 0.055328
v -0.188271 1.581414 0.053010
v -0.145761 1.576213 0.049227
v -0.160244 1.565060 0.048067
v -0.155179 1.555644 0.045949
v -0.155627 1.534736 0.042017
v -0.168150 1.573267 0.050142
v -0.192639 1.597162 0.056282
v -0.172272 1.593820 0.054308
v -0.153585 1.584009 0.051219
v -0.140417 1.566759 0.047084
v -0.136854 1.545944 0.042905
v -0.143679 1.525323 0.039447
v -0.171096 1.498347 0.036139
v -0.229283 1.579061 0.055264
v -0.201934 1.461324 0.064173
v -0.231603 1.438037 0.061713
v -0.201764 1.471732 0.021817
v -0.199234 1.464448 0.060258
v -0.205012 1.470186 0.017409
v -0.234681 1.446898 0.014949
v -0.234852 1.436491 0.057305
v -0.237382 1.443775 0.018864
v -0.202829 1.471606 0.018802
v -0.233787 1.436617 0.060320
v -0.200584 1.462886 0.062215
v -0.236704 1.445016 0.015993
v 0.264778 0.828048 -0.112002
v 0.241463 0.809747 -0.113935
v 0.234295 0.808929 -0.113618
v 0.231658 0.811667 -0.112926
v 0.148996 0.914350 -0.088028
v 0.066334 1.017034 -0.063129
v -0.016328 1.119717 -0.038231
v -0.098990 1.222400 -0.013333
v -0.181652 1.325083 0.011566
v -0.260063 1.422486 0.035184
v 0.236756 0.807341 -0.114081
vn -0.7417 -0.6662 -0.0774
vn 0.3802 0.3899 -0.8387
vn 0.2568 0.0862 -0.9626
vn 0.0176 0.2015 -0.9793
vn 0.1462 -0.1687 0.9748
vn 0.3786 -0.2643 0.8870
vn 0.4925 0.0666 0.8678
vn -0.0955 0.1177 -0.9884
vn 0.0590 0.0037 -0.9982
vn -0.3065 -0.0429 -0.9509
vn 0.0332 -0.2528 0.9669
vn -0.1846 -0.3937 0.9005
vn 0.1850 -0.3588 0.9149
vn 0.3997 -0.1855 0.8977
vn 0.8180 0.2451 0.5204
vn 0.9718 -0.2115 -0.1040
vn 0.8965 0.4424 0.0248
vn -0.0377 0.1523 -0.9876
vn 0.0890 -0.0082 -0.9960
vn 0.0913 -0.2189 0.9715
vn -0.7850 -0.6161 -0.0651
vn 0.6162 -0.7654 -0.1856
vn -0.1609 -0.1144 -0.9803
vn -0.6673 -0.4622 -0.5840
vn 0.2719 0.4279 -0.8620
vn 0.7139 0.6423 -0.2790
vn -0.2719 -0.4279 0.8620
vn -0.7139 -0.6423 0.2790
vn 0.3889 0.0908 0.9168
vn 0.7586 0.5135 0.4011
vn 0.3928 0.0860 0.9156
vn 0.7671 0.5027 0.3984
vn 0.3851 0.0956 0.9179
vn 0.7500 0.5241 0.4036
vn 0.3865 0.0938 0.9175
vn 0.7532 0.5201 0.4027
vn 0.3914 0.0878 0.9160
vn 0.7640 0.5067 0.3994
vn 0.3934 0.0852 0.9154
vn 0.7685 0.5009 0.3980
vn 0.3844 0.0965 0.9181
vn 0.7484 0.5260 0.4041
vn 0.3834 0.0977 0.9184
vn 0.7461 0.5287 0.4047
vn -0.3889 -0.0908 -0.9168
vn -0.7586 -0.5135 -0.4011
vn -0.3928 -0.0860 -0.9156
vn -0.7671 -0.5027 -0.3984
vn -0.3851 -0.0956 -0.9179
vn -0.7500 -0.5241 -0.4036
vn -0.3865 -0.0938 -0.9175
vn -0.7532 -0.5201 -0.4027
vn -0.3914 -0.0878 -0.9160
vn -0.7640 -0.5067 -0.3994
vn -0.3934 -0.0852 -0.9154
vn -0.7685 -0.5009 -0.3980
vn -0.3844 -0.0965 -0.9181
vn -0.7484 -0.5260 -0.4041
vn -0.3834 -0.0977 -0.9184
vn -0.7461 -0.5287 -0.4047
vn 0.2783 0.1640 -0.9464
vn 0.7512 0.4374 -0.4944
vn 0.2663 0.4347 -0.8603
vn 0.7014 0.6575 -0.2752
vn 0.2673 0.4335 -0.8606
vn 0.7036 0.6549 -0.2759
vn 0.2764 0.4223 -0.8633
vn 0.7238 0.6298 -0.2820
vn 0.2743 0.4249 -0.8627
vn 0.7192 0.6356 -0.2806
vn 0.2695 0.4308 -0.8613
vn 0.7085 0.6489 -0.2774
vn 0.2680 0.4326 -0.8608
vn 0.7052 0.6529 -0.2764
vn 0.2757 0.4231 -0.8631
vn 0.7224 0.6316 -0.2815
vn -0.0382 -0.4675 0.8832
vn -0.5990 -0.6591 0.4549
vn -0.2663 -0.4347 0.8603
vn -0.7014 -0.6575 0.2752
vn -0.2673 -0.4335 0.8606
vn -0.7036 -0.6549 0.2759
vn -0.2764 -0.4223 0.8633
vn -0.7238 -0.6298 0.2820
vn -0.2743 -0.4249 0.8627
vn -0.7192 -0.6356 0.2806
vn -0.2695 -0.4308 0.8613
vn -0.7085 -0.6489 0.2774
vn -0.2680 -0.4326 0.8608
vn -0.7052 -0.6529 0.2764
vn -0.2757 -0.4231 0.8631
vn -0.7224 -0.6316 0.2815
vn 0.2141 -0.3684 0.9047
vn 0.8818 0.4706 0.0311
vn 0.0580 0.0315 -0.9978
vn 0.7850 0.6161 0.0651
vn 0.1845 -0.3328 0.9248
vn -0.0645 0.1858 -0.9805
vn 0.7940 0.6047 0.0623
vn 0.0645 -0.1858 0.9805
vn 0.7757 0.6274 0.0678
vn 0.7792 0.6232 0.0668
vn 0.7907 0.6090 0.0633
vn 0.7955 0.6028 0.0619
vn 0.7740 0.6295 0.0683
vn 0.7716 0.6323 0.0690
vn -0.8004 -0.5965 -0.0603
vn -0.7940 -0.6047 -0.0623
vn -0.7757 -0.6274 -0.0678
vn -0.7792 -0.6232 -0.0668
vn -0.7907 -0.6090 -0.0633
vn -0.7955 -0.6028 -0.0619
vn -0.7740 -0.6295 -0.0683
vn -0.7716 -0.6323 -0.0690
vn -0.6162 0.7654 0.1856
vn 0.1360 -0.2739 0.9521
vn 0.0079 0.0951 -0.9954
vn 0.8246 0.5632 0.0524
vn -0.0197 -0.9826 -0.1849
vn -0.5540 -0.8239 -0.1197
vn -0.7280 -0.6807 -0.0811
vn -0.6055 -0.3097 -0.7331
vn -0.7848 -0.5767 -0.2269
vn -0.5151 -0.5699 0.6402
vn -0.7634 -0.6384 0.0986
vn -0.1288 -0.9758 -0.1764
vn -0.6718 -0.7346 -0.0950
vn -0.9918 0.0962 0.0835
vn -0.8763 -0.4805 -0.0334
vn 0.3757 0.0786 0.9234
vn 0.7549 0.5068 0.4162
vn -0.3757 -0.0786 -0.9234
vn -0.7549 -0.5068 -0.4162
vn 0.2576 0.4186 -0.8709
vn 0.7081 0.6416 -0.2949
vn -0.2576 -0.4186 0.8709
vn -0.4037 0.8937 0.1959
vn -0.7081 -0.6416 0.2949
vn -0.5397 0.6285 0.5601
vn -0.5911 0.7762 -0.2195
vn -0.8175 0.5536 0.1587
vn -0.8289 0.5372 0.1563
vn 0.4964 -0.5626 -0.6611
vn 0.8289 -0.5371 -0.1563
vn -0.5625 0.7527 -0.3421
vn -0.4965 0.5627 0.6610
vn 0.3429 -0.9186 -0.1966
vn 0.5624 -0.7527 0.3422
vn -0.3430 0.9185 0.1966
vn 0.4964 -0.5625 -0.6612
vn -0.5624 0.7527 -0.3422
vn -0.4964 0.5626 0.6611
vn 0.5624 -0.7527 0.3423
vn -0.8289 0.5371 0.1563
vn 0.3429 -0.9185 -0.1966
vn -0.3429 0.9185 0.1966
vn 0.4965 -0.5627 -0.6610
vn 0.8289 -0.5372 -0.1563
vn 0.3430 -0.9185 -0.1966
vn 0.5625 -0.7527 0.3421
vn -0.3429 0.9186 0.1966
vn 0.4963 -0.5625 -0.6612
vn 0.9244 -0.3590 -0.1289
vn 0.1675 0.9706 0.1729
vn -0.7629 0.6242 0.1685
vn 0.4379 0.8882 0.1395
vn -0.8693 0.4721 0.1467
vn 0.7140 0.6950 0.0847
vn -0.2201 -0.9610 -0.1676
vn 0.9530 0.3029 -0.0053
vn 0.5713 -0.7987 -0.1889
vn 0.9714 -0.2132 -0.1043
vn 0.5176 0.8463 0.1263
vn 0.7476 -0.6418 -0.1708
vn 0.5549 -0.8099 -0.1900
vn 0.1837 0.9679 0.1713
vn -0.5448 0.8166 0.1906
vn 0.1902 -0.9622 -0.1948
vn 0.9972 0.0493 -0.0563
vn 0.8734 0.4858 0.0346
vn 0.6739 -0.7165 -0.1801
vn -0.7280 -0.6808 -0.0811
vn -0.2971 0.9344 0.1966
vn -0.8831 -0.4681 -0.0306
vn -0.9935 -0.1045 0.0456
vn -0.9858 0.1406 0.0915
vn -0.5976 0.7797 0.1871
vn -0.5639 -0.8174 -0.1178
vn 0.5619 -0.8052 -0.1896
vn 0.9399 -0.0953 -0.3279
vn 0.6302 -0.2467 -0.7361
vn 0.3833 -0.5654 0.7303
vn 0.2360 -0.8409 0.4870
vn -0.1072 -0.9911 0.0793
vn -0.3561 -0.9221 -0.1513
vn -0.1401 -0.8963 -0.4207
vn 0.6343 -0.7601 -0.1410
vn 0.6193 -0.7772 -0.1117
vn 0.9965 0.0650 -0.0533
vn 0.6096 -0.7494 -0.2584
vn 0.6760 -0.7146 -0.1799
vn 0.9505 -0.2220 0.2173
vn 0.1523 -0.5998 -0.7855
vn 0.7732 -0.4277 0.4682
vn 0.6029 -0.7844 -0.1454
vn 0.5823 -0.7945 -0.1724
vn 0.5912 -0.7779 -0.2128
vn 0.6286 -0.7438 -0.2271
vn 0.6520 -0.7315 -0.1997
vn 0.6543 -0.7381 -0.1648
vn 0.2741 -0.2511 -0.9283
vt 0.313543 0.091370
vt 0.310288 0.115284
vt 0.251356 0.199199
vt 0.251356 0.000172
vt 0.064477 0.023627
vt 0.066522 0.011254
vt 0.068057 0.013495
vt 0.067450 0.023514
vt 0.072330 0.005670
vt 0.072893 0.010823
vt 0.073887 0.022962
vt 0.051937 0.019239
vt 0.057025 0.008048
vt 0.060696 0.012220
vt 0.057906 0.021932
vt 0.059316 0.003367
vt 0.062898 0.010620
vt 0.060712 0.023032
vt 0.080651 0.022294
vt 0.078165 0.010338
vt 0.083209 0.009264
vt 0.087002 0.021152
vt 0.077131 0.005229
vt 0.085853 0.003440
vt 0.089896 0.020498
vt 0.102741 0.016995
vt 0.096501 0.018871
vt 0.094477 0.006536
vt 0.099462 0.005185
vt 0.093597 0.019601
vt 0.089484 0.002567
vt 0.098046 0.000172
vt 0.026545 0.101027
vt 0.033123 0.102436
vt 0.040167 0.103364
vt 0.251356 0.214769
vt 0.255002 0.214769
vt 0.255002 0.222647
vt 0.251356 0.222647
vt 0.079526 0.010175
vt 0.079000 0.004980
vt 0.045704 0.016257
vt 0.050981 0.005137
vt 0.251356 0.199543
vt 0.255002 0.199543
vt 0.255002 0.208233
vt 0.251356 0.208233
vt 0.087899 0.104521
vt 0.094426 0.103847
vt 0.101521 0.102826
vt 0.072704 0.897270
vt 0.071381 0.964685
vt 0.065441 0.963781
vt 0.066667 0.897309
vt 0.060189 0.963190
vt 0.059349 0.897509
vt 0.138090 0.901655
vt 0.126948 0.986120
vt 0.120148 0.985220
vt 0.131198 0.901126
vt 0.112786 0.984236
vt 0.123789 0.900573
vt 0.041788 0.967620
vt 0.023922 0.901781
vt 0.030837 0.900761
vt 0.047179 0.964826
vt 0.038219 0.899807
vt 0.052061 0.962873
vt 0.020773 0.802048
vt 0.027812 0.801963
vt 0.035422 0.801853
vt 0.020086 0.701271
vt 0.027179 0.701256
vt 0.034874 0.701242
vt 0.020298 0.600067
vt 0.027354 0.600000
vt 0.035007 0.599976
vt 0.020388 0.499041
vt 0.027439 0.499041
vt 0.035070 0.499042
vt 0.020314 0.398795
vt 0.027365 0.398870
vt 0.035011 0.398896
vt 0.020077 0.297033
vt 0.027166 0.297055
vt 0.034853 0.297079
vt 0.020954 0.196955
vt 0.027942 0.197060
vt 0.035545 0.197237
vt 0.078539 0.979311
vt 0.090257 0.898188
vt 0.096861 0.898638
vt 0.085212 0.980312
vt 0.104072 0.899144
vt 0.092468 0.981378
vt 0.090589 0.801237
vt 0.097547 0.801219
vt 0.105106 0.801246
vt 0.090623 0.701180
vt 0.097659 0.701179
vt 0.105274 0.701180
vt 0.090416 0.600335
vt 0.097478 0.600408
vt 0.105140 0.600435
vt 0.090386 0.499049
vt 0.097462 0.499048
vt 0.105130 0.499048
vt 0.090397 0.398504
vt 0.097460 0.398423
vt 0.105125 0.398391
vt 0.090605 0.297103
vt 0.097631 0.297098
vt 0.105233 0.297087
vt 0.090445 0.198177
vt 0.097349 0.198204
vt 0.104816 0.198128
vt 0.070913 0.105552
vt 0.064585 0.105641
vt 0.057768 0.105180
vt 0.070763 0.197896
vt 0.063893 0.197749
vt 0.056380 0.197633
vt 0.070733 0.297116
vt 0.063665 0.297108
vt 0.055994 0.297096
vt 0.070582 0.398766
vt 0.063531 0.398848
vt 0.055884 0.398882
vt 0.070569 0.499050
vt 0.063516 0.499051
vt 0.055884 0.499051
vt 0.070601 0.600099
vt 0.063546 0.600025
vt 0.055896 0.599995
vt 0.070759 0.701177
vt 0.063684 0.701185
vt 0.056003 0.701197
vt 0.070880 0.801333
vt 0.063961 0.801439
vt 0.056444 0.801542
vt 0.135402 0.097745
vt 0.128412 0.098996
vt 0.120951 0.100039
vt 0.140166 0.197136
vt 0.133119 0.197446
vt 0.125541 0.197687
vt 0.140680 0.297004
vt 0.133633 0.297027
vt 0.126013 0.297049
vt 0.140816 0.398487
vt 0.133755 0.398407
vt 0.126089 0.398377
vt 0.140855 0.499042
vt 0.133778 0.499041
vt 0.126110 0.499041
vt 0.140810 0.600337
vt 0.133749 0.600409
vt 0.126086 0.600438
vt 0.140723 0.701220
vt 0.133678 0.701213
vt 0.126055 0.701206
vt 0.140580 0.801700
vt 0.133556 0.801561
vt 0.125945 0.801446
vt 0.053267 0.000428
vt 0.007435 0.095987
vt 0.478927 0.185240
vt 0.485072 0.188092
vt 0.487618 0.194976
vt 0.000742 0.802324
vt 0.004465 0.905642
vt 0.000172 0.701299
vt 0.000480 0.600269
vt 0.000580 0.499038
vt 0.000505 0.398567
vt 0.000172 0.296971
vt 0.001127 0.196627
vt 0.330193 0.089386
vt 0.326165 0.117880
vt 0.319752 0.102715
vt 0.319720 0.102709
vt 0.469892 0.116555
vt 0.509104 0.116555
vt 0.509104 0.184896
vt 0.469892 0.184896
vt 0.380065 0.190281
vt 0.382034 0.017162
vt 0.319686 0.102751
vt 0.319751 0.102915
vt 0.156977 0.660089
vt 0.160609 0.660073
vt 0.161302 0.877128
vt 0.157505 0.877143
vt 0.148526 0.054751
vt 0.150431 0.003214
vt 0.150661 0.003317
vt 0.149748 0.054769
vt 0.147249 0.052701
vt 0.150487 0.001654
vt 0.150997 0.000369
vt 0.151029 0.000182
vt 0.151025 0.000184
vt 0.151044 0.000374
vt 0.151203 0.000475
vt 0.151044 0.000172
vt 0.251356 0.231711
vt 0.251356 0.228054
vt 0.251356 0.224397
vt 0.253924 0.224397
vt 0.253924 0.231711
vt 0.151031 0.000177
vt 0.150920 0.000405
vt 0.150812 0.000427
vt 0.151041 0.000175
vt 0.151010 0.000481
vt 0.150969 0.000528
vt 0.150937 0.000528
vt 0.150974 0.000481
vt 0.150941 0.001083
vt 0.150839 0.001064
vt 0.152371 0.050758
vt 0.149167 0.877143
vt 0.148998 0.662549
vt 0.148927 0.455424
vt 0.155928 0.451110
vt 0.149035 0.281457
vt 0.154675 0.276239
vt 0.149313 0.147320
vt 0.153441 0.142223
vt 0.141199 0.877136
vt 0.141371 0.661321
vt 0.145361 0.662549
vt 0.145368 0.877140
vt 0.142230 0.453257
vt 0.145729 0.455420
vt 0.143636 0.278824
vt 0.146450 0.281448
vt 0.145362 0.144734
vt 0.147411 0.147308
vt 0.153527 0.050721
vt 0.155313 0.142198
vt 0.157238 0.276213
vt 0.159114 0.451086
vt 0.217805 0.508634
vt 0.165814 0.508634
vt 0.165814 0.456643
vt 0.217805 0.456643
vt 0.414706 0.177657
vt 0.410560 0.146193
vt 0.415237 0.149910
vt 0.418265 0.173314
vt 0.422218 0.155410
vt 0.423544 0.166853
vt 0.442916 0.142678
vt 0.446446 0.175139
vt 0.441779 0.171278
vt 0.439187 0.147300
vt 0.435001 0.165727
vt 0.433794 0.154145
vt 0.382378 0.216944
vt 0.382378 0.116555
vt 0.469548 0.118520
vt 0.396360 0.366080
vt 0.395192 0.367776
vt 0.395021 0.367692
vt 0.396449 0.365513
vt 0.469546 0.195271
vt 0.425075 0.157689
vt 0.425335 0.160018
vt 0.431741 0.159331
vt 0.431493 0.156993
vt 0.393463 0.372076
vt 0.397015 0.389395
vt 0.395241 0.365273
vt 0.395676 0.366180
vt 0.394637 0.368171
vt 0.394406 0.367237
vt 0.393356 0.348438
vt 0.386846 0.390027
vt 0.392957 0.423566
vt 0.397015 0.424886
vt 0.394737 0.434208
vt 0.390675 0.447826
vt 0.408147 0.436743
vt 0.400477 0.433556
vt 0.404943 0.428962
vt 0.397359 0.425465
vt 0.480854 0.512626
vt 0.477822 0.520415
vt 0.472962 0.515495
vt 0.470505 0.523639
vt 0.471771 0.348845
vt 0.479553 0.352001
vt 0.475083 0.356636
vt 0.482686 0.360173
vt 0.397359 0.448468
vt 0.400389 0.440679
vt 0.405250 0.445599
vt 0.407707 0.437451
vt 0.407710 0.523633
vt 0.400392 0.520406
vt 0.405254 0.515485
vt 0.397360 0.512616
vt 0.470512 0.437451
vt 0.477831 0.440678
vt 0.472969 0.445598
vt 0.480862 0.448468
vt 0.397463 0.359799
vt 0.400659 0.351619
vt 0.405156 0.356288
vt 0.408436 0.348438
vt 0.482686 0.425652
vt 0.479461 0.433949
vt 0.474944 0.429220
vt 0.471538 0.437107
vt 0.365076 0.456204
vt 0.278053 0.351224
vt 0.279125 0.350854
vt 0.373944 0.448720
vt 0.279650 0.349870
vt 0.383292 0.439575
vt 0.184537 0.232055
vt 0.272847 0.339719
vt 0.271801 0.340047
vt 0.175425 0.239656
vt 0.271275 0.340971
vt 0.165814 0.248970
vt 0.280039 0.341319
vt 0.369534 0.235270
vt 0.378424 0.244060
vt 0.280865 0.341992
vt 0.386502 0.253372
vt 0.281351 0.342971
vt 0.270748 0.349985
vt 0.182934 0.456299
vt 0.173987 0.447633
vt 0.269945 0.349424
vt 0.425959 0.364033
vt 0.425585 0.421357
vt 0.165814 0.438441
vt 0.269332 0.348279
vt 0.458514 0.421312
vt 0.458816 0.364400
vt 0.251356 0.224053
vt 0.251356 0.223709
vt 0.251356 0.222991
vt 0.251356 0.223365
vt 0.251700 0.222991
vt 0.251700 0.224053
vt 0.251700 0.223365
vt 0.251700 0.223709
vt 0.252044 0.223365
vt 0.483990 0.077554
vt 0.478603 0.088676
vt 0.470618 0.097778
vt 0.462778 0.106423
vt 0.443102 0.113901
vt 0.416926 0.116211
vt 0.382378 0.116211
vt 0.382378 0.099321
vt 0.411830 0.097672
vt 0.441282 0.096023
vt 0.455339 0.088816
vt 0.463864 0.078337
vt 0.467481 0.066836
vt 0.468645 0.053603
vt 0.466392 0.041308
vt 0.459233 0.030168
vt 0.450922 0.022434
vt 0.440591 0.018164
vt 0.415213 0.012896
vt 0.382378 0.013666
vt 0.382378 0.002337
vt 0.410847 0.000172
vt 0.439315 0.002337
vt 0.454835 0.005182
vt 0.466891 0.012068
vt 0.475808 0.019195
vt 0.483281 0.029498
vt 0.487620 0.040874
vt 0.489649 0.053405
vt 0.488263 0.066201
vt 0.488458 0.270712
vt 0.492731 0.282065
vt 0.494117 0.294861
vt 0.492088 0.307392
vt 0.487749 0.318769
vt 0.480275 0.329071
vt 0.471359 0.336198
vt 0.459303 0.343084
vt 0.443783 0.345929
vt 0.415315 0.348094
vt 0.386846 0.345929
vt 0.386846 0.334600
vt 0.419681 0.335370
vt 0.445059 0.330102
vt 0.455390 0.325832
vt 0.463701 0.318099
vt 0.470860 0.306958
vt 0.473112 0.294663
vt 0.471949 0.281430
vt 0.468332 0.269929
vt 0.459807 0.259450
vt 0.445750 0.252243
vt 0.416298 0.250594
vt 0.386846 0.248945
vt 0.386846 0.232055
vt 0.421394 0.232055
vt 0.447570 0.234365
vt 0.467246 0.241843
vt 0.475086 0.250488
vt 0.483071 0.259590
vt 0.189152 0.041550
vt 0.195668 0.046842
vt 0.189266 0.056307
vt 0.182009 0.051652
vt 0.172041 0.146859
vt 0.182326 0.144079
vt 0.185573 0.155777
vt 0.175687 0.159280
vt 0.220284 0.053802
vt 0.212691 0.049123
vt 0.226779 0.029679
vt 0.233389 0.034866
vt 0.166921 0.120883
vt 0.177024 0.119606
vt 0.179039 0.131894
vt 0.168956 0.133887
vt 0.215454 0.062597
vt 0.206887 0.058593
vt 0.166407 0.094977
vt 0.175758 0.095980
vt 0.175530 0.107914
vt 0.165814 0.108134
vt 0.214791 0.138353
vt 0.203664 0.142987
vt 0.198708 0.126446
vt 0.209900 0.123786
vt 0.171884 0.071438
vt 0.180165 0.074514
vt 0.177500 0.084722
vt 0.168562 0.082653
vt 0.243643 0.187462
vt 0.232092 0.192326
vt 0.212747 0.161766
vt 0.223604 0.155498
vt 0.184411 0.064623
vt 0.176752 0.060617
vt 0.229535 0.231711
vt 0.231549 0.220908
vt 0.240449 0.215992
vt 0.251012 0.223522
vt 0.198365 0.031097
vt 0.204693 0.037115
vt 0.202730 0.206868
vt 0.211130 0.200303
vt 0.242678 0.000172
vt 0.236916 0.010102
vt 0.222288 0.019975
vt 0.216895 0.012538
vt 0.251012 0.014452
vt 0.241281 0.014833
vt 0.185717 0.180921
vt 0.195563 0.175459
vt 0.207882 0.111016
vt 0.197177 0.111961
vt 0.196962 0.096886
vt 0.207423 0.097236
vt 0.198587 0.083102
vt 0.208603 0.084776
vt 0.202393 0.069399
vt 0.211620 0.072389
vt 0.487618 0.215034
vt 0.485072 0.221918
vt 0.478927 0.224770
vt 0.469892 0.194976
vt 0.472438 0.188092
vt 0.478583 0.185240
vt 0.478583 0.224770
vt 0.472438 0.221918
vt 0.469892 0.215034
vt 0.464519 0.458068
vt 0.464512 0.503025
vt 0.061454 0.970109
vt 0.060188 0.963198
vt 0.065441 0.963787
vt 0.062296 0.970548
vt 0.063075 0.971069
vt 0.051440 0.971230
vt 0.051704 0.982094
vt 0.041075 0.982877
vt 0.052182 0.982767
vt 0.045931 0.988876
vt 0.052906 0.983169
vt 0.052107 0.993584
vt 0.065393 0.983482
vt 0.071713 0.999828
vt 0.066216 0.983033
vt 0.076713 0.988640
vt 0.416832 0.453204
vt 0.413758 0.454629
vt 0.460173 0.453200
vt 0.052864 0.970043
vt 0.052062 0.962880
vt 0.416835 0.507883
vt 0.460166 0.507892
vt 0.412485 0.458072
vt 0.412490 0.503014
vt 0.052134 0.970638
vt 0.047181 0.964832
vt 0.066778 0.982005
vt 0.463246 0.454626
vt 0.462339 0.505459
vt 0.413763 0.506456
vt 0.151042 0.000181
vt 0.154914 0.052655
vt 0.157426 0.144684
vt 0.160098 0.278762
vt 0.162637 0.453193
vt 0.164606 0.661271
vt 0.165470 0.877111
vt 0.150755 0.000818
vt 0.150893 0.000544
s 0
usemtl Rod
f 808/874/610 807/875/610 657/876/610 811/877/610
f 659/878/611 662/879/611 663/880/611 665/881/611
f 660/882/612 664/883/612 663/880/612 662/879/612
f 661/884/613 665/881/613 663/880/613 664/883/613
f 666/885/614 669/886/614 670/887/614 672/888/614
f 667/889/615 671/890/615 670/887/615 669/886/615
f 668/891/616 672/888/616 670/887/616 671/890/616
f 673/892/617 675/893/617 676/894/617 678/895/617
f 674/896/618 677/897/618 676/894/618 675/893/618
f 797/898/619 678/895/619 676/894/619 677/897/619
f 679/899/620 682/900/620 683/901/620 685/902/620
f 680/903/621 684/904/621 683/901/621 682/900/621
f 681/905/622 685/902/622 683/901/622 684/904/622
f 722/906/623 666/885/623 672/888/623 723/907/623
f 723/907/624 672/888/624 668/891/624 721/908/624
f 667/909/625 660/910/625 662/911/625 671/912/625
f 671/890/626 662/879/626 659/878/626 668/891/626
f 673/892/627 661/884/627 664/883/627 675/913/627
f 675/913/628 664/883/628 660/882/628 674/914/628
f 666/885/629 679/915/629 685/916/629 669/886/629
f 680/903/630 797/898/630 677/897/630 684/904/630
f 684/917/631 677/918/631 674/919/631 681/920/631
f 745/921/632 673/892/632 678/895/632 746/922/632
f 746/922/633 678/895/633 797/898/633 798/923/633
f 772/924/634 687/925/634 688/926/634 773/927/634
f 773/927/635 688/926/635 686/928/635 771/929/635
f 795/930/636 695/931/636 696/932/636 796/933/636
f 796/933/637 696/932/637 799/934/637 800/935/637
f 689/936/638 697/937/638 699/938/638 691/939/638
f 691/939/639 699/938/639 698/940/639 690/941/639
f 697/937/638 700/942/638 702/943/638 699/938/638
f 699/938/639 702/943/639 701/944/639 698/940/639
f 700/942/640 703/945/640 705/946/640 702/943/640
f 702/943/641 705/946/641 704/947/641 701/944/641
f 703/945/642 706/948/642 708/949/642 705/946/642
f 705/946/643 708/949/643 707/950/643 704/947/643
f 706/948/644 709/951/644 711/952/644 708/949/644
f 708/949/645 711/952/645 710/953/645 707/950/645
f 709/951/646 712/954/646 714/955/646 711/952/646
f 711/952/647 714/955/647 713/956/647 710/953/647
f 712/954/648 715/957/648 717/958/648 714/955/648
f 714/955/649 717/958/649 716/959/649 713/956/649
f 715/957/650 718/960/650 720/961/650 717/958/650
f 717/958/651 720/961/651 719/962/651 716/959/651
f 718/960/652 722/906/652 723/907/652 720/961/652
f 720/961/653 723/907/653 721/908/653 719/962/653
f 692/963/654 724/964/654 726/965/654 694/966/654
f 694/966/655 726/965/655 725/967/655 693/968/655
f 724/964/654 727/969/654 729/970/654 726/965/654
f 726/965/655 729/970/655 728/971/655 725/967/655
f 727/969/656 730/972/656 732/973/656 729/970/656
f 729/970/657 732/973/657 731/974/657 728/971/657
f 730/972/658 733/975/658 734/976/658 732/973/658
f 732/973/659 734/976/659 801/977/659 731/974/659
f 733/975/660 735/978/660 736/979/660 734/976/660
f 734/976/661 736/979/661 802/980/661 801/977/661
f 735/978/662 737/981/662 738/982/662 736/979/662
f 736/979/663 738/982/663 803/983/663 802/980/663
f 737/981/664 739/984/664 741/985/664 738/982/664
f 738/982/665 741/985/665 740/986/665 803/983/665
f 739/984/666 742/987/666 744/988/666 741/985/666
f 741/985/667 744/988/667 743/989/667 740/986/667
f 742/987/668 745/921/668 746/922/668 744/988/668
f 744/988/669 746/922/669 798/923/669 743/989/669
f 661/884/670 747/990/670 749/991/670 665/881/670
f 665/881/671 749/991/671 748/992/671 659/878/671
f 747/990/672 750/993/672 752/994/672 749/991/672
f 749/991/673 752/994/673 751/995/673 748/992/673
f 750/993/674 753/996/674 755/997/674 752/994/674
f 752/994/675 755/997/675 754/998/675 751/995/675
f 753/996/676 756/999/676 758/1000/676 755/997/676
f 755/997/677 758/1000/677 757/1001/677 754/998/677
f 756/999/678 759/1002/678 761/1003/678 758/1000/678
f 758/1000/679 761/1003/679 760/1004/679 757/1001/679
f 759/1002/680 762/1005/680 764/1006/680 761/1003/680
f 761/1003/681 764/1006/681 763/1007/681 760/1004/681
f 762/1005/682 765/1008/682 767/1009/682 764/1006/682
f 764/1006/683 767/1009/683 766/1010/683 763/1007/683
f 765/1008/684 768/1011/684 770/1012/684 767/1009/684
f 767/1009/685 770/1012/685 769/1013/685 766/1010/685
f 768/1011/634 772/924/634 773/927/634 770/1012/634
f 770/1012/635 773/927/635 771/929/635 769/1013/635
f 679/899/686 774/1014/686 775/1015/686 682/900/686
f 682/900/687 775/1015/687 804/1016/687 680/903/687
f 774/1014/688 776/1017/688 777/1018/688 775/1015/688
f 775/1015/689 777/1018/689 805/1019/689 804/1016/689
f 776/1017/690 778/1020/690 780/1021/690 777/1018/690
f 777/1018/691 780/1021/691 779/1022/691 805/1019/691
f 778/1020/692 781/1023/692 783/1024/692 780/1021/692
f 780/1021/693 783/1024/693 782/1025/693 779/1022/693
f 781/1023/694 784/1026/694 786/1027/694 783/1024/694
f 783/1024/695 786/1027/695 785/1028/695 782/1025/695
f 784/1026/696 787/1029/696 789/1030/696 786/1027/696
f 786/1027/697 789/1030/697 788/1031/697 785/1028/697
f 787/1029/698 790/1032/698 792/1033/698 789/1030/698
f 789/1030/699 792/1033/699 791/1034/699 788/1031/699
f 790/1032/700 793/1035/700 794/1036/700 792/1033/700
f 792/1033/701 794/1036/701 806/1037/701 791/1034/701
f 793/1035/636 795/930/636 796/933/636 794/1036/636
f 794/1036/637 796/933/637 800/935/637 806/1037/637
f 669/886/702 685/916/702 681/1038/702 667/889/702
f 660/910/631 667/909/631 681/920/631 674/919/631
f 748/992/703 721/908/703 668/891/703 659/878/703
f 661/884/704 673/892/704 745/921/704 747/990/704
f 686/928/705 690/941/705 698/940/705 771/929/705
f 679/915/706 666/885/706 722/906/706 774/1039/706
f 687/1040/631 688/1041/631 686/1042/631
f 771/929/705 698/940/705 701/944/705 769/1013/705
f 772/924/707 724/964/707 692/963/707 687/925/707
f 769/1013/708 701/944/708 704/947/708 766/1010/708
f 793/1043/709 700/942/709 697/937/709 795/1044/709
f 766/1010/710 704/947/710 707/950/710 763/1007/710
f 790/1045/709 703/945/709 700/942/709 793/1043/709
f 763/1007/711 707/950/711 710/953/711 760/1004/711
f 787/1046/709 706/948/709 703/945/709 790/1045/709
f 760/1004/712 710/953/712 713/956/712 757/1001/712
f 784/1047/709 709/951/709 706/948/709 787/1046/709
f 757/1001/713 713/956/713 716/959/713 754/998/713
f 781/1048/709 712/954/709 709/951/709 784/1047/709
f 754/998/714 716/959/714 719/962/714 751/995/714
f 778/1049/709 715/957/709 712/954/709 781/1048/709
f 751/995/715 719/962/715 721/908/715 748/992/715
f 776/1050/709 718/960/709 715/957/709 778/1049/709
f 774/1039/709 722/906/709 718/960/709 776/1050/709
f 768/1011/707 727/969/707 724/964/707 772/924/707
f 765/1008/707 730/972/707 727/969/707 768/1011/707
f 762/1005/707 733/975/707 730/972/707 765/1008/707
f 759/1002/707 735/978/707 733/975/707 762/1005/707
f 756/999/707 737/981/707 735/978/707 759/1002/707
f 753/996/707 739/984/707 737/981/707 756/999/707
f 750/993/707 742/987/707 739/984/707 753/996/707
f 797/898/716 680/903/716 804/1016/716 798/923/716
f 725/967/630 800/935/630 799/934/630 693/968/630
f 728/971/630 806/1037/630 800/935/630 725/967/630
f 731/974/717 791/1034/717 806/1037/717 728/971/717
f 801/977/718 788/1031/718 791/1034/718 731/974/718
f 802/980/719 785/1028/719 788/1031/719 801/977/719
f 803/983/720 782/1025/720 785/1028/720 802/980/720
f 740/986/721 779/1022/721 782/1025/721 803/983/721
f 743/989/722 805/1019/722 779/1022/722 740/986/722
f 798/923/723 804/1016/723 805/1019/723 743/989/723
f 809/1051/705 810/1052/705 884/1053/705 658/1054/705
f 655/1055/724 811/1056/724 657/1057/724 656/1058/724
f 807/875/725 810/1052/725 656/1059/725 657/876/725
f 808/874/726 811/877/726 655/1060/726 809/1051/726
f 885/1061/707 808/874/707 809/1051/707 658/1054/707
f 886/1062/709 884/1053/709 810/1052/709 807/875/709
f 655/1060/727 656/1059/727 810/1052/727 809/1051/727
f 885/1061/630 886/1062/630 807/875/630 808/874/630
f 847/1063/705 842/1064/705 814/1065/705 813/1066/705
f 832/1067/630 820/1068/630 829/1069/630 841/1070/630
f 1139/1071/707 1138/1072/707 820/1068/707 832/1067/707
f 821/1073/631 816/1074/631 817/1075/631 822/1076/631
f 823/1077/709 822/1076/709 817/1075/709 819/1078/709
f 816/1079/705 1135/1080/705 818/1081/705 819/1082/705 817/1083/705
f 1135/1084/707 816/1074/707 821/1073/707 1136/1085/707
f 824/1086/724 823/1077/724 819/1078/724 818/1087/724
f 828/1088/728 830/1089/728 827/1090/728 825/1091/728
f 830/1089/729 831/1092/729 826/1093/729 827/1090/729
f 831/1092/730 829/1069/730 820/1068/730 826/1093/730
f 825/1091/631 821/1073/631 822/1076/631 828/1088/631
f 820/1068/707 1138/1072/707 826/1093/707
f 829/1069/709 831/1092/709 830/1089/709 828/1088/709 822/1076/709 823/1077/709
f 841/1070/709 829/1069/709 823/1077/709 851/1094/709
f 812/1095/709 837/1096/709 847/1063/709 813/1066/709
f 837/1096/709 838/1097/709 848/1098/709 847/1063/709
f 838/1097/709 839/1099/709 849/1100/709 848/1098/709
f 839/1099/709 840/1101/709 850/1102/709 849/1100/709
f 840/1101/709 841/1070/709 851/1094/709 850/1102/709
f 1144/1103/707 1143/1104/707 836/1105/707 815/1106/707
f 1143/1104/707 1142/1107/707 835/1108/707 836/1105/707
f 1142/1107/707 1141/1109/707 834/1110/707 835/1108/707
f 1141/1109/707 1140/1111/707 833/1112/707 834/1110/707
f 1140/1111/707 1139/1071/707 832/1067/707 833/1112/707
f 815/1106/630 836/1105/630 837/1096/630 812/1095/630
f 836/1105/630 835/1108/630 838/1097/630 837/1096/630
f 835/1108/630 834/1110/630 839/1099/630 838/1097/630
f 834/1110/630 833/1112/630 840/1101/630 839/1099/630
f 833/1112/630 832/1067/630 841/1070/630 840/1101/630
f 823/1077/705 824/1086/705 846/1113/705 851/1094/705
f 851/1094/705 846/1113/705 845/1114/705 850/1102/705
f 850/1102/705 845/1114/705 844/1115/705 849/1100/705
f 849/1100/705 844/1115/705 843/1116/705 848/1098/705
f 848/1098/705 843/1116/705 842/1064/705 847/1063/705
f 854/1117/705 855/1118/705 853/1119/705 852/1120/705
f 863/1121/731 857/1122/731 858/1123/731 864/1124/731
f 864/1124/732 858/1123/732 868/1125/732 869/1126/732
f 860/1127/733 866/1128/733 867/1129/733 861/1130/733
f 861/1130/734 867/1129/734 870/1131/734 871/1132/734
f 857/1122/735 860/1127/735 861/1130/735 858/1123/735
f 858/1123/736 861/1130/736 871/1132/736 868/1125/736
f 866/1128/737 863/1121/737 864/1124/737 867/1129/737
f 867/1129/738 864/1124/738 869/1126/738 870/1131/738
f 863/1121/707 854/1133/707 852/1134/707 857/1122/707
f 852/1134/631 853/1135/631 860/1127/631 857/1122/631
f 856/1136/631 859/1137/631 875/1138/631 872/1139/631
f 855/1140/709 866/1128/709 860/1127/709 853/1135/709
f 863/1121/724 866/1128/724 855/1140/724 854/1133/724
f 856/1141/630 862/1142/630 869/1126/630 868/1125/630
f 865/1143/630 859/1144/630 871/1132/630 870/1131/630
f 859/1144/630 856/1141/630 868/1125/630 871/1132/630
f 862/1142/630 865/1143/630 870/1131/630 869/1126/630
f 875/1138/709 874/1145/709 878/1146/709 879/1147/709
f 862/1148/707 856/1136/707 872/1139/707 873/1149/707
f 865/1150/724 862/1148/724 873/1149/724 874/1145/724
f 859/1137/709 865/1150/709 874/1145/709 875/1138/709
f 876/1151/630 879/1147/630 878/1146/630 877/1152/630
f 872/1139/631 875/1138/631 879/1147/631 876/1151/631
f 873/1149/707 872/1139/707 876/1151/707 877/1152/707
f 878/1146/709 874/1145/709 881/1153/709 883/1154/709
f 881/1153/724 880/1155/724 882/1156/724 883/1154/724
f 873/1149/707 877/1152/707 882/1156/707 880/1155/707
f 877/1152/630 878/1146/630 883/1154/630 882/1156/630
f 874/1145/705 873/1149/705 880/1155/705 881/1153/705
f 887/1157/724 890/1158/724 889/1159/724
f 890/1158/724 888/1160/724 889/1159/724
f 891/1161/631 894/1162/631 893/1163/631
f 894/1162/631 892/1164/631 893/1163/631
f 895/1165/724 898/1166/724 897/1167/724
f 898/1166/724 896/1168/724 897/1167/724
f 899/1169/631 902/1170/631 901/1171/631
f 902/1170/631 900/1172/631 901/1171/631
f 903/1173/631 906/1174/631 905/1175/631
f 906/1174/631 904/1176/631 905/1175/631
f 907/1177/631 910/1178/631 909/1179/631
f 910/1178/631 908/1180/631 909/1179/631
f 911/1181/724 914/1182/724 913/1183/724
f 914/1182/724 912/1184/724 913/1183/724
f 915/1185/724 918/1186/724 917/1187/724
f 918/1186/724 916/1188/724 917/1187/724
f 887/1189/739 892/1190/739 894/1191/739 890/1192/739
f 890/1192/740 894/1191/740 891/1193/740 888/1194/740
f 895/1195/741 900/1196/741 902/1197/741 898/1198/741
f 898/1198/742 902/1197/742 899/1199/742 896/1200/742
f 907/1201/743 912/1202/743 914/1203/743 910/1204/743
f 910/1204/744 914/1203/744 911/1205/744 908/1206/744
f 903/1207/745 916/1208/745 918/1209/745 906/1210/745
f 658/1211/746 884/1212/746 889/1159/746 888/1160/746 911/1181/746 913/1183/746
f 906/1210/747 918/1209/747 915/1213/747 904/1214/747
f 884/1212/748 886/1215/748 917/1187/748 916/1188/748 887/1157/748 889/1159/748
f 747/990/707 745/921/707 742/987/707 750/993/707
f 903/1207/709 892/1190/709 887/1189/709 916/1208/709
f 893/1163/631 909/1179/631 908/1180/631 891/1161/631
f 885/1216/749 658/1211/749 913/1183/749 912/1184/749 895/1165/749 897/1167/749
f 911/1205/705 888/1194/705 891/1193/705 908/1206/705
f 886/1215/750 885/1216/750 897/1167/750 896/1168/750 915/1185/750 917/1187/750
f 901/1171/631 905/1175/631 904/1176/631 899/1169/631
f 905/1175/631 893/1163/631 892/1164/631 903/1173/631
f 899/1199/630 904/1214/630 915/1213/630 896/1200/630
f 922/1217/709 926/1217/709 925/1217/709 920/1217/709
f 922/1217/630 920/1217/630 921/1217/630 923/1217/630
f 923/1217/707 921/1217/707 919/1217/707 924/1217/707
f 926/1217/705 924/1217/705 919/1217/705 925/1217/705
f 922/1217/751 923/1217/751 930/1217/751 934/1217/751
f 919/1217/752 921/1217/752 929/1217/752 927/1217/752
f 925/1217/753 919/1217/753 927/1217/753 931/1217/753
f 923/1217/754 924/1217/754 928/1217/754 930/1217/754
f 934/1217/707 933/1217/707 931/1217/707 932/1217/707
f 934/1217/705 930/1217/705 929/1217/705 933/1217/705
f 930/1217/709 928/1217/709 927/1217/709 929/1217/709
f 932/1217/630 931/1217/630 927/1217/630 928/1217/630
f 926/1217/755 922/1217/755 934/1217/755 932/1217/755
f 921/1217/756 920/1217/756 933/1217/756 929/1217/756
f 920/1217/757 925/1217/757 931/1217/757 933/1217/757
f 924/1217/758 926/1217/758 932/1217/758 928/1217/758
f 935/1218/709 942/1218/709 938/1218/709 936/1218/709
f 935/1218/630 936/1218/630 939/1218/630 937/1218/630
f 937/1218/707 939/1218/707 940/1218/707 941/1218/707
f 942/1218/705 941/1218/705 940/1218/705 938/1218/705
f 935/1218/751 937/1218/751 946/1218/751 950/1218/751
f 940/1218/759 939/1218/759 945/1218/759 943/1218/759
f 938/1218/753 940/1218/753 943/1218/753 947/1218/753
f 937/1218/760 941/1218/760 944/1218/760 946/1218/760
f 950/1218/707 949/1218/707 947/1218/707 948/1218/707
f 950/1218/705 946/1218/705 945/1218/705 949/1218/705
f 946/1218/709 944/1218/709 943/1218/709 945/1218/709
f 948/1218/630 947/1218/630 943/1218/630 944/1218/630
f 942/1218/761 935/1218/761 950/1218/761 948/1218/761
f 939/1218/756 936/1218/756 949/1218/756 945/1218/756
f 936/1218/762 938/1218/762 947/1218/762 949/1218/762
f 941/1218/758 942/1218/758 948/1218/758 944/1218/758
f 953/1219/709 958/1219/709 951/1219/709 952/1219/709
f 953/1219/630 952/1219/630 957/1219/630 954/1219/630
f 954/1219/707 957/1219/707 955/1219/707 956/1219/707
f 958/1219/705 956/1219/705 955/1219/705 951/1219/705
f 953/1219/763 954/1219/763 962/1219/763 966/1219/763
f 955/1219/759 957/1219/759 961/1219/759 959/1219/759
f 951/1219/753 955/1219/753 959/1219/753 963/1219/753
f 954/1219/760 956/1219/760 960/1219/760 962/1219/760
f 966/1219/707 965/1219/707 963/1219/707 964/1219/707
f 966/1219/705 962/1219/705 961/1219/705 965/1219/705
f 962/1219/709 960/1219/709 959/1219/709 961/1219/709
f 964/1219/630 963/1219/630 959/1219/630 960/1219/630
f 958/1219/761 953/1219/761 966/1219/761 964/1219/761
f 957/1219/764 952/1219/764 965/1219/764 961/1219/764
f 952/1219/762 951/1219/762 963/1219/762 965/1219/762
f 956/1219/765 958/1219/765 964/1219/765 960/1219/765
f 971/1220/709 974/1220/709 973/1220/709 967/1220/709
f 971/1220/630 967/1220/630 972/1220/630 969/1220/630
f 969/1220/707 972/1220/707 970/1220/707 968/1220/707
f 974/1220/705 968/1220/705 970/1220/705 973/1220/705
f 971/1220/763 969/1220/763 978/1220/763 982/1220/763
f 970/1220/759 972/1220/759 977/1220/759 975/1220/759
f 973/1220/753 970/1220/753 975/1220/753 979/1220/753
f 969/1220/760 968/1220/760 976/1220/760 978/1220/760
f 982/1220/707 981/1220/707 979/1220/707 980/1220/707
f 982/1220/705 978/1220/705 977/1220/705 981/1220/705
f 978/1220/709 976/1220/709 975/1220/709 977/1220/709
f 980/1220/630 979/1220/630 975/1220/630 976/1220/630
f 974/1220/761 971/1220/761 982/1220/761 980/1220/761
f 972/1220/764 967/1220/764 981/1220/764 977/1220/764
f 967/1220/762 973/1220/762 979/1220/762 981/1220/762
f 968/1220/765 974/1220/765 980/1220/765 976/1220/765
f 988/1221/709 985/1221/709 990/1221/709 983/1221/709
f 988/1221/630 983/1221/630 984/1221/630 989/1221/630
f 989/1221/707 984/1221/707 986/1221/707 987/1221/707
f 985/1221/705 987/1221/705 986/1221/705 990/1221/705
f 988/1221/751 989/1221/751 994/1221/751 998/1221/751
f 986/1221/759 984/1221/759 993/1221/759 991/1221/759
f 990/1221/753 986/1221/753 991/1221/753 995/1221/753
f 989/1221/754 987/1221/754 992/1221/754 994/1221/754
f 998/1221/707 997/1221/707 995/1221/707 996/1221/707
f 998/1221/705 994/1221/705 993/1221/705 997/1221/705
f 994/1221/709 992/1221/709 991/1221/709 993/1221/709
f 996/1221/630 995/1221/630 991/1221/630 992/1221/630
f 985/1221/761 988/1221/761 998/1221/761 996/1221/761
f 984/1221/756 983/1221/756 997/1221/756 993/1221/756
f 983/1221/762 990/1221/762 995/1221/762 997/1221/762
f 987/1221/758 985/1221/758 996/1221/758 992/1221/758
f 999/1222/709 1006/1222/709 1002/1222/709 1000/1222/709
f 999/1222/630 1000/1222/630 1004/1222/630 1005/1222/630
f 1005/1222/707 1004/1222/707 1001/1222/707 1003/1222/707
f 1006/1222/705 1003/1222/705 1001/1222/705 1002/1222/705
f 999/1222/751 1005/1222/751 1010/1222/751 1014/1222/751
f 1001/1222/759 1004/1222/759 1009/1222/759 1007/1222/759
f 1002/1222/753 1001/1222/753 1007/1222/753 1011/1222/753
f 1005/1222/760 1003/1222/760 1008/1222/760 1010/1222/760
f 1014/1222/707 1013/1222/707 1011/1222/707 1012/1222/707
f 1014/1222/705 1010/1222/705 1009/1222/705 1013/1222/705
f 1010/1222/709 1008/1222/709 1007/1222/709 1009/1222/709
f 1012/1222/630 1011/1222/630 1007/1222/630 1008/1222/630
f 1006/1222/761 999/1222/761 1014/1222/761 1012/1222/761
f 1004/1222/756 1000/1222/756 1013/1222/756 1009/1222/756
f 1000/1222/757 1002/1222/757 1011/1222/757 1013/1222/757
f 1003/1222/758 1006/1222/758 1012/1222/758 1008/1222/758
f 1020/1223/709 1019/1223/709 1018/1223/709 1015/1223/709
f 1020/1223/630 1015/1223/630 1021/1223/630 1022/1223/630
f 1022/1223/707 1021/1223/707 1016/1223/707 1017/1223/707
f 1019/1223/705 1017/1223/705 1016/1223/705 1018/1223/705
f 1020/1223/763 1022/1223/763 1026/1223/763 1030/1223/763
f 1016/1223/752 1021/1223/752 1025/1223/752 1023/1223/752
f 1018/1223/753 1016/1223/753 1023/1223/753 1027/1223/753
f 1022/1223/760 1017/1223/760 1024/1223/760 1026/1223/760
f 1030/1223/707 1029/1223/707 1027/1223/707 1028/1223/707
f 1030/1223/705 1026/1223/705 1025/1223/705 1029/1223/705
f 1026/1223/709 1024/1223/709 1023/1223/709 1025/1223/709
f 1028/1223/630 1027/1223/630 1023/1223/630 1024/1223/630
f 1019/1223/761 1020/1223/761 1030/1223/761 1028/1223/761
f 1021/1223/764 1015/1223/764 1029/1223/764 1025/1223/764
f 1015/1223/757 1018/1223/757 1027/1223/757 1029/1223/757
f 1017/1223/765 1019/1223/765 1028/1223/765 1024/1223/765
f 1038/1224/709 1033/1224/709 1032/1224/709 1037/1224/709
f 1038/1224/630 1037/1224/630 1036/1224/630 1034/1224/630
f 1034/1224/707 1036/1224/707 1035/1224/707 1031/1224/707
f 1033/1224/705 1031/1224/705 1035/1224/705 1032/1224/705
f 1038/1224/763 1034/1224/763 1042/1224/763 1046/1224/763
f 1035/1224/766 1036/1224/766 1041/1224/766 1039/1224/766
f 1032/1224/767 1035/1224/767 1039/1224/767 1043/1224/767
f 1034/1224/760 1031/1224/760 1040/1224/760 1042/1224/760
f 1046/1224/707 1045/1224/707 1043/1224/707 1044/1224/707
f 1046/1224/705 1042/1224/705 1041/1224/705 1045/1224/705
f 1042/1224/709 1040/1224/709 1039/1224/709 1041/1224/709
f 1044/1224/630 1043/1224/630 1039/1224/630 1040/1224/630
f 1033/1224/761 1038/1224/761 1046/1224/761 1044/1224/761
f 1036/1224/768 1037/1224/768 1045/1224/768 1041/1224/768
f 1037/1224/769 1032/1224/769 1043/1224/769 1045/1224/769
f 1031/1224/770 1033/1224/770 1044/1224/770 1040/1224/770
f 1054/1225/709 1051/1225/709 1053/1225/709 1047/1225/709
f 1054/1225/630 1047/1225/630 1049/1225/630 1050/1225/630
f 1050/1225/707 1049/1225/707 1052/1225/707 1048/1225/707
f 1051/1225/705 1048/1225/705 1052/1225/705 1053/1225/705
f 1054/1225/751 1050/1225/751 1058/1225/751 1062/1225/751
f 1052/1225/771 1049/1225/771 1057/1225/771 1055/1225/771
f 1053/1225/753 1052/1225/753 1055/1225/753 1059/1225/753
f 1050/1225/754 1048/1225/754 1056/1225/754 1058/1225/754
f 1062/1225/707 1061/1225/707 1059/1225/707 1060/1225/707
f 1062/1225/705 1058/1225/705 1057/1225/705 1061/1225/705
f 1058/1225/709 1056/1225/709 1055/1225/709 1057/1225/709
f 1060/1225/630 1059/1225/630 1055/1225/630 1056/1225/630
f 1051/1225/761 1054/1225/761 1062/1225/761 1060/1225/761
f 1049/1225/756 1047/1225/756 1061/1225/756 1057/1225/756
f 1047/1225/762 1053/1225/762 1059/1225/762 1061/1225/762
f 1048/1225/758 1051/1225/758 1060/1225/758 1056/1225/758
f 1063/1226/709 1086/1227/709 1078/1228/709 1085/1229/709 1068/1230/709 1092/1231/709 1064/1232/709 1076/1233/709 1077/1234/709 1075/1235/709 1079/1236/709 1074/1237/709 1084/1238/709 1081/1239/709 1082/1240/709 1069/1241/709 1083/1242/709 1073/1243/709 1072/1244/709 1070/1245/709 1066/1246/709 1091/1247/709 1067/1248/709 1090/1249/709 1071/1250/709 1089/1251/709 1065/1252/709 1088/1253/709 1080/1254/709 1087/1255/709
f 1093/1256/707 1117/1257/707 1110/1258/707 1118/1259/707 1095/1260/707 1119/1261/707 1101/1262/707 1120/1263/707 1097/1264/707 1121/1265/707 1096/1266/707 1100/1267/707 1102/1268/707 1103/1269/707 1113/1270/707 1099/1271/707 1112/1272/707 1111/1273/707 1114/1274/707 1104/1275/707 1109/1276/707 1105/1277/707 1107/1278/707 1106/1279/707 1094/1280/707 1122/1281/707 1098/1282/707 1115/1283/707 1108/1284/707 1116/1285/707
f 1090/1286/772 1120/1287/772 1101/1288/772 1071/1289/772
f 1078/1290/773 1108/1291/773 1115/1292/773 1085/1293/773
f 1073/1294/774 1103/1295/774 1102/1296/774 1072/1297/774
f 1063/1298/775 1093/1299/775 1116/1300/775 1086/1301/775
f 1083/1302/776 1113/1303/776 1103/1295/776 1073/1294/776
f 1080/1304/777 1110/1305/777 1117/1306/777 1087/1307/777
f 1079/1308/778 1109/1309/778 1104/1310/778 1074/1311/778
f 1065/1312/779 1095/1313/779 1118/1314/779 1088/1315/779
f 1077/1316/780 1107/1317/780 1105/1318/780 1075/1319/780
f 1071/1289/781 1101/1288/781 1119/1320/781 1089/1321/781
f 1064/1322/630 1094/1323/630 1106/1324/630 1076/1325/630
f 1087/1307/782 1117/1306/782 1093/1299/782 1063/1298/782
f 1067/1326/783 1097/1327/783 1120/1287/783 1090/1286/783
f 1076/1325/780 1106/1324/780 1107/1317/780 1077/1316/780
f 1092/1328/724 1122/1329/724 1094/1323/724 1064/1322/724
f 1066/1330/784 1096/1331/784 1121/1332/784 1091/1333/784
f 1086/1301/785 1116/1300/785 1108/1291/785 1078/1290/785
f 1070/1334/630 1100/1335/630 1096/1331/630 1066/1330/630
f 1068/1336/786 1098/1337/786 1122/1329/786 1092/1328/786
f 1075/1319/787 1105/1318/787 1109/1309/787 1079/1308/787
f 1089/1321/788 1119/1320/788 1095/1313/788 1065/1312/788
f 1088/1315/789 1118/1314/789 1110/1305/789 1080/1304/789
f 1091/1333/790 1121/1332/790 1097/1327/790 1067/1326/790
f 1084/1338/791 1114/1339/791 1111/1340/791 1081/1341/791
f 1085/1293/792 1115/1292/792 1098/1337/792 1068/1336/792
f 1081/1341/793 1111/1340/793 1112/1342/793 1082/1343/793
f 1082/1343/794 1112/1342/794 1099/1344/794 1069/1345/794
f 1069/1345/795 1099/1344/795 1113/1303/795 1083/1302/795
f 1072/1297/796 1102/1296/796 1100/1335/796 1070/1334/796
f 1074/1311/797 1104/1310/797 1114/1339/797 1084/1338/797
f 690/1346/631 691/1347/631 689/1348/631
f 693/1349/631 694/1350/631 692/1351/631
f 695/1352/631 696/1353/631 799/1354/631
f 687/1040/631 686/1042/631 690/1346/631 689/1348/631
f 799/1354/631 693/1349/631 692/1351/631 695/1352/631
f 909/1179/631 901/1171/631 900/1172/631 907/1177/631
f 1125/1355/798 909/1179/798 893/1163/798 1126/1356/798
f 1125/1357/799 686/1358/799 688/1359/799 1131/1360/799
f 1131/1360/800 688/1359/800 687/925/800 1127/1361/800
f 689/936/801 1123/1362/801 1124/1363/801 695/1364/801
f 1132/1365/802 696/1366/802 695/1364/802 1124/1363/802
f 1129/1367/803 799/1368/803 696/1366/803 1132/1365/803
f 1130/1369/804 693/1370/804 799/1368/804 1129/1367/804
f 1134/1371/805 694/1372/805 693/1370/805 1130/1369/805
f 901/1171/806 1128/1373/806 1134/1374/806
f 1128/1373/807 901/1171/807 909/1179/807 1127/1375/807
f 686/1358/808 1125/1357/808 1126/1376/808 690/1377/808
f 905/1175/809 1124/1378/809 1123/1379/809 893/1163/809
f 901/1171/810 1130/1380/810 1129/1381/810 905/1175/810
f 1133/1382/811 691/1383/811 690/1377/811 1126/1376/811
f 1128/1384/812 692/963/812 694/1372/812 1134/1371/812
f 1123/1362/813 689/936/813 691/1383/813 1133/1382/813
f 909/1179/814 1131/1385/814 1127/1375/814
f 909/1179/815 1125/1355/815 1131/1385/815
f 893/1163/816 1133/1386/816 1126/1356/816
f 1123/1379/816 1133/1386/816 893/1163/816
f 905/1175/817 1132/1387/817 1124/1378/817
f 905/1175/818 1129/1381/818 1132/1387/818
f 901/1171/819 1134/1374/819 1130/1380/819
f 692/963/820 1128/1384/820 1127/1361/820 687/925/820
f 795/1044/709 697/937/709 689/936/709 695/1364/709
f 895/1195/707 912/1202/707 907/1201/707 900/1196/707
f 818/1087/707 1135/1388/707 1136/1085/707 824/1086/707
f 846/1113/707 824/1086/707 1138/1072/707 1139/1389/707
f 845/1114/707 846/1113/707 1139/1389/707 1140/1390/707
f 844/1115/707 845/1114/707 1140/1390/707 1141/1391/707
f 843/1116/707 844/1115/707 1141/1391/707 1142/1392/707
f 842/1064/707 843/1116/707 1142/1392/707 1143/1393/707
f 814/1065/707 842/1064/707 1143/1393/707 1144/1394/707
f 1138/1072/707 824/1086/707 1137/1395/707 826/1093/707
f 824/1086/707 1145/1396/707 827/1090/707 826/1093/707 1137/1395/707
f 825/1091/707 827/1090/707 1145/1396/707 824/1086/707 1136/1085/707
f 1136/1085/707 821/1073/707 825/1091/707
l 1137 1138
l 1137 1145
l 1136 1145
o Head
v -0.065912 1.444146 0.253350
v -0.068498 1.481745 0.277038
v -0.081626 1.444750 0.255544
v -0.083911 1.477973 0.276475
v -0.052784 1.481141 0.274844
v -0.093743 1.472276 0.274069
v -0.050498 1.447919 0.253913
v -0.040667 1.453615 0.256319
v -0.042310 1.477512 0.271374
v -0.092099 1.448380 0.259014
v -0.065704 1.437939 0.245257
v -0.069401 1.491691 0.279121
v -0.088169 1.438803 0.248393
v -0.091436 1.486298 0.278316
v -0.046936 1.490827 0.275985
v -0.105491 1.478154 0.274876
v -0.043669 1.443333 0.246062
v -0.029614 1.451476 0.249502
v -0.031964 1.485638 0.271024
v -0.103141 1.443992 0.253354
v -0.067892 1.449706 0.226341
v -0.071590 1.503457 0.260206
v -0.090357 1.450570 0.229478
v -0.093624 1.498064 0.259400
v -0.049125 1.502594 0.257069
v -0.107680 1.489920 0.255961
v -0.045858 1.455099 0.227146
v -0.031802 1.463243 0.230586
v -0.034152 1.497405 0.252109
v -0.105330 1.455759 0.234438
v -0.039636 1.465752 0.263750
v -0.094774 1.460140 0.266638
v -0.028140 1.468827 0.260124
v -0.106965 1.460803 0.264254
v -0.069741 1.476582 0.243273
v -0.091991 1.474317 0.244439
v -0.047491 1.478847 0.242108
v -0.030329 1.480594 0.241209
v -0.109153 1.472570 0.245338
v -0.080865 1.430753 0.269028
v -0.063897 1.426790 0.263106
v -0.065808 1.441043 0.249303
v -0.047084 1.445626 0.249988
v -0.060334 1.481862 0.276166
v -0.089900 1.475665 0.275732
v -0.035140 1.452546 0.252911
v -0.044510 1.450227 0.254656
v -0.039409 1.459059 0.259560
v -0.046563 1.480076 0.273462
v -0.087847 1.445816 0.256927
v -0.095001 1.466833 0.270828
v -0.076565 1.480210 0.277017
v -0.074076 1.444029 0.254222
v -0.057845 1.445682 0.253372
v -0.066782 1.476146 0.290515
v -0.072975 1.472103 0.290210
v -0.104236 1.449875 0.243896
v -0.048030 1.496711 0.266527
v -0.057730 1.491858 0.277875
v -0.099997 1.482998 0.277254
v -0.070495 1.497574 0.269663
v -0.035108 1.446632 0.247124
v -0.027815 1.459258 0.254134
v -0.038043 1.489304 0.274008
v -0.097062 1.440326 0.250370
v -0.107289 1.470372 0.270244
v -0.080933 1.489496 0.279090
v -0.077375 1.437772 0.246503
v -0.054172 1.440134 0.245288
v -0.068950 1.486718 0.278080
v -0.049860 1.485984 0.275414
v -0.097620 1.446186 0.256184
v -0.099617 1.475215 0.274473
v -0.037137 1.481575 0.271199
v -0.087673 1.482135 0.277395
v -0.084897 1.441777 0.251969
v -0.070665 1.490020 0.251739
v -0.092808 1.486191 0.251920
v -0.059918 1.503624 0.258959
v -0.102186 1.494765 0.258338
v -0.048308 1.490720 0.249588
v -0.037297 1.458399 0.228208
v -0.030004 1.471025 0.235219
v -0.040232 1.501071 0.255093
v -0.099250 1.452093 0.231454
v -0.109478 1.482139 0.251328
v -0.083122 1.501263 0.260175
v -0.079564 1.449539 0.227588
v -0.056360 1.451901 0.226372
v -0.106586 1.484037 0.265418
v -0.033058 1.491522 0.261566
v -0.030708 1.457360 0.240044
v -0.092530 1.492181 0.268858
v -0.066798 1.443823 0.235799
v -0.089263 1.444686 0.238936
v -0.044764 1.449216 0.236604
v -0.040326 1.472398 0.267964
v -0.094083 1.453493 0.262424
v -0.029127 1.478328 0.266149
v -0.105978 1.451302 0.258229
v -0.068817 1.463144 0.234807
v -0.091174 1.462443 0.236958
v -0.046675 1.466973 0.234627
v -0.031316 1.490095 0.247233
v -0.108166 1.463069 0.239314
v -0.081343 1.475401 0.243881
v -0.058139 1.477763 0.242666
v -0.038433 1.479769 0.241633
v -0.101049 1.473395 0.244914
v -0.033888 1.467290 0.261937
v -0.108059 1.466687 0.254796
v -0.029235 1.474710 0.250666
v -0.100869 1.460471 0.265446
v -0.070391 1.427123 0.265558
v -0.058418 1.430144 0.263167
v -0.048586 1.435840 0.265573
v -0.082807 1.466406 0.287804
v -0.061002 1.475124 0.287819
v -0.050529 1.471494 0.284349
v -0.048097 1.457414 0.275979
v -0.084081 1.451949 0.279628
v -0.052430 1.432452 0.263909
v -0.060797 1.428116 0.262876
v -0.076612 1.428188 0.266940
v -0.067451 1.426538 0.264107
v -0.100030 1.452398 0.260327
v -0.059032 1.486860 0.277020
v -0.056008 1.442908 0.249330
v -0.039809 1.448430 0.250890
v -0.083120 1.440585 0.273926
v -0.063585 1.476054 0.289392
v -0.048666 1.465220 0.280566
v -0.070239 1.474475 0.290622
v -0.054781 1.474058 0.286436
v -0.078964 1.469795 0.289467
v -0.101091 1.488881 0.267796
v -0.030222 1.484212 0.256691
v -0.107072 1.457185 0.248771
v -0.058824 1.497741 0.268417
v -0.034727 1.475363 0.267056
v -0.094948 1.479331 0.276493
v -0.078749 1.484853 0.278053
v -0.042303 1.484690 0.273735
v -0.075726 1.440901 0.250363
v -0.092454 1.443071 0.253648
v -0.101735 1.484179 0.251701
v -0.039230 1.490541 0.248427
v -0.059029 1.490694 0.250812
v -0.082232 1.488332 0.252028
v -0.082028 1.495379 0.269632
v -0.039138 1.495188 0.264550
v -0.078470 1.443656 0.237046
v -0.098156 1.446209 0.240912
v -0.036202 1.452516 0.237666
v -0.055266 1.446018 0.235830
v -0.080454 1.462470 0.235734
v -0.057250 1.464832 0.234519
v -0.037747 1.468984 0.234845
v -0.100253 1.462622 0.238120
v -0.033612 1.459159 0.256847
v -0.108384 1.476255 0.260786
v -0.028910 1.465142 0.244677
v -0.047599 1.446002 0.270301
v -0.084187 1.459803 0.284190
v -0.101145 1.468602 0.270536
v -0.073436 1.430577 0.084997
v 0.449019 1.492774 0.173933
v 0.466765 1.605551 0.196834
v 0.412869 1.627241 0.201192
v 0.414378 1.514062 0.171444
v 0.406857 1.629281 0.170649
v 0.433158 1.624739 0.170643
v 0.399245 1.550854 0.181288
v 0.449367 1.533511 0.201417
v 0.388993 1.634841 0.196951
v 0.409602 1.632166 0.196925
v 0.432458 1.629569 0.175320
v 0.447002 1.627232 0.177023
v 0.485651 1.662125 0.236855
v 0.431770 1.689722 0.236032
v 0.454084 1.486560 0.187171
v 0.440218 1.485819 0.187140
v 0.489328 1.572745 0.170879
v 0.489783 1.605746 0.184030
v 0.388986 1.634813 0.186097
v 0.409629 1.632369 0.186100
v 0.446103 1.622712 0.186717
v 0.466215 1.618281 0.186793
v 0.498806 1.647529 0.242134
v 0.455049 1.700147 0.236892
v 0.459122 1.681099 0.244363
v 0.479330 1.677080 0.243950
v 0.368145 1.508400 0.201960
v 0.342917 1.556572 0.207731
v 0.350848 1.577829 0.212392
v 0.310173 1.597187 0.213009
v 0.290742 1.594072 0.241129
v 0.420090 1.718395 0.209619
v 0.445113 1.702808 0.238425
v 0.425156 1.452206 0.176398
v 0.366852 1.484805 0.166376
v 0.414806 1.670724 0.175176
v 0.426846 1.671765 0.185880
v 0.440037 1.664305 0.184521
v 0.468163 1.656681 0.195574
v 0.467326 1.652756 0.193486
v 0.493251 1.637973 0.199478
v 0.481509 1.641091 0.197830
v 0.397479 1.668577 0.186097
v 0.419005 1.669674 0.185937
v 0.417984 1.665606 0.185979
v 0.444454 1.658714 0.201890
v 0.478732 1.631906 0.212860
v 0.429797 1.682067 0.220699
v 0.446017 1.690542 0.205498
v 0.455190 1.663040 0.227712
v 0.472282 1.675738 0.218127
v 0.471812 1.673722 0.214040
v 0.496376 1.636184 0.225225
v 0.485514 1.658038 0.220199
v 0.404443 1.697268 0.195939
v 0.451043 1.683504 0.215585
v 0.430305 1.685408 0.212481
v 0.455941 1.667593 0.220045
v 0.456371 1.669367 0.223924
v 0.482008 1.647161 0.219427
v 0.383118 1.591564 0.170571
v 0.484294 1.576835 0.163439
v 0.483052 1.581093 0.159752
v 0.401897 1.583094 0.168013
v 0.403639 1.595373 0.166945
v 0.429595 1.574611 0.166166
v 0.461840 1.587118 0.160177
v -0.071304 1.406950 0.077934
v 0.093128 1.378896 0.115536
v -0.056439 1.345377 0.252690
v -0.061395 1.375830 0.209548
v -0.063963 1.335011 0.069259
v -0.050969 1.298788 0.264109
v -0.049876 1.206592 0.072098
v 0.122231 1.249667 0.167719
v -0.037951 1.173281 0.255661
v -0.019499 0.891617 0.000565
v -0.012423 0.905852 0.161192
v -0.036118 1.064875 0.041912
v -0.025822 1.035977 0.200066
v 0.110946 1.269550 0.094358
v 0.098875 1.381912 0.114708
v 0.099919 1.328880 0.074172
v 0.166895 1.254221 0.153322
v 0.354031 1.420561 -0.010446
v 0.389265 1.413715 -0.012168
v 0.385568 1.343807 0.038183
v -0.008020 0.816139 0.149242
v -0.017501 0.872630 -0.000072
v -0.009250 1.066982 0.044580
v 0.016794 0.875390 -0.018610
v 0.005651 1.424499 0.125166
v 0.359210 1.432379 -0.001987
v 0.407041 1.367992 0.016660
v 0.089340 0.869216 -0.012341
v -0.010394 0.807826 0.004007
v -0.006302 0.788201 0.141594
v 0.081362 0.086515 0.029408
v 0.024925 0.136227 0.123680
v 0.052990 0.647920 0.175080
v 0.108100 0.459576 0.167828
v 0.047069 0.451254 0.142848
v 0.121962 0.425492 0.081615
v 0.017313 -0.094110 0.303852
v 0.117311 -0.077719 0.344836
v 0.060442 -0.090496 0.297982
v 0.103570 -0.086881 0.292111
v 0.116287 0.018405 0.217855
v 0.142534 -0.015552 0.166989
v 0.121038 0.146247 0.158864
v 0.133916 0.124510 0.059340
v 0.027309 0.157436 0.123591
v 0.150571 0.211676 0.112275
v 0.030486 0.205331 0.124152
v 0.031068 0.176875 0.067156
v 0.120009 0.199811 0.157140
v 0.065708 -0.023837 0.174938
v 0.066778 0.004064 0.081129
v 0.328601 1.433115 0.028774
v 0.358243 1.434091 -0.008820
v 0.403790 1.361029 -0.005446
v 0.325046 1.385781 -0.011661
v 0.046804 0.460079 0.141921
v 0.107780 0.478224 0.166962
v 0.133288 0.473193 0.136792
v 0.028119 0.419406 0.088307
v 0.043491 0.450866 0.136465
v 0.139007 0.504447 0.129362
v -0.025012 0.949119 0.014347
v 0.079642 0.953941 0.000589
v -0.014947 0.930195 0.169120
v 0.005615 0.954372 0.004236
v 0.023671 0.932808 0.164565
v 0.085833 0.955437 0.027973
v 0.454145 1.485044 0.201159
v 0.492726 1.590780 0.192739
v 0.382838 1.631024 0.200975
v 0.491505 1.613122 0.170635
v 0.377820 1.510747 0.175546
v 0.392049 1.630080 0.170728
v 0.414199 1.513242 0.202044
v 0.438959 1.482908 0.205676
v 0.440718 1.618383 0.200460
v 0.440417 1.489904 0.168712
v 0.382010 1.504586 0.170046
v 0.462754 1.622731 0.171366
v 0.477665 1.526522 0.194979
v 0.487224 1.566992 0.183707
v 0.384429 1.550790 0.172579
v 0.470027 1.530902 0.167207
v 0.421375 1.541887 0.172773
v 0.449792 1.534765 0.169091
v 0.459277 1.573955 0.195286
v 0.431114 1.580651 0.201463
v 0.420437 1.542125 0.202790
v 0.476394 1.621202 0.178281
v 0.471973 1.608317 0.194691
v 0.487378 1.598983 0.191885
v 0.487644 1.615148 0.176709
v 0.394830 1.633695 0.175244
v 0.405163 1.632552 0.175249
v 0.418206 1.632085 0.175448
v 0.417684 1.628372 0.196677
v 0.437760 1.624147 0.196658
v 0.445245 1.618591 0.196217
v 0.464799 1.612575 0.195753
v 0.461195 1.624426 0.177126
v 0.478652 1.640854 0.236269
v 0.495324 1.635768 0.236875
v 0.497219 1.658120 0.237216
v 0.406034 1.705926 0.212922
v 0.416650 1.720673 0.197610
v 0.426032 1.701029 0.213891
v 0.426620 1.718104 0.198028
v 0.436038 1.710888 0.228254
v 0.451868 1.685211 0.235208
v 0.450201 1.707909 0.227918
v 0.456294 1.667162 0.241607
v 0.460528 1.688973 0.236556
v 0.476502 1.663143 0.241194
v 0.474724 1.686150 0.236266
v 0.370514 1.508079 0.188374
v 0.383624 1.631059 0.186097
v 0.495979 1.599677 0.181102
v 0.412865 1.627366 0.185678
v 0.441168 1.620189 0.185047
v 0.469524 1.613630 0.184435
v 0.379854 1.501613 0.188863
v 0.478165 1.527999 0.180590
v 0.369670 1.550640 0.179516
v 0.372610 1.593957 0.182957
v 0.474110 1.614601 0.186303
v 0.417895 1.629881 0.186017
v 0.437982 1.625295 0.185709
v 0.482160 1.652455 0.240696
v 0.409753 1.719395 0.208085
v 0.429675 1.714179 0.208879
v 0.434822 1.704117 0.237024
v 0.378615 1.500044 0.207848
v 0.382762 1.552385 0.210532
v 0.362177 1.587592 0.191623
v 0.398174 1.587925 0.205729
v 0.340886 1.533785 0.206126
v 0.341248 1.583496 0.202604
v 0.337810 1.559178 0.191176
v 0.330774 1.534857 0.198243
v 0.336412 1.535961 0.191513
v 0.345087 1.580905 0.196281
v 0.310706 1.580294 0.224400
v 0.307845 1.559945 0.220438
v 0.314786 1.595629 0.225647
v 0.305970 1.600075 0.220735
v 0.299788 1.566077 0.217515
v 0.304661 1.561324 0.210187
v 0.306658 1.583009 0.211638
v 0.290942 1.583810 0.239103
v 0.289820 1.571244 0.236438
v 0.286151 1.596416 0.237421
v 0.286029 1.587391 0.234618
v 0.285956 1.573887 0.234204
v 0.287903 1.572170 0.230265
v 0.288100 1.594586 0.233490
v 0.288255 1.585573 0.231545
v 0.490370 1.649814 0.242161
v 0.469288 1.679302 0.245154
v 0.398045 1.453910 0.181468
v 0.433183 1.481013 0.155101
v 0.409969 1.497813 0.152440
v 0.381911 1.497263 0.155782
v 0.439533 1.462937 0.164763
v 0.373490 1.466723 0.176554
v 0.412757 1.669457 0.175150
v 0.412201 1.667290 0.175160
v 0.404557 1.670524 0.175167
v 0.403985 1.668310 0.175244
v 0.426479 1.668044 0.184891
v 0.426943 1.670175 0.185448
v 0.439018 1.667467 0.185225
v 0.438532 1.665228 0.184705
v 0.453761 1.656517 0.193844
v 0.454176 1.658464 0.194912
v 0.471388 1.646309 0.210386
v 0.470560 1.642596 0.208972
v 0.466245 1.655694 0.194825
v 0.465806 1.653621 0.193796
v 0.492798 1.624185 0.211230
v 0.491921 1.620893 0.208706
v 0.491441 1.637571 0.198498
v 0.491084 1.636112 0.197045
v 0.482494 1.643123 0.199604
v 0.398404 1.672249 0.185995
v 0.446441 1.663952 0.195666
v 0.445558 1.659891 0.194799
v 0.425407 1.664196 0.195176
v 0.426286 1.668229 0.196108
v 0.472193 1.645873 0.202680
v 0.473002 1.649628 0.204524
v 0.452035 1.650160 0.202815
v 0.452841 1.653893 0.204682
v 0.478637 1.633212 0.205332
v 0.479520 1.636612 0.207977
v 0.494550 1.625218 0.203421
v 0.495277 1.628184 0.206376
v 0.416885 1.665206 0.193142
v 0.417867 1.669098 0.192825
v 0.399296 1.671981 0.192882
v 0.398328 1.668016 0.193301
v 0.426925 1.666110 0.202653
v 0.426095 1.662198 0.202121
v 0.445224 1.662189 0.202269
v 0.453057 1.650190 0.210492
v 0.452274 1.646485 0.209094
v 0.477741 1.628044 0.210450
v 0.423371 1.689283 0.203504
v 0.422651 1.686349 0.200507
v 0.403221 1.693565 0.202275
v 0.402614 1.690485 0.199486
v 0.420036 1.697810 0.186574
v 0.419583 1.695948 0.185292
v 0.412023 1.699531 0.186082
v 0.411569 1.697669 0.184822
v 0.429380 1.680223 0.216345
v 0.432378 1.693923 0.205390
v 0.432688 1.695188 0.207339
v 0.449926 1.677724 0.219746
v 0.449428 1.676161 0.215772
v 0.444781 1.692515 0.207809
v 0.444476 1.691264 0.205960
v 0.454920 1.661743 0.223323
v 0.458124 1.676816 0.214630
v 0.458368 1.677864 0.216577
v 0.475385 1.659010 0.226848
v 0.474974 1.657799 0.222921
v 0.470483 1.675364 0.216691
v 0.470249 1.674358 0.214609
v 0.496462 1.635855 0.222840
v 0.479690 1.641394 0.225039
v 0.479955 1.640936 0.221267
v 0.495406 1.653736 0.217633
v 0.495130 1.652394 0.214510
v 0.485873 1.657384 0.218535
v 0.485786 1.656665 0.216438
v 0.403514 1.693363 0.193495
v 0.423694 1.689172 0.194343
v 0.424495 1.692587 0.196955
v 0.450446 1.681139 0.211324
v 0.430816 1.687475 0.215717
v 0.476110 1.663411 0.219205
v 0.476532 1.665147 0.223113
v 0.482036 1.648066 0.223014
v 0.498395 1.640889 0.218842
v 0.498598 1.642357 0.222202
v 0.384564 1.599547 0.170532
v 0.382479 1.586887 0.170622
v 0.380654 1.593552 0.174303
v 0.383757 1.595345 0.170547
v 0.480355 1.570874 0.160117
v 0.484168 1.585325 0.160012
v 0.481653 1.575788 0.159779
v 0.402491 1.586496 0.167351
v 0.403121 1.590979 0.166984
v 0.431421 1.587260 0.165634
v 0.430297 1.578136 0.165852
v 0.431004 1.582916 0.165653
v 0.459558 1.572799 0.160254
v 0.461303 1.582271 0.159793
v 0.460511 1.577201 0.159821
v 0.105165 1.375157 0.194464
v 0.007075 1.428162 0.114664
v 0.004276 1.417387 0.138747
v 0.094528 1.328359 0.076457
v 0.082512 0.920124 -0.007102
v 0.060841 1.071677 0.050080
v 0.081396 1.055724 0.155672
v 0.132220 1.308349 0.211443
v 0.137649 1.386503 0.183575
v 0.170260 1.316919 0.199553
v 0.121409 1.270465 0.089762
v 0.361657 1.423219 0.027972
v 0.361547 1.393543 -0.026478
v 0.366419 1.369026 0.039097
v 0.384244 1.337036 0.023277
v 0.346558 1.429873 -0.006666
v 0.326612 1.404098 0.021800
v 0.343148 1.358440 0.042374
v 0.411595 1.372864 0.011265
v -0.029041 1.401545 0.088957
v -0.014525 1.352965 0.235977
v -0.039291 1.387592 0.190287
v -0.052389 1.431618 0.083552
v -0.021538 1.332734 0.070418
v -0.004530 1.299138 0.259813
v -0.007277 1.219996 0.081545
v 0.006458 1.191846 0.241310
v 0.013546 0.884770 -0.018248
v 0.025377 0.909125 0.154785
v 0.014255 1.040670 0.197038
v 0.108460 1.256828 0.112386
v 0.089062 0.919513 0.018255
v 0.071838 1.069676 0.068740
v 0.085808 1.383970 0.134472
v 0.110019 1.392674 0.130796
v 0.140872 1.260187 0.099822
v 0.400567 1.356964 0.000012
v 0.132432 0.773028 0.033758
v 0.094773 0.763721 0.033389
v 0.014584 0.789820 0.005891
v 0.019122 0.796609 0.134658
v 0.096864 0.870990 0.018660
v 0.107555 0.925156 0.091538
v 0.047195 0.843648 0.150525
v 0.037089 0.841197 0.076277
v 0.074495 0.865138 0.128543
v 0.135183 0.081444 0.049395
v 0.157020 0.121821 0.107921
v 0.064638 0.114882 0.167492
v 0.122644 0.121322 0.158703
v 0.031094 0.083759 0.059313
v 0.103638 0.666485 0.155161
v 0.156824 0.716407 0.108820
v 0.031406 0.645408 0.105491
v 0.130606 0.586508 0.046668
v -0.000314 0.599997 0.050828
v 0.085276 0.582211 0.040796
v 0.067164 0.448919 0.178925
v 0.132231 0.485542 0.136580
v 0.027418 0.434356 0.089982
v 0.086283 0.428773 0.073752
v 0.133222 0.023249 0.030290
v 0.152247 0.009443 0.075992
v 0.078816 0.027214 0.011205
v 0.023083 0.002376 0.086227
v 0.029637 0.020909 0.036641
v 0.059778 -0.057786 0.330656
v 0.147634 -0.042372 0.303731
v 0.117591 -0.051666 0.315727
v 0.018164 -0.049920 0.322747
v 0.146256 -0.083272 0.286225
v 0.057343 -0.111794 0.347763
v 0.058953 -0.079881 0.361438
v 0.143521 -0.073890 0.330116
v 0.115118 -0.104207 0.333459
v 0.022247 -0.076375 0.352091
v 0.020647 -0.108684 0.338247
v 0.142405 -0.097726 0.319905
v 0.118553 -0.037647 0.283585
v 0.142127 -0.023328 0.259410
v 0.019682 -0.027978 0.272051
v 0.060875 -0.041837 0.293995
v 0.018464 -0.071028 0.250613
v 0.140832 -0.063388 0.239246
v 0.104668 -0.064825 0.240712
v 0.061566 -0.067927 0.245662
v 0.029968 0.031357 0.199739
v 0.143145 0.042135 0.185732
v 0.065760 0.012981 0.224364
v 0.029060 -0.027190 0.179505
v 0.064789 0.142443 0.167246
v 0.152035 0.160122 0.109588
v 0.081509 0.129584 0.040892
v 0.030718 0.128212 0.069139
v 0.066342 0.198259 0.164894
v 0.131943 0.172415 0.057121
v 0.082483 0.177054 0.041052
v 0.101470 -0.020491 0.170341
v 0.109371 0.006645 0.077729
v 0.379508 1.365808 -0.017123
v 0.342934 1.425269 -0.001512
v 0.375072 1.335073 0.046909
v 0.363112 1.359443 -0.011920
v 0.344238 1.391114 -0.021490
v 0.340530 1.418900 -0.002229
v 0.371895 1.381465 0.078654
v 0.347099 1.430436 0.064682
v 0.357151 1.337187 0.010026
v 0.377296 1.400956 -0.027867
v 0.352708 1.337558 0.002119
v 0.323686 1.433167 0.020386
v 0.088055 1.326533 0.077142
v 0.084479 1.385909 0.121213
v 0.104446 1.331532 0.070477
v 0.135034 1.261555 0.087765
v 0.104424 1.394062 0.118953
v 0.104476 1.258305 0.100313
v 0.066953 0.459244 0.179191
v 0.133083 0.491370 0.136412
v 0.122218 0.439009 0.079926
v 0.025125 0.448236 0.088538
v 0.086163 0.441987 0.072458
v 0.067196 0.431698 0.178169
v 0.122222 0.410629 0.080224
v 0.086076 0.413903 0.071775
v 0.046188 0.442701 0.142753
v 0.106651 0.449987 0.169489
v 0.137891 0.468773 0.131382
v 0.136908 0.485205 0.131087
v 0.042375 0.435757 0.135882
v 0.042125 0.467710 0.134486
v 0.109364 0.470643 0.165692
v 0.066009 0.467821 0.179268
v 0.108638 0.441858 0.167807
v 0.066745 0.440094 0.179008
v 0.101555 0.948581 0.107175
v 0.404380 1.671586 0.175167
v 0.403281 1.667288 0.175244
v 0.413530 1.665795 0.175244
v 0.440875 1.668154 0.185479
v 0.425791 1.666911 0.184675
v 0.453958 1.659522 0.195464
v 0.453139 1.655692 0.193319
v 0.482383 1.644404 0.200547
v 0.492449 1.634696 0.196214
v 0.411809 1.700498 0.186536
v 0.410905 1.696780 0.184117
v 0.421877 1.698339 0.187179
v 0.420974 1.694623 0.184710
v 0.432415 1.695883 0.208422
v 0.446567 1.692811 0.208589
v 0.431797 1.693389 0.204230
v 0.458062 1.678462 0.217574
v 0.457583 1.676394 0.213441
v 0.485299 1.656361 0.215295
v 0.497053 1.653649 0.219170
v 0.496444 1.650792 0.212773
v -0.010522 1.591993 0.161664
v -0.020712 1.714044 0.204303
v -0.037937 1.421492 0.262338
v -0.007767 1.657631 0.341784
v -0.081852 1.658595 0.366739
v 0.000340 1.495244 0.191017
v 0.001239 1.702331 0.278490
v -0.008380 1.652598 0.159741
v -0.091294 1.714491 0.295112
v -0.067154 1.441469 0.225421
v 0.027822 1.620930 0.242449
v -0.072777 1.562224 0.352718
v 0.000379 1.575232 0.324644
v -0.061678 1.658351 0.359990
v -0.064590 1.578148 0.148567
v -0.066137 1.711223 0.290614
v -0.045274 1.462847 0.221993
v -0.035020 1.564517 0.337858
v -0.016726 1.711918 0.217773
v -0.005835 1.580127 0.170312
v -0.096506 1.725234 0.216505
v -0.001807 1.646848 0.174757
v -0.074794 1.721653 0.216839
v -0.009030 1.578794 0.157923
v 0.000720 1.487510 0.185855
v -0.083939 1.562195 0.139582
v -0.066665 1.436067 0.224253
v -0.063609 1.567036 0.143914
v -0.044747 1.454911 0.218837
v -0.004754 1.565535 0.165360
v -0.012539 1.439067 0.215738
v -0.003264 1.679981 0.310137
v -0.086573 1.686543 0.330926
v -0.064193 1.421480 0.243097
v -0.048309 1.431582 0.239279
v -0.063908 1.684787 0.325302
v 0.017628 1.602250 0.284958
v -0.093304 1.657174 0.145368
v -0.059882 1.657005 0.148701
v -0.076714 1.723967 0.200473
v -0.084822 1.573002 0.143731
v -0.097662 1.727618 0.199067
v -0.008704 1.643441 0.160031
v 0.023680 1.601912 0.234769
v -0.070462 1.530018 0.334316
v -0.002416 1.636767 0.174086
v -0.005266 1.556881 0.317708
v 0.013070 1.577595 0.274500
v -0.060593 1.645091 0.148681
v -0.092023 1.644457 0.145120
v -0.009398 1.623783 0.160655
v 0.014788 1.561081 0.218280
v -0.067251 1.485347 0.308823
v -0.060026 1.487761 0.310950
v -0.003722 1.615125 0.172644
v 0.003285 1.524663 0.252047
v -0.062121 1.619512 0.148637
v -0.089271 1.617154 0.144589
v -0.051332 1.404280 0.258092
v -0.061154 1.400533 0.260396
v -0.025399 1.410457 0.250402
v -0.008177 1.501262 0.290826
v -0.066260 1.471382 0.300599
v -0.071021 1.537794 0.338769
v -0.034575 1.545191 0.327151
v -0.045717 1.490712 0.303861
v -0.056374 1.488040 0.306336
v -0.065028 1.485701 0.311857
v -0.067145 1.530712 0.333618
v -0.063389 1.481719 0.314213
v -0.070229 1.528346 0.335528
v -0.066911 1.529040 0.334831
v -0.058808 1.483465 0.313977
v -0.066614 1.486575 0.323365
v -0.060759 1.481767 0.314583
v -0.058679 1.485818 0.312750
v -0.061407 1.480815 0.315394
v -0.065825 1.477042 0.319907
v -0.057511 1.488555 0.312902
v -0.057015 1.485013 0.315472
v -0.059935 1.491591 0.310820
v -0.065157 1.483348 0.313084
v -0.066550 1.480590 0.312949
v -0.067082 1.484586 0.310569
v -0.067738 1.499025 0.326102
v -0.064648 1.486481 0.310501
v -0.066145 1.481484 0.322428
v -0.067028 1.529876 0.334225
v -0.061445 1.500827 0.322995
v -0.061664 1.501932 0.320954
v -0.062935 1.503868 0.319610
v -0.059230 1.492920 0.319233
v -0.059588 1.495243 0.316928
v -0.061435 1.497729 0.315215
v -0.070346 1.529182 0.334922
v -0.062115 1.414413 0.269039
v -0.044386 1.476775 0.295657
v -0.053381 1.418061 0.266489
v -0.026593 1.482060 0.288991
v -0.040369 1.567848 0.344585
v 0.007692 1.582361 0.326705
v -0.043625 1.535541 0.326738
v 0.001093 1.548794 0.310397
v -0.034723 1.657991 0.350887
v -0.037556 1.585071 0.155116
v -0.032449 1.706777 0.284552
v -0.022089 1.431006 0.099191
v -0.038366 1.407368 0.254247
v -0.022493 1.479171 0.206362
v -0.016767 1.403332 0.165414
v -0.045760 1.716786 0.217306
v -0.016943 1.577468 0.337003
v -0.036320 1.572915 0.150918
v -0.022032 1.471323 0.202285
v -0.033586 1.682384 0.317719
v -0.030424 1.435325 0.227509
v -0.048713 1.719006 0.202388
v -0.034131 1.654801 0.154221
v -0.034649 1.644266 0.154356
v -0.021266 1.542167 0.318567
v -0.026947 1.495987 0.297344
v -0.035759 1.621647 0.154646
v -0.035489 1.479417 0.292324
v -0.045659 1.419777 0.264414
v -0.017858 1.572254 0.332604
v -0.018204 1.552644 0.322192
v 0.010632 1.619339 0.204427
v 0.005533 1.588103 0.195462
v 0.014752 1.617585 0.195917
v 0.024395 1.604715 0.218320
v 0.017731 1.574147 0.205979
v 0.010918 1.594059 0.189161
v 0.014539 1.624253 0.193370
v 0.027587 1.606825 0.223711
v 0.018695 1.565994 0.207223
v 0.009440 1.593016 0.184404
v -0.008730 1.573762 0.328710
v -0.002234 1.569881 0.323825
v -0.025524 1.545320 0.322123
v -0.024044 1.568965 0.335342
v -0.013234 1.553013 0.319716
v -0.032555 1.560935 0.341569
v -0.010540 1.567580 0.327393
v -0.037519 1.548102 0.330477
v -0.030294 1.544198 0.324169
v -0.021038 1.570632 0.333954
v -0.016620 1.565954 0.330974
v -0.037443 1.557105 0.335592
v -0.021209 1.548334 0.321417
v -0.030462 1.566783 0.336762
v -0.041535 1.556271 0.338189
v -0.029106 1.564518 0.335633
v -0.037904 1.564267 0.348296
v 0.002844 1.571651 0.328355
v -0.006265 1.570181 0.332421
v 0.010158 1.578779 0.330416
v -0.014478 1.573886 0.340714
v -0.034350 1.561005 0.336108
v -0.021340 1.566361 0.333574
v -0.017988 1.567078 0.337784
v -0.014997 1.568735 0.336325
v -0.027780 1.563240 0.340551
v -0.020709 1.565325 0.339312
v -0.055323 1.474079 0.298128
v -0.057748 1.416237 0.267764
v -0.056243 1.402406 0.259244
v -0.026191 1.569077 0.344505
v -0.032047 1.566672 0.346400
v -0.017853 1.567030 0.337819
v -0.020335 1.571481 0.342609
v -0.033506 1.570666 0.342364
v -0.027985 1.572933 0.340577
v -0.022464 1.575200 0.338790
v -0.002160 1.576333 0.335565
v -0.004625 1.579914 0.331854
v -0.042702 1.544693 0.331794
v -0.032445 1.538854 0.322653
v -0.026855 1.540511 0.320610
v -0.010086 1.545481 0.314482
v -0.013580 1.566767 0.329183
v -0.382178 1.822654 0.050488
v -0.354864 1.935108 0.076612
v -0.296677 1.936012 0.080594
v -0.341416 1.832080 0.050010
v -0.290296 1.935787 0.050084
v -0.316299 1.941713 0.050352
v -0.312703 1.859738 0.059339
v -0.366345 1.864372 0.079612
v -0.271685 1.934076 0.076274
v -0.291766 1.939405 0.076295
v -0.313744 1.945956 0.055319
v -0.328105 1.949189 0.057852
v -0.352026 1.972745 0.125802
v -0.298577 1.957673 0.116977
v -0.388735 1.820208 0.065356
v -0.376252 1.813910 0.065337
v -0.388037 1.915988 0.049605
v -0.376047 1.944796 0.064902
v -0.271690 1.934048 0.065421
v -0.291705 1.939631 0.065478
v -0.329116 1.944107 0.067258
v -0.349396 1.947647 0.067551
v -0.369870 1.963651 0.124888
v -0.317599 1.969367 0.129334
v -0.327381 1.962398 0.130371
v -0.347440 1.967107 0.129967
v -0.300311 1.811454 0.081034
v -0.259368 1.845093 0.089190
v -0.259338 1.867794 0.093586
v -0.214761 1.871467 0.097202
v -0.199650 1.861958 0.126515
v -0.270582 1.991775 0.110060
v -0.307669 1.966655 0.130820
v -0.369246 1.772937 0.078801
v -0.304818 1.783801 0.064735
v -0.281810 1.978265 0.054625
v -0.292389 1.982454 0.068004
v -0.307427 1.980623 0.065803
v -0.336461 1.983399 0.079346
v -0.337227 1.979394 0.076538
v -0.367166 1.974159 0.083562
v -0.355097 1.972887 0.082033
v -0.266681 1.968501 0.065421
v -0.286121 1.978440 0.064689
v -0.286750 1.973914 0.065036
v -0.313797 1.976583 0.082995
v -0.356079 1.961832 0.095485
v -0.296663 1.965189 0.101568
v -0.307155 1.986646 0.101584
v -0.326435 1.964300 0.105585
v -0.336783 1.984148 0.112238
v -0.336175 1.986521 0.107357
v -0.371258 1.965226 0.105438
v -0.352878 1.979507 0.109238
v -0.262835 1.987419 0.081786
v -0.315518 1.976242 0.102963
v -0.294810 1.974167 0.099010
v -0.324229 1.973692 0.104264
v -0.324910 1.971042 0.108414
v -0.353724 1.970404 0.102932
v -0.282545 1.891775 0.049857
v -0.381825 1.918060 0.042622
v -0.379051 1.921674 0.039145
v -0.303309 1.891061 0.047132
v -0.300266 1.903135 0.046181
v -0.332170 1.893854 0.045490
v -0.357146 1.918624 0.039624
v -0.210908 1.334901 0.135824
v -0.246664 1.233768 0.168435
v -0.247506 1.258850 0.093734
v -0.200830 1.333054 0.141051
v -0.215309 1.297896 0.089446
v -0.318572 1.289684 0.136095
v -0.277226 1.575425 0.021863
v -0.307555 1.605294 -0.005070
v -0.369162 1.595204 0.054299
v -0.062475 1.061298 0.047006
v -0.053798 0.861967 -0.010357
v -0.144726 1.404709 0.134083
v -0.272655 1.595792 0.037397
v -0.359903 1.600351 0.015687
v -0.128252 0.823878 0.026306
v -0.150346 0.331953 0.131401
v -0.121143 0.321427 0.246173
v -0.082017 0.768913 0.310009
v -0.144802 0.605869 0.427369
v -0.087227 0.584922 0.403564
v -0.168302 0.585500 0.351648
v -0.171190 0.117837 0.390162
v -0.277281 0.138122 0.406925
v -0.211329 0.124648 0.374348
v -0.251467 0.131458 0.358533
v -0.241526 0.239549 0.290639
v -0.256014 0.212356 0.231944
v -0.220630 0.340761 0.263318
v -0.205762 0.367333 0.163383
v -0.118686 0.336978 0.255013
v -0.224491 0.413377 0.256148
v -0.110498 0.373611 0.277162
v -0.102631 0.375975 0.215920
v -0.206437 0.374999 0.292482
v -0.182985 0.199221 0.259255
v -0.160781 0.232742 0.168074
v -0.260979 1.556825 0.058989
v -0.269586 1.594370 0.029471
v -0.355139 1.580565 0.003326
v -0.289476 1.532258 0.009611
v -0.085984 0.596750 0.401089
v -0.142460 0.633773 0.416162
v -0.172573 0.615980 0.400957
v -0.073575 0.575263 0.340797
v -0.084296 0.584022 0.398101
v -0.177783 0.639091 0.378899
v -0.122037 0.906378 0.000017
v -0.055521 0.941864 0.006081
v -0.054393 0.927358 0.163584
v -0.128431 0.921799 0.028347
v -0.389082 1.820374 0.080339
v -0.384451 1.931505 0.072087
v -0.267480 1.928235 0.080366
v -0.374782 1.953589 0.052256
v -0.308810 1.815516 0.052898
v -0.276325 1.930840 0.050054
v -0.341430 1.831833 0.081065
v -0.375611 1.814001 0.085893
v -0.325826 1.938234 0.079920
v -0.375475 1.814722 0.044827
v -0.315542 1.810495 0.046824
v -0.344336 1.951472 0.052384
v -0.395178 1.868692 0.072719
v -0.388291 1.909291 0.061776
v -0.297986 1.854092 0.051240
v -0.386567 1.869346 0.044936
v -0.337085 1.860394 0.051893
v -0.366354 1.865146 0.047110
v -0.359836 1.904805 0.073937
v -0.331274 1.900018 0.080786
v -0.336192 1.860308 0.082009
v -0.357741 1.954630 0.060084
v -0.358624 1.939674 0.074932
v -0.376403 1.937019 0.071857
v -0.370477 1.953414 0.058459
v -0.277519 1.935241 0.054567
v -0.287506 1.938122 0.054590
v -0.299635 1.942775 0.055386
v -0.300712 1.938684 0.076343
v -0.320870 1.942556 0.076192
v -0.329994 1.939586 0.076246
v -0.350378 1.941187 0.076005
v -0.342271 1.952076 0.058205
v -0.353594 1.954604 0.112981
v -0.370912 1.956781 0.114041
v -0.364255 1.973284 0.126180
v -0.262086 1.978861 0.098877
v -0.265955 2.001789 0.103773
v -0.282537 1.980440 0.100907
v -0.276192 2.002559 0.104649
v -0.295193 1.976375 0.129841
v -0.318747 1.961814 0.116006
v -0.309385 1.979206 0.129459
v -0.328599 1.956095 0.117386
v -0.324886 1.973169 0.132009
v -0.348659 1.960803 0.116982
v -0.338977 1.976477 0.131725
v -0.302704 1.811078 0.066825
v -0.268162 1.928534 0.065421
v -0.384055 1.941924 0.061523
v -0.296594 1.936182 0.065222
v -0.325491 1.940232 0.064928
v -0.354254 1.944638 0.065113
v -0.314313 1.809335 0.067203
v -0.395141 1.870027 0.058272
v -0.284527 1.848746 0.059159
v -0.271930 1.890132 0.062608
v -0.358160 1.947003 0.067273
v -0.300265 1.940333 0.065884
v -0.320567 1.943800 0.065621
v -0.352593 1.962018 0.123343
v -0.260506 1.990959 0.107231
v -0.280990 1.992488 0.108893
v -0.297362 1.965449 0.129450
v -0.313453 1.809596 0.087675
v -0.298126 1.855454 0.089479
v -0.264808 1.880556 0.071938
v -0.298383 1.894267 0.085084
v -0.265397 1.823015 0.087343
v -0.247800 1.869572 0.084516
v -0.252565 1.845529 0.073051
v -0.255128 1.820375 0.080242
v -0.259534 1.823332 0.073155
v -0.251835 1.868422 0.077872
v -0.222031 1.855995 0.108301
v -0.226330 1.835916 0.104262
v -0.220468 1.871791 0.109481
v -0.210338 1.872757 0.105231
v -0.216442 1.838749 0.101969
v -0.222181 1.835959 0.094267
v -0.216432 1.856951 0.095877
v -0.203348 1.852416 0.124341
v -0.206589 1.840244 0.121586
v -0.194287 1.862476 0.123155
v -0.197192 1.853966 0.120244
v -0.201897 1.841315 0.119652
v -0.204057 1.840360 0.115568
v -0.196490 1.861415 0.119078
v -0.199706 1.853025 0.117005
v -0.361228 1.962063 0.124668
v -0.337577 1.964113 0.130949
v -0.343375 1.777053 0.088580
v -0.367184 1.777786 0.041266
v -0.340447 1.784734 0.035734
v -0.314575 1.785327 0.045353
v -0.378966 1.772851 0.058986
v -0.316590 1.780063 0.082529
v -0.280416 1.976019 0.054507
v -0.280750 1.973454 0.054468
v -0.272450 1.973534 0.054484
v -0.272798 1.970733 0.054567
v -0.293459 1.978958 0.066494
v -0.293075 1.981084 0.067342
v -0.305265 1.983205 0.066928
v -0.305684 1.980888 0.066010
v -0.323199 1.977888 0.077304
v -0.322830 1.979826 0.078738
v -0.343606 1.974160 0.092592
v -0.344311 1.970225 0.091345
v -0.335065 1.981797 0.078394
v -0.335496 1.979584 0.076883
v -0.372009 1.960147 0.093792
v -0.372429 1.956971 0.091013
v -0.365637 1.973210 0.082485
v -0.365850 1.971885 0.080884
v -0.355245 1.974951 0.084255
v -0.266119 1.972548 0.065090
v -0.313565 1.982382 0.076991
v -0.314305 1.978331 0.075954
v -0.294054 1.974531 0.076368
v -0.293322 1.978548 0.077461
v -0.344480 1.974301 0.085315
v -0.343748 1.978200 0.087406
v -0.324229 1.970482 0.085438
v -0.323511 1.974315 0.087552
v -0.355460 1.963670 0.088406
v -0.355004 1.966932 0.091388
v -0.373205 1.962492 0.086274
v -0.372772 1.965189 0.089530
v -0.285891 1.973033 0.071994
v -0.285307 1.977166 0.071099
v -0.267044 1.972660 0.071606
v -0.267680 1.968306 0.072625
v -0.294788 1.976551 0.083610
v -0.295514 1.972719 0.083244
v -0.313181 1.979994 0.083156
v -0.325201 1.970654 0.092654
v -0.325941 1.966762 0.091456
v -0.356608 1.958042 0.092957
v -0.283717 1.981837 0.085020
v -0.283901 1.983114 0.080178
v -0.263336 1.980023 0.082411
v -0.263699 1.980902 0.077852
v -0.276714 1.999127 0.080650
v -0.276902 1.998869 0.077897
v -0.268600 1.998456 0.079624
v -0.268789 1.998175 0.076919
v -0.295883 1.968878 0.096840
v -0.293112 1.985221 0.100729
v -0.293376 1.984223 0.103418
v -0.316727 1.969858 0.100488
v -0.315852 1.973342 0.096228
v -0.305783 1.985380 0.104567
v -0.305548 1.986251 0.102116
v -0.325556 1.968143 0.101795
v -0.322481 1.983520 0.107778
v -0.322739 1.982553 0.110055
v -0.346317 1.969764 0.104847
v -0.345429 1.972919 0.101452
v -0.334931 1.984666 0.110524
v -0.334615 1.985915 0.107993
v -0.371164 1.969465 0.105498
v -0.353941 1.962221 0.104351
v -0.354195 1.964638 0.101437
v -0.363556 1.981459 0.106242
v -0.363677 1.983012 0.102036
v -0.353401 1.980137 0.107486
v -0.353525 1.980739 0.105288
v -0.263234 1.987096 0.076810
v -0.283587 1.989359 0.078775
v -0.283259 1.989116 0.083940
v -0.314778 1.979293 0.097555
v -0.295281 1.972324 0.103080
v -0.344194 1.978788 0.103404
v -0.344908 1.975979 0.107582
v -0.353554 1.968589 0.106305
v -0.370988 1.975628 0.103091
v -0.370941 1.971419 0.105767
v -0.280926 1.899734 0.049849
v -0.283660 1.887182 0.049880
v -0.279540 1.892708 0.053660
v -0.281742 1.895529 0.049850
v -0.380451 1.911093 0.039260
v -0.378474 1.926014 0.039561
v -0.379777 1.916197 0.039022
v -0.302572 1.894451 0.046512
v -0.301455 1.898856 0.046188
v -0.329029 1.906309 0.044949
v -0.331477 1.897381 0.045176
v -0.330305 1.902093 0.044971
v -0.360508 1.904422 0.039493
v -0.358502 1.913922 0.039158
v -0.359707 1.908900 0.039112
v -0.221100 1.321902 0.214889
v -0.147830 1.408547 0.123629
v -0.140820 1.396367 0.147778
v -0.214944 1.292372 0.091545
v -0.122006 0.869616 0.004721
v -0.136671 1.050506 0.051463
v -0.138343 1.032257 0.165689
v -0.276857 1.293682 0.207849
v -0.229702 1.351672 0.207425
v -0.301986 1.330913 0.194692
v -0.259736 1.271520 0.086587
v -0.286225 1.600961 0.073295
v -0.300503 1.564274 -0.002556
v -0.334402 1.588729 0.083048
v -0.368652 1.577313 0.049687
v -0.270262 1.605691 0.029447
v -0.282764 1.602611 0.074881
v -0.331462 1.595677 0.087330
v -0.357692 1.600949 0.006982
v -0.110209 1.392950 0.093010
v -0.103884 1.339669 0.239983
v -0.087211 1.382715 0.192797
v -0.094271 1.427212 0.085657
v -0.104595 1.323828 0.074396
v -0.104325 1.285690 0.262610
v -0.100287 1.208318 0.084049
v -0.095481 1.181852 0.242747
v -0.052243 0.871789 -0.011159
v -0.051142 0.909461 0.151235
v -0.066094 1.032089 0.200701
v -0.240643 1.240730 0.112799
v -0.125565 0.877847 0.024034
v -0.145753 1.047944 0.071132
v -0.209762 1.345258 0.151105
v -0.194722 1.344191 0.162088
v -0.285452 1.282613 0.089520
v -0.357638 1.579915 0.011797
v -0.172354 0.779060 0.126636
v -0.134946 0.768937 0.131097
v -0.033167 0.784485 0.015553
v -0.034759 0.807752 0.146475
v -0.133910 0.841053 0.051954
v -0.139236 0.923381 0.080293
v -0.072625 0.888384 0.166376
v -0.068745 0.849014 0.108828
v -0.103218 0.900806 0.140100
v -0.209008 0.336337 0.130952
v -0.244739 0.351436 0.197945
v -0.173856 0.311517 0.268861
v -0.226929 0.324768 0.250809
v -0.116560 0.300913 0.168119
v -0.134965 0.775104 0.286253
v -0.192127 0.787531 0.222270
v -0.068232 0.720247 0.256300
v -0.176175 0.653162 0.263146
v -0.044017 0.649437 0.244142
v -0.131923 0.640295 0.255004
v -0.104183 0.585149 0.433886
v -0.170861 0.626462 0.394344
v -0.071934 0.584121 0.351442
v -0.131933 0.593362 0.338665
v -0.210818 0.278031 0.095310
v -0.242685 0.249056 0.138637
v -0.153029 0.275238 0.092801
v -0.120936 0.225820 0.182083
v -0.114587 0.251129 0.130791
v -0.217136 0.155092 0.408660
v -0.294836 0.177938 0.362596
v -0.269145 0.165941 0.380732
v -0.174525 0.160692 0.411676
v -0.291173 0.138236 0.342810
v -0.221585 0.100060 0.421588
v -0.224965 0.131072 0.436913
v -0.298856 0.144598 0.386655
v -0.273641 0.112328 0.394387
v -0.186962 0.132745 0.437012
v -0.183570 0.101350 0.421490
v -0.296416 0.121441 0.375190
v -0.261504 0.182016 0.350503
v -0.277698 0.199367 0.322540
v -0.162482 0.185876 0.363984
v -0.208422 0.173385 0.374178
v -0.158112 0.144294 0.340187
v -0.273422 0.160676 0.300228
v -0.238839 0.156773 0.310270
v -0.198475 0.150533 0.325228
v -0.153361 0.245427 0.294841
v -0.259892 0.264642 0.253231
v -0.193402 0.232735 0.309918
v -0.148788 0.193179 0.272263
v -0.169300 0.324858 0.279287
v -0.233982 0.377444 0.222973
v -0.149199 0.362917 0.162241
v -0.111439 0.333545 0.196153
v -0.155878 0.356944 0.304825
v -0.197695 0.404999 0.188653
v -0.144720 0.402495 0.185235
v -0.216317 0.205198 0.246430
v -0.201155 0.239635 0.153757
v -0.334069 1.561797 0.001382
v -0.272591 1.605147 0.037672
v -0.367872 1.539361 0.059052
v -0.331019 1.545474 0.005992
v -0.293650 1.549118 0.002497
v -0.272576 1.561406 0.028595
v -0.335227 1.559893 0.099574
v -0.280064 1.567290 0.095578
v -0.349712 1.528185 0.022034
v -0.303829 1.582446 -0.006295
v -0.345656 1.525594 0.013964
v -0.256624 1.553744 0.050935
v -0.210292 1.290982 0.091342
v -0.210885 1.349005 0.137166
v -0.213315 1.307624 0.086003
v -0.278631 1.282076 0.078564
v -0.188038 1.342880 0.151637
v -0.241142 1.243736 0.099348
v -0.102045 0.605166 0.432077
v -0.171462 0.631163 0.391322
v -0.168222 0.593543 0.356162
v -0.069057 0.592695 0.355987
v -0.131233 0.602998 0.343974
v -0.108904 0.551459 0.428766
v -0.169257 0.576911 0.342342
v -0.132547 0.583482 0.328988
v -0.087626 0.574097 0.401553
v -0.144861 0.588295 0.430167
v -0.178111 0.611121 0.399199
v -0.176257 0.624251 0.391773
v -0.085303 0.567625 0.391769
v -0.081638 0.602447 0.390416
v -0.144963 0.622509 0.420640
v -0.099649 0.622563 0.427419
v -0.148961 0.572372 0.427525
v -0.105870 0.567509 0.432782
v -0.138604 0.925364 0.113194
v -0.271875 1.974546 0.054501
v -0.272536 1.969519 0.054567
v -0.282581 1.972044 0.054567
v -0.306720 1.984529 0.067296
v -0.293278 1.977535 0.065967
v -0.322226 1.980682 0.079490
v -0.322936 1.976926 0.076676
v -0.354663 1.975955 0.085449
v -0.367644 1.971181 0.079966
v -0.268078 1.998561 0.080574
v -0.268460 1.997950 0.075397
v -0.278273 1.999397 0.081922
v -0.278651 1.998842 0.076634
v -0.293121 1.983461 0.104950
v -0.307498 1.985442 0.105537
v -0.292489 1.985931 0.098985
v -0.322455 1.981931 0.111218
v -0.321852 1.984286 0.106165
v -0.353148 1.981137 0.103928
v -0.365178 1.980598 0.108177
v -0.365428 1.983718 0.099447
v -0.159162 1.576863 0.169451
v -0.169352 1.698914 0.212090
v -0.087782 1.416418 0.264950
v -0.156407 1.642501 0.349571
v -0.147300 1.480194 0.198739
v -0.180708 1.683811 0.288022
v -0.173626 1.635777 0.168397
v -0.193974 1.598353 0.254068
v -0.149557 1.559970 0.332498
v -0.102152 1.654231 0.362110
v -0.105064 1.574029 0.150687
v -0.115609 1.706187 0.293205
v -0.093118 1.457977 0.224499
v -0.111554 1.556726 0.341867
v -0.171414 1.696172 0.225876
v -0.160449 1.564389 0.178412
v -0.177320 1.628982 0.183952
v -0.116902 1.717367 0.219045
v -0.158349 1.563595 0.165745
v -0.146662 1.472477 0.193557
v -0.104268 1.562898 0.146044
v -0.092363 1.450064 0.221331
v -0.159081 1.549826 0.173445
v -0.120874 1.428040 0.221413
v -0.168558 1.663156 0.318796
v -0.082091 1.428144 0.241049
v -0.108881 1.680209 0.327658
v -0.175893 1.582551 0.295097
v -0.125483 1.650327 0.152138
v -0.117188 1.719847 0.202593
v -0.171440 1.626876 0.168557
v -0.186912 1.580475 0.245801
v -0.174771 1.619223 0.183115
v -0.141088 1.543056 0.324824
v -0.167580 1.559206 0.283964
v -0.122398 1.638800 0.151919
v -0.166749 1.607766 0.168899
v -0.171750 1.542093 0.228052
v -0.074554 1.486282 0.311711
v -0.169298 1.598271 0.181318
v -0.149734 1.509087 0.260063
v -0.115775 1.614050 0.151448
v -0.071714 1.402205 0.259160
v -0.099012 1.402964 0.254258
v -0.129855 1.488876 0.297201
v -0.109211 1.537594 0.331061
v -0.089819 1.486223 0.306172
v -0.078645 1.485773 0.307503
v -0.069173 1.485279 0.312074
v -0.073906 1.530024 0.333972
v -0.069726 1.481074 0.314545
v -0.073672 1.528352 0.335185
v -0.074564 1.481861 0.314802
v -0.072260 1.480597 0.315185
v -0.075289 1.484127 0.313620
v -0.071353 1.479802 0.315915
v -0.076962 1.486575 0.313921
v -0.076467 1.483033 0.316491
v -0.075425 1.490014 0.311631
v -0.068448 1.483013 0.313256
v -0.069841 1.485952 0.310773
v -0.073789 1.529188 0.334579
v -0.074551 1.499493 0.323682
v -0.074771 1.500598 0.321641
v -0.074061 1.502735 0.320193
v -0.075509 1.491263 0.320086
v -0.075866 1.493586 0.317781
v -0.074743 1.496374 0.315912
v -0.089163 1.472217 0.298003
v -0.071618 1.416205 0.267445
v -0.108247 1.473748 0.293269
v -0.106317 1.561135 0.348040
v -0.157901 1.565505 0.335380
v -0.098499 1.529955 0.329612
v -0.146414 1.533779 0.318125
v -0.129280 1.648366 0.355840
v -0.132113 1.575446 0.160069
v -0.148158 1.694999 0.290614
v -0.122034 1.420587 0.104245
v -0.085363 1.402584 0.256709
v -0.120235 1.469210 0.211476
v -0.115572 1.389532 0.171279
v -0.144158 1.706770 0.222461
v -0.131854 1.565771 0.343023
v -0.131309 1.563246 0.155895
v -0.119531 1.461386 0.207384
v -0.138719 1.671682 0.323227
v -0.101482 1.428092 0.231231
v -0.143270 1.709381 0.207342
v -0.149554 1.643052 0.160268
v -0.146919 1.632838 0.160238
v -0.122457 1.531867 0.323869
v -0.109837 1.487549 0.301686
v -0.141262 1.610908 0.160173
v -0.098705 1.472982 0.295636
v -0.079700 1.416312 0.266197
v -0.130370 1.560801 0.338499
v -0.127170 1.541552 0.327900
v -0.180841 1.599849 0.214458
v -0.170524 1.570182 0.204685
v -0.185382 1.597213 0.206401
v -0.189872 1.582904 0.229545
v -0.178514 1.554171 0.216260
v -0.177619 1.574867 0.199038
v -0.186778 1.603761 0.203916
v -0.192848 1.584387 0.235259
v -0.177687 1.546004 0.217510
v -0.176461 1.574093 0.194143
v -0.139968 1.560403 0.335585
v -0.146021 1.555245 0.331357
v -0.118574 1.535848 0.326997
v -0.123400 1.558852 0.340547
v -0.132341 1.540889 0.325956
v -0.112852 1.552762 0.345775
v -0.137098 1.554697 0.334023
v -0.106584 1.541071 0.334095
v -0.113490 1.535730 0.328527
v -0.126807 1.559865 0.339495
v -0.130479 1.554364 0.336938
v -0.107939 1.549929 0.339285
v -0.123457 1.537926 0.326773
v -0.116563 1.558019 0.341272
v -0.103516 1.549962 0.341436
v -0.117546 1.555515 0.340267
v -0.107615 1.557171 0.351948
v -0.150855 1.556006 0.336407
v -0.141266 1.556439 0.339493
v -0.159198 1.561540 0.339288
v -0.133152 1.561806 0.346931
v -0.111682 1.553134 0.340159
v -0.125693 1.555739 0.339041
v -0.128668 1.555812 0.343583
v -0.132065 1.556818 0.342458
v -0.118071 1.554049 0.345281
v -0.125507 1.554658 0.344803
v -0.077712 1.471799 0.299301
v -0.066867 1.415309 0.268242
v -0.066434 1.401369 0.259778
v -0.120384 1.559488 0.349439
v -0.113999 1.558330 0.350694
v -0.128786 1.555738 0.343630
v -0.126768 1.560647 0.348185
v -0.113799 1.562493 0.346570
v -0.119817 1.563586 0.345388
v -0.125836 1.564678 0.344205
v -0.146175 1.561673 0.343109
v -0.144877 1.565638 0.339201
v -0.100714 1.538788 0.334833
v -0.110478 1.530911 0.326741
v -0.116467 1.531389 0.325305
v -0.134435 1.532823 0.320997
v -0.133788 1.554531 0.335481
v -0.059917 1.469292 0.297193
v -0.062512 1.470287 0.298662
v -0.065703 1.470345 0.299840
v -0.066167 1.470098 0.299888
v -0.047809 1.460613 0.287971
v -0.049642 1.466727 0.292011
v -0.053822 1.468902 0.294726
v -0.055536 1.468990 0.295457
v -0.069271 1.469275 0.298982
v -0.082152 1.462886 0.293463
v -0.078237 1.465884 0.295753
v -0.076652 1.466281 0.296267
v -0.072122 1.467515 0.297586
v -0.047237 1.452787 0.283417
v -0.047503 1.456432 0.285551
v -0.083571 1.456491 0.289513
v -0.083542 1.454270 0.288211
v -0.046811 1.441766 0.277112
v -0.083472 1.448677 0.284887
v -0.057381 1.424566 0.272134
v -0.059743 1.422448 0.271988
v -0.062801 1.420900 0.272573
v -0.062589 1.420931 0.272649
v -0.047843 1.431847 0.271993
v -0.051580 1.427884 0.271252
v -0.051903 1.427712 0.271283
v -0.066542 1.421647 0.271969
v -0.069631 1.423035 0.272129
v -0.068221 1.422365 0.272121
v -0.076027 1.425041 0.271999
v -0.074220 1.424510 0.271975
v -0.082590 1.437736 0.278505
v -0.080386 1.428180 0.273164
vn -0.3064 0.5434 0.7816
vn -0.6895 0.5516 0.4694
vn -0.1074 0.4824 0.8694
vn -0.2955 0.5172 0.8032
vn 0.6128 0.6477 0.4527
vn 0.2701 0.6000 0.7531
vn 0.2752 0.5761 0.7697
vn 0.1201 0.5099 0.8518
vn 0.1898 0.5398 -0.8201
vn 0.1691 0.5915 -0.7884
vn 0.1691 0.5914 -0.7884
vn -0.1499 0.2044 -0.9674
vn -0.1069 0.1945 -0.9751
vn -0.1474 0.7830 -0.6043
vn -0.1886 0.7677 -0.6125
vn -0.2124 0.7520 -0.6240
vn -0.2928 0.6679 -0.6842
vn 0.8298 0.3256 -0.4532
vn 0.8596 0.4119 -0.3023
vn -0.2753 -0.8253 -0.4931
vn -0.0674 -0.9161 -0.3953
vn -0.8652 0.2036 -0.4582
vn -0.8491 0.0456 -0.5262
vn 0.2384 -0.8686 -0.4343
vn 0.3884 -0.7342 -0.5568
vn -0.6058 -0.5025 -0.6168
vn -0.2568 -0.8044 -0.5358
vn 0.3529 -0.7254 -0.5910
vn 0.6326 -0.3887 -0.6698
vn 0.3623 -0.7720 -0.5222
vn 0.6939 -0.5727 -0.4365
vn -0.9914 -0.1260 0.0363
vn -0.9466 -0.3112 -0.0841
vn 0.9914 0.1260 -0.0363
vn 0.9466 0.3112 0.0841
vn -0.1694 -0.8455 -0.5064
vn -0.0438 -0.8506 -0.5240
vn -0.3772 0.4677 -0.7994
vn -0.3570 0.4185 -0.8351
vn 0.0279 0.2399 -0.9704
vn 0.0279 0.2398 -0.9704
vn 0.1055 0.3392 -0.9348
vn -0.0358 0.2017 -0.9788
vn 0.0049 0.2201 -0.9755
vn -0.2676 0.3012 -0.9152
vn -0.1758 0.2191 -0.9597
vn -0.0339 0.7834 -0.6206
vn -0.0762 0.7903 -0.6080
vn 0.0802 0.7059 -0.7038
vn -0.0087 0.7727 -0.6347
vn 0.0978 -0.5257 0.8450
vn 0.0978 -0.5257 0.8451
vn 0.1594 -0.8299 -0.5347
vn 0.2825 -0.7995 -0.5300
vn -0.6060 -0.7050 -0.3684
vn -0.2518 -0.8346 -0.4900
vn 0.1694 0.8455 0.5064
vn 0.0438 0.8506 0.5240
vn 0.6060 0.7050 0.3684
vn 0.2518 0.8346 0.4900
vn -0.3623 0.7720 0.5222
vn -0.6939 0.5727 0.4365
vn -0.1594 0.8299 0.5347
vn -0.2825 0.7995 0.5300
vn -0.3651 0.5371 -0.7604
vn -0.3782 0.4819 -0.7904
vn 0.9760 -0.1155 -0.1848
vn 0.9948 0.0762 -0.0677
vn -0.9760 0.1155 0.1848
vn -0.9948 -0.0762 0.0677
vn -0.9116 0.2832 -0.2978
vn -0.8733 0.2057 -0.4416
vn 0.8047 0.1506 -0.5743
vn 0.8163 0.3114 -0.4864
vn 0.1773 0.4729 -0.8631
vn 0.1908 0.5255 -0.8291
vn -0.2102 0.0330 0.9771
vn 0.9654 -0.2539 0.0594
vn 0.2250 -0.9159 -0.3325
vn -0.0240 -0.2211 0.9750
vn -0.0048 -0.1358 0.9907
vn 0.0304 0.2871 0.9574
vn -0.1652 -0.3635 0.9168
vn 0.9767 -0.0006 -0.2144
vn -0.9663 0.0914 0.2405
vn 0.1867 -0.2264 0.9560
vn 0.1612 -0.0475 0.9858
vn 0.0930 0.0422 0.9948
vn -0.0087 0.0460 0.9989
vn 0.1455 0.0554 0.9878
vn 0.2463 0.0191 0.9690
vn 0.3301 0.1219 0.9360
vn -0.0919 0.0441 -0.9948
vn -0.1286 0.2066 -0.9699
vn 0.1802 0.0444 -0.9826
vn 0.8639 -0.5021 -0.0396
vn 0.9730 -0.2286 0.0324
vn 0.1103 -0.1159 -0.9871
vn 0.3018 0.2549 0.9187
vn 0.6773 0.4650 0.5702
vn -0.5178 0.7831 -0.3444
vn 0.0828 0.6713 0.7366
vn 0.8352 0.5499 0.0075
vn 0.0595 0.7931 -0.6062
vn -0.3644 0.9033 0.2265
vn 0.2093 0.7294 0.6513
vn 0.1200 0.7029 -0.7011
vn -0.3988 0.8132 0.4238
vn 0.2810 0.5024 0.8177
vn 0.8548 0.3437 0.3889
vn 0.1070 0.9015 -0.4193
vn 0.7923 0.6101 -0.0018
vn -0.2164 0.9523 0.2152
vn 0.8314 0.4777 -0.2838
vn -0.3256 0.9438 0.0563
vn 0.7541 0.6048 -0.2561
vn -0.5533 0.8328 -0.0165
vn 0.7627 0.5201 0.3845
vn -0.2978 0.8167 0.4942
vn 0.7052 -0.4860 -0.5162
vn 0.8564 -0.4592 0.2362
vn 0.4936 0.5947 -0.6346
vn -0.5766 -0.8115 -0.0950
vn 0.0739 0.4189 0.9050
vn 0.2425 0.9563 0.1635
vn 0.1731 0.8205 0.5448
vn 0.1558 0.7130 0.6837
vn 0.0776 -0.9883 -0.1316
vn -0.5900 -0.6997 0.4028
vn 0.0453 -0.0161 0.9988
vn -0.0825 -0.0500 0.9953
vn -0.5832 -0.7698 -0.2595
vn 0.2649 -0.2378 0.9345
vn 0.1915 0.8936 0.4060
vn -0.5776 0.6039 -0.5493
vn 0.3537 0.9221 -0.1571
vn -0.3451 0.2661 -0.9001
vn 0.3230 -0.1571 0.9333
vn -0.7033 -0.1753 0.6890
vn -0.6922 0.1995 -0.6936
vn 0.5516 -0.1875 0.8127
vn -0.1533 0.8160 -0.5574
vn -0.7753 0.6182 -0.1295
vn -0.2299 -0.4118 0.8818
vn -0.8541 0.1494 -0.4981
vn -0.0024 -0.0171 -0.9999
vn 0.0377 0.2432 -0.9693
vn -0.9864 0.1634 -0.0196
vn 0.1009 0.4576 -0.8834
vn -0.9847 0.1687 -0.0428
vn -0.9538 0.2951 -0.0567
vn 0.2667 0.6097 -0.7465
vn 0.8972 -0.2337 -0.3746
vn 0.8637 -0.0730 -0.4987
vn 0.8930 0.0381 -0.4484
vn 0.9663 0.0191 -0.2567
vn -0.0077 -0.1207 0.9927
vn 0.9621 -0.2360 0.1368
vn 0.9663 -0.2309 0.1142
vn -0.1781 -0.5268 0.8312
vn -0.9598 0.2470 0.1331
vn -0.9749 0.2168 0.0499
vn 0.8987 -0.2268 -0.3753
vn 0.0002 -0.0001 -1.0000
vn -0.8424 0.2174 -0.4931
vn -0.9756 0.2194 -0.0010
vn 0.0382 0.2468 -0.9683
vn 0.8695 -0.0607 -0.4902
vn -0.9749 0.2224 -0.0075
vn 0.1052 0.4785 -0.8718
vn 0.9718 -0.2282 0.0599
vn 0.8995 0.0551 -0.4334
vn 0.9465 -0.3050 0.1052
vn 0.9662 0.0192 -0.2570
vn 0.2592 0.6459 -0.7181
vn -0.9563 0.2883 -0.0487
vn -0.9642 0.2597 0.0534
vn 0.9726 -0.2263 0.0533
vn 0.9765 -0.2107 0.0446
vn -0.9784 0.1980 0.0594
vn 0.0196 0.1066 0.9941
vn -0.0235 -0.1491 0.9885
vn -0.7686 0.4650 -0.4393
vn 0.1619 0.5143 -0.8422
vn 0.1911 0.7990 -0.5702
vn 0.9761 -0.2154 -0.0270
vn -0.1744 -0.9045 0.3892
vn -0.9822 0.1850 -0.0331
vn 0.1804 0.8681 -0.4625
vn -0.1766 -0.9383 0.2973
vn -0.9824 0.1828 -0.0388
vn -0.9412 0.3124 -0.1282
vn 0.3233 0.8697 -0.3729
vn 0.9495 -0.3045 0.0758
vn -0.2995 -0.9484 0.1040
vn -0.9696 0.2417 -0.0379
vn 0.9254 0.2385 -0.2946
vn -0.9805 0.1958 0.0189
vn 0.9347 0.2700 -0.2310
vn -0.9825 0.1858 0.0140
vn -0.9505 0.2984 -0.0861
vn 0.9551 -0.2837 0.0858
vn -0.9667 0.2531 -0.0385
vn 0.9339 -0.0907 -0.3458
vn 0.0768 0.3339 -0.9395
vn -0.7749 0.4368 -0.4569
vn -0.1726 -0.8750 0.4522
vn -0.9880 0.1377 0.0694
vn -0.9783 0.2058 0.0232
vn -0.9738 0.2272 0.0101
vn 0.1525 0.6353 -0.7571
vn 0.9783 -0.2058 -0.0232
vn 0.8940 0.1679 -0.4154
vn 0.9237 0.1977 -0.3281
vn -0.1782 -0.9406 0.2890
vn -0.9895 0.1344 0.0538
vn -0.9806 0.1950 0.0200
vn -0.9805 0.1953 0.0196
vn -0.9750 0.2223 0.0057
vn 0.1703 0.8486 -0.5008
vn 0.1407 0.7167 -0.6831
vn 0.9806 -0.1951 -0.0200
vn 0.9136 0.1876 -0.3607
vn 0.9314 0.2474 -0.2671
vn 0.9479 -0.3104 0.0721
vn -0.2654 -0.6371 0.7237
vn -0.2928 -0.9538 -0.0666
vn -0.9730 0.2271 -0.0420
vn 0.3265 0.9170 -0.2290
vn 0.9653 0.0237 -0.2600
vn 0.2565 0.7037 -0.6626
vn 0.9911 0.1267 -0.0419
vn -0.9474 0.3125 -0.0699
vn -0.9442 0.3228 -0.0659
vn -0.7940 0.1306 -0.5938
vn -0.8039 0.1033 -0.5858
vn 0.8176 -0.2515 -0.5180
vn 0.8199 -0.2190 -0.5290
vn 0.8422 -0.1911 -0.5042
vn -0.1822 0.0578 -0.9816
vn -0.1967 -0.0513 -0.9791
vn -0.0479 -0.0015 -0.9989
vn -0.0963 -0.1211 -0.9880
vn -0.1782 0.0214 -0.9838
vn -0.1770 -0.0194 -0.9840
vn -0.1622 -0.0622 -0.9848
vn 0.0001 0.0707 -0.9975
vn -0.0022 -0.0048 -1.0000
vn -0.0962 0.0760 -0.9925
vn 0.1483 -0.2166 -0.9649
vn 0.8783 -0.0633 -0.4739
vn 0.0545 0.3185 -0.9464
vn 0.7709 -0.2990 -0.5624
vn 0.0041 0.1209 -0.9927
vn -0.2771 -0.2385 -0.9308
vn -0.0690 0.2182 -0.9735
vn -0.1844 -0.1646 -0.9690
vn 0.4385 0.8744 0.2079
vn 0.6117 -0.2958 0.7337
vn -0.3998 0.2121 -0.8917
vn 0.4787 -0.3057 0.8231
vn 0.9615 0.1427 -0.2347
vn -0.4869 -0.0594 -0.8714
vn 0.1184 0.2251 -0.9671
vn 0.5747 -0.1851 0.7971
vn 0.3285 -0.5854 0.7412
vn -0.4028 0.4358 -0.8049
vn -0.3441 -0.3591 -0.8676
vn 0.0530 -0.9889 -0.1387
vn -0.3829 0.5573 -0.7367
vn 0.7929 0.1430 -0.5923
vn 0.3148 -0.8667 -0.3870
vn 0.8115 -0.5715 0.1219
vn 0.4771 0.7898 -0.3854
vn -0.5469 -0.3884 -0.7416
vn -0.3101 -0.1873 -0.9321
vn 0.3505 0.2304 -0.9078
vn 0.0727 0.2388 -0.9683
vn 0.0994 0.1085 -0.9891
vn -0.0176 0.2783 -0.9603
vn 0.1589 -0.3292 0.9308
vn 0.7946 -0.6028 0.0730
vn 0.4571 -0.8189 -0.3472
vn 0.0760 0.9934 0.0857
vn 0.2876 0.9544 0.0801
vn 0.9681 -0.1699 -0.1840
vn 0.9482 0.2375 -0.2109
vn 0.3819 0.9182 0.1054
vn 0.9581 0.1528 -0.2424
vn 0.1340 -0.3399 -0.9309
vn -0.7401 0.0431 0.6711
vn 0.1481 0.0057 0.9890
vn -0.4853 0.2917 -0.8243
vn -0.9903 0.0555 -0.1271
vn -0.9926 0.0470 -0.1123
vn 0.8983 0.1290 -0.4201
vn -0.4945 0.2044 -0.8448
vn 0.5860 -0.1214 -0.8012
vn 0.8304 0.0706 0.5527
vn 0.4058 0.1529 0.9011
vn -0.9764 0.0291 0.2141
vn 0.9759 -0.0908 -0.1982
vn -0.9301 -0.0706 0.3603
vn 0.2650 0.0710 0.9616
vn -0.8768 -0.0051 0.4809
vn 0.1986 -0.1097 -0.9739
vn 0.7901 -0.0154 0.6127
vn 0.3468 0.2717 -0.8977
vn -0.9995 0.0296 -0.0128
vn 0.2671 -0.3945 0.8792
vn 0.4888 -0.3709 0.7896
vn -0.9942 -0.0138 0.1068
vn 0.1142 0.7732 0.6237
vn 0.9998 -0.0206 0.0027
vn 0.1820 0.6752 0.7149
vn 0.0439 -0.9587 -0.2809
vn 0.0304 0.7730 0.6337
vn 0.0050 -0.8474 -0.5310
vn 0.0217 -0.9178 -0.3965
vn 0.1612 0.7447 0.6477
vn 0.0237 -0.9197 -0.3920
vn 0.6835 0.3880 0.6183
vn 0.0689 0.4904 0.8688
vn -0.4395 0.4764 0.7615
vn 0.9930 -0.0614 0.1007
vn -0.9981 -0.0042 0.0616
vn 0.8350 0.0148 0.5500
vn -0.4694 -0.0103 -0.8829
vn 0.9360 0.0340 -0.3505
vn -0.9979 0.0356 -0.0542
vn 0.1434 0.0362 0.9890
vn -0.7481 0.0456 0.6620
vn 0.3194 -0.0171 -0.9475
vn -0.8080 -0.0096 0.5892
vn 0.1923 -0.0451 0.9803
vn -0.9921 0.0100 0.1254
vn 0.9276 0.0732 -0.3663
vn -0.3571 0.1010 -0.9286
vn 0.8047 0.0034 0.5937
vn 0.0367 -0.9499 -0.3105
vn -0.0284 -0.9425 -0.3331
vn 0.0246 -0.9555 -0.2941
vn 0.0725 -0.9613 -0.2660
vn 0.0060 -0.8502 -0.5264
vn 0.0354 -0.8392 -0.5427
vn 0.0220 -0.9185 -0.3947
vn 0.0222 -0.9193 -0.3929
vn 0.7778 -0.5880 0.2218
vn 0.9863 -0.0293 -0.1623
vn 0.7998 0.4541 -0.3927
vn 0.1416 0.8888 -0.4359
vn -0.7259 0.6755 -0.1293
vn -0.9463 0.3104 0.0901
vn -0.1028 -0.7844 0.6117
vn 0.3432 -0.8816 -0.3239
vn -0.1126 0.9812 0.1565
vn -0.1185 0.9842 0.1316
vn -0.2401 -0.3557 -0.9032
vn 0.5494 -0.4865 0.6793
vn 0.2549 -0.9443 -0.2083
vn -0.4158 0.5341 -0.7361
vn -0.3555 0.3487 -0.8672
vn 0.1444 -0.6470 -0.7487
vn -0.2992 -0.4241 -0.8547
vn -0.5321 0.4526 -0.7156
vn 0.2563 -0.2678 -0.9288
vn -0.5839 0.3664 -0.7245
vn -0.1300 0.5944 -0.7936
vn -0.3925 -0.3743 -0.8401
vn -0.6457 0.4622 -0.6078
vn -0.3425 -0.2966 -0.8915
vn -0.1377 -0.3368 -0.9315
vn -0.2807 0.4051 -0.8701
vn 0.6886 0.0350 0.7243
vn -0.9287 -0.0273 0.3698
vn 0.3131 0.0557 0.9481
vn 0.9748 -0.1009 -0.1991
vn 0.7669 0.0410 0.6404
vn -0.2583 0.1132 -0.9594
vn 0.9380 0.0493 -0.3431
vn -0.9507 -0.0102 0.3101
vn 0.2301 0.0686 0.9707
vn -0.8681 0.0645 0.4923
vn 0.2297 0.1099 -0.9670
vn 0.7739 0.0660 0.6299
vn -0.8858 0.0616 0.4599
vn 0.7855 -0.0459 0.6172
vn -0.8576 0.0037 0.5143
vn 0.7660 0.0189 0.6426
vn -0.8778 -0.0910 0.4703
vn 0.3006 -0.0324 0.9532
vn 0.7638 0.0370 0.6444
vn 0.9721 0.1995 -0.1229
vn 0.1173 -0.2724 0.9550
vn 0.0012 0.3635 -0.9316
vn 0.9059 0.2586 -0.3353
vn -0.1571 0.2650 -0.9514
vn 0.5805 -0.2158 0.7851
vn -0.7069 -0.6291 -0.3235
vn 0.1840 -0.0649 0.9808
vn 0.1726 0.0207 0.9848
vn -0.6617 -0.0608 -0.7473
vn -0.2718 0.7433 0.6112
vn 0.3350 0.8976 -0.2865
vn 0.8579 0.5077 0.0787
vn -0.8682 0.3892 -0.3079
vn -0.0925 0.9196 0.3818
vn -0.3951 0.9067 -0.1479
vn -0.2850 -0.1304 -0.9496
vn -0.3931 0.1802 -0.9017
vn -0.4938 0.0588 -0.8676
vn -0.7351 -0.5405 -0.4094
vn -0.5173 -0.7814 0.3489
vn 0.2289 -0.7780 0.5852
vn -0.7299 0.1015 -0.6759
vn 0.4508 0.8913 0.0484
vn -0.6341 -0.0620 0.7708
vn -0.8143 0.1464 -0.5617
vn -0.8478 0.0466 -0.5282
vn 0.5585 -0.2282 0.7975
vn -0.5694 -0.8185 -0.0764
vn 0.0160 -0.4912 0.8709
vn -0.8521 0.2056 -0.4814
vn -0.0084 -0.0178 -0.9998
vn 0.0365 0.2316 -0.9721
vn -0.9779 0.2084 0.0183
vn 0.0993 0.4437 -0.8906
vn 0.9587 -0.2604 0.1148
vn -0.9784 0.2065 0.0070
vn 0.2630 0.5985 -0.7567
vn 0.9153 -0.3713 0.1563
vn 0.0194 0.0886 0.9959
vn -0.0665 -0.3410 0.9377
vn -0.9718 0.1812 0.1509
vn -0.9798 0.1522 0.1298
vn -0.8507 0.2140 -0.4801
vn -0.9778 0.2091 0.0166
vn 0.0351 0.2488 -0.9679
vn -0.9782 0.2074 0.0065
vn 0.1051 0.4786 -0.8717
vn -0.0886 -0.3929 0.9153
vn -0.1972 -0.5734 0.7952
vn -0.9746 0.2130 0.0688
vn -0.9662 0.2579 0.0017
vn 0.1636 0.5288 -0.8329
vn 0.9639 -0.2637 0.0372
vn -0.1793 -0.6613 0.7284
vn 0.2009 0.8013 -0.5635
vn -0.9784 0.2056 0.0223
vn 0.1792 0.8677 -0.4637
vn 0.9781 -0.2067 -0.0263
vn -0.9806 0.1953 0.0175
vn -0.9482 0.3104 -0.0674
vn 0.3124 0.8760 -0.3676
vn 0.9593 -0.0292 -0.2807
vn 0.9858 0.1070 -0.1295
vn 0.9667 -0.2531 0.0384
vn -0.0874 -0.3525 0.9317
vn -0.1839 -0.6222 0.7610
vn -0.9803 0.1920 0.0463
vn 0.1522 0.4473 -0.8814
vn 0.9535 -0.0671 -0.2937
vn -0.7973 0.3698 -0.4771
vn -0.1224 -0.6753 0.7273
vn -0.9783 0.2058 0.0231
vn -0.9780 0.2075 0.0208
vn 0.1604 0.7680 -0.6201
vn 0.1665 0.6260 -0.7618
vn 0.9606 -0.2769 0.0255
vn -0.1374 -0.7183 0.6820
vn -0.9794 0.2014 0.0129
vn 0.1544 0.7077 -0.6894
vn 0.9612 -0.2753 0.0193
vn 0.9290 -0.3565 0.0992
vn -0.9471 0.3129 -0.0716
vn 0.2681 0.6923 -0.6700
vn -0.9513 0.3017 -0.0630
vn -0.7962 0.1508 -0.5860
vn -0.1926 0.0067 -0.9812
vn -0.0658 -0.0515 -0.9965
vn -0.0106 -0.0800 -0.9967
vn -0.6192 0.0316 -0.7846
vn -0.7980 0.2348 -0.5551
vn -0.0739 -0.1812 -0.9807
vn 0.1558 0.1043 -0.9823
vn 0.0551 0.8274 0.5589
vn 0.1575 0.2034 -0.9663
vn 0.2640 0.3809 0.8861
vn 0.1291 -0.0422 -0.9907
vn 0.9043 -0.4245 -0.0459
vn 0.8924 -0.0801 -0.4441
vn 0.2099 0.3154 0.9255
vn -0.3236 0.9222 0.2115
vn 0.1807 -0.2624 -0.9479
vn 0.1627 -0.9250 -0.3433
vn 0.9681 0.2502 0.0151
vn 0.9579 0.2844 0.0408
vn -0.1705 -0.3935 -0.9034
vn 0.2704 -0.2982 0.9154
vn 0.2182 -0.0900 0.9717
vn 0.1361 -0.1622 -0.9773
vn 0.1867 0.3509 0.9176
vn 0.1962 0.4440 -0.8743
vn 0.0752 0.8162 0.5728
vn 0.3559 0.3528 -0.8653
vn 0.0493 -0.9894 -0.1367
vn -0.2694 0.9336 0.2363
vn -0.1909 -0.9808 -0.0411
vn 0.2249 -0.3627 0.9044
vn 0.0843 -0.0894 0.9924
vn 0.0058 0.9167 0.3995
vn 0.5721 0.1587 0.8047
vn 0.0660 -0.1435 -0.9874
vn 0.9545 0.1407 -0.2629
vn -0.9404 0.1119 0.3211
vn 0.0842 -0.0575 -0.9948
vn -0.2694 -0.1205 -0.9555
vn 0.5438 0.1927 0.8168
vn 0.0956 0.9122 0.3985
vn 0.9213 0.0776 -0.3810
vn -0.0257 0.7771 0.6289
vn 0.9936 0.0188 -0.1109
vn -0.2624 -0.3690 0.8916
vn -0.1297 0.9073 0.4000
vn 0.9945 -0.0714 0.0772
vn -0.9931 0.0618 -0.1001
vn -0.0497 0.7809 0.6227
vn 0.0495 -0.9502 -0.3077
vn 0.2831 0.1116 -0.9526
vn -0.8047 -0.3597 0.4722
vn 0.2484 -0.9456 -0.2102
vn 0.3824 0.3961 0.8348
vn 0.1612 -0.2212 -0.9618
vn -0.8976 -0.0093 0.4407
vn -0.2086 -0.2438 -0.9471
vn 0.2610 -0.1078 0.9593
vn -0.8665 -0.0591 0.4956
vn -0.0005 -0.0234 -0.9997
vn 0.0007 0.0107 -0.9999
vn 0.0312 -0.0191 -0.9993
vn -0.0093 -0.0353 -0.9993
vn 0.0398 0.2597 -0.9649
vn -0.1087 0.2654 -0.9580
vn 0.0363 0.2281 -0.9730
vn 0.0290 0.2019 -0.9790
vn 0.1016 0.4722 -0.8756
vn 0.1010 0.4671 -0.8784
vn 0.0980 0.4424 -0.8914
vn 0.1122 0.4872 -0.8661
vn 0.1886 0.5926 -0.7831
vn 0.2739 0.5906 -0.7591
vn 0.2426 0.6542 -0.7164
vn 0.2991 0.6807 -0.6687
vn 0.2797 0.4800 -0.8315
vn 0.1527 0.4547 -0.8774
vn 0.1364 0.5298 -0.8371
vn 0.1634 0.5351 -0.8288
vn 0.1881 0.7956 -0.5759
vn 0.2023 0.8213 -0.5334
vn 0.1577 0.7911 -0.5911
vn 0.2097 0.8293 -0.5180
vn 0.1840 0.8687 -0.4598
vn 0.2805 0.8403 -0.4639
vn 0.1840 0.8743 -0.4492
vn 0.1818 0.8859 -0.4268
vn 0.1840 0.9275 -0.3253
vn 0.3181 0.9032 -0.2881
vn 0.4345 0.8084 -0.3970
vn 0.2990 0.8330 -0.4655
vn 0.3577 -0.0964 0.9288
vn 0.9035 0.3579 -0.2359
vn 0.1611 0.9794 0.1214
vn 0.2062 0.7845 0.5848
vn -0.4210 -0.3043 -0.8545
vn 0.9082 -0.0357 -0.4171
vn 0.9634 -0.2408 0.1178
vn 0.9435 0.1728 0.2826
vn 0.4378 -0.3233 0.8390
vn 0.7661 -0.2975 0.5697
vn 0.9927 0.1066 -0.0572
vn 0.0078 0.3959 -0.9183
vn 0.3080 0.3807 -0.8719
vn 0.5871 -0.2153 0.7804
vn 0.3055 -0.4716 0.8272
vn 0.1881 0.6233 -0.7590
vn 0.2107 -0.0165 -0.9774
vn 0.2974 -0.5383 -0.7885
vn 0.2084 0.7844 0.5842
vn 0.1640 0.9796 0.1164
vn 0.2807 -0.1046 0.9541
vn 0.1561 0.9807 0.1178
vn 0.9981 0.0569 0.0220
vn 0.9114 -0.0310 -0.4103
vn 0.1541 0.9805 0.1222
vn 0.8974 0.3775 -0.2283
vn 0.9976 0.0692 -0.0086
vn 0.4094 -0.2530 0.8766
vn 0.1439 0.3638 -0.9203
vn 0.1144 0.3785 -0.9185
vn 0.9496 0.1702 -0.2632
vn 0.6882 -0.3422 0.6398
vn 0.2080 0.7844 0.5843
vn 0.1310 -0.5940 -0.7937
vn 0.9492 0.1532 0.2749
vn 0.9631 -0.2403 0.1211
vn -0.2025 -0.6851 -0.6997
vn 0.2056 0.7846 0.5850
vn 0.1056 0.0132 -0.9943
vn 0.1113 0.6159 -0.7800
vn 0.1281 0.0137 -0.9917
vn 0.9616 -0.2388 0.1349
vn 0.2184 -0.0169 -0.9757
vn 0.4104 -0.4182 0.8103
vn 0.9674 -0.2335 0.0981
vn 0.9002 -0.0350 -0.4342
vn 0.8795 -0.0332 -0.4747
vn 0.9739 -0.2193 0.0587
vn 0.2317 -0.0177 -0.9726
vn 0.9137 -0.0311 -0.4052
vn 0.9591 -0.2430 0.1455
vn 0.1820 0.0149 -0.9832
vn 0.3915 -0.4591 0.7975
vn 0.3413 -0.4595 0.8200
vn 0.3809 -0.4337 0.8166
vn 0.4118 -0.4610 0.7861
vn 0.3057 -0.4633 0.8318
vn 0.3263 -0.4327 0.8404
vn 0.3739 -0.4229 0.8255
vn 0.3416 -0.9343 0.1016
vn 0.8649 0.4208 -0.2735
vn 0.0355 -0.7640 -0.6442
vn 0.7660 -0.3137 -0.5610
vn 0.6675 -0.7308 -0.1428
vn 0.6320 -0.1186 -0.7659
vn 0.6587 -0.3396 -0.6714
vn 0.4691 -0.6710 -0.5742
vn 0.5859 -0.7625 -0.2744
vn 0.2516 -0.9575 0.1412
vn 0.7022 -0.4871 0.5193
vn 0.9664 0.2481 0.0675
vn 0.9827 0.1847 0.0106
vn 0.9247 0.2864 -0.2507
vn 0.9679 0.2283 0.1055
vn 0.8432 0.4389 -0.3104
vn 0.4136 -0.2647 0.8711
vn 0.5397 -0.1744 0.8236
vn 0.6125 -0.1538 0.7753
vn 0.0458 0.5908 0.8055
vn 0.0459 0.5906 0.8056
vn 0.4674 -0.4737 0.7464
vn 0.1207 0.7532 0.6467
vn 0.4367 -0.4477 0.7803
vn 0.3237 -0.4498 0.8324
vn 0.4285 -0.4228 0.7985
vn 0.4217 -0.3986 0.8144
vn 0.0548 -0.7070 -0.7051
vn 0.4105 -0.4426 0.7972
vn 0.3423 -0.4749 0.8108
vn 0.2338 -0.0310 -0.9718
vn 0.4111 -0.4257 0.8061
vn 0.2186 -0.0304 -0.9753
vn -0.2606 -0.5828 -0.7697
vn 0.2080 0.7847 0.5840
vn 0.6781 -0.2707 0.6833
vn 0.1605 0.3106 -0.9369
vn 0.1557 0.9814 0.1122
vn 0.1643 0.9803 0.1099
vn 0.2084 0.7846 0.5840
vn 0.2099 -0.0301 -0.9773
vn 0.1878 0.6090 -0.7707
vn 0.3352 0.3222 -0.8853
vn 0.7433 -0.2425 0.6235
vn 0.4591 -0.1266 0.8793
vn -0.3831 -0.3758 -0.8438
vn 0.3275 -0.0863 0.9409
vn 0.9124 -0.0302 -0.4081
vn -0.6078 -0.6235 -0.4918
vn 0.9117 -0.0323 -0.4096
vn -0.9461 0.2221 -0.2356
vn 0.1467 0.8837 0.4445
vn 0.9363 -0.2861 0.2036
vn 0.8750 -0.1475 -0.4612
vn 0.8561 0.0219 -0.5163
vn 0.9491 0.0647 -0.3082
vn 0.9570 -0.0757 -0.2800
vn 0.2871 -0.2838 0.9149
vn 0.4407 -0.4732 0.7628
vn 0.3565 -0.3613 0.8616
vn 0.3646 -0.2335 0.9014
vn 0.4632 -0.4521 0.7623
vn 0.4040 -0.6134 0.6787
vn 0.4968 -0.4330 0.7521
vn -0.6919 -0.6915 -0.2077
vn 0.0636 -0.7072 -0.7042
vn -0.1468 -0.7657 -0.6263
vn 0.5682 -0.3704 -0.7349
vn 0.1570 -0.6600 -0.7346
vn 0.0812 -0.6992 -0.7103
vn -0.0566 0.6994 0.7125
vn -0.1581 -0.7609 -0.6293
vn 0.3015 -0.4530 0.8390
vn 0.3890 -0.4495 0.8041
vn 0.3800 -0.4378 0.8148
vn 0.3041 -0.4665 0.8306
vn 0.3035 -0.4603 0.8343
vn 0.3883 -0.4446 0.8072
vn 0.5135 -0.5358 0.6703
vn 0.4474 -0.5990 0.6641
vn 0.3776 -0.5876 0.7156
vn 0.4046 -0.6159 0.6760
vn 0.4079 -0.4613 0.7879
vn 0.3737 -0.4862 0.7899
vn 0.4213 -0.5050 0.7533
vn 0.5128 -0.4424 0.7357
vn 0.5758 -0.4269 0.6973
vn 0.4266 -0.3898 0.8161
vn 0.4097 -0.3812 0.8288
vn 0.3486 -0.3958 0.8496
vn 0.4117 -0.4051 0.8163
vn 0.5421 -0.5068 0.6703
vn 0.4667 -0.2235 0.8557
vn 0.4644 -0.4942 0.7349
vn 0.1947 -0.0411 0.9800
vn -0.9893 0.1289 0.0688
vn -0.6211 -0.7581 -0.1986
vn -0.2159 -0.8843 0.4140
vn -0.1846 -0.8603 0.4752
vn 0.0258 -0.6060 0.7951
vn -0.0533 -0.8461 0.5304
vn -0.9484 -0.0277 -0.3157
vn 0.9574 0.0719 0.2795
vn -0.2740 -0.1873 0.9433
vn -0.1737 0.0004 0.9848
vn -0.0704 0.0729 0.9949
vn 0.0242 0.0631 0.9977
vn -0.1393 0.1046 0.9847
vn -0.2459 0.1429 0.9587
vn -0.2737 0.2364 0.9323
vn 0.1502 0.0266 -0.9883
vn 0.1561 0.1663 -0.9736
vn -0.0892 0.1359 -0.9867
vn -0.9915 -0.1290 -0.0181
vn -0.9849 0.1683 0.0400
vn -0.1402 -0.0265 -0.9898
vn -0.1863 0.2587 0.9478
vn -0.4523 0.6282 0.6331
vn 0.7771 0.5268 -0.3444
vn 0.1777 0.6543 0.7351
vn -0.5699 0.8217 0.0093
vn 0.2455 0.7554 -0.6076
vn 0.6927 0.6796 0.2415
vn 0.0810 0.7449 0.6623
vn 0.1593 0.7169 -0.6787
vn 0.6971 0.5586 0.4494
vn -0.0774 0.5001 0.8625
vn -0.6713 0.6036 0.4301
vn 0.2486 0.8980 -0.3630
vn -0.5066 0.8608 0.0481
vn 0.5094 0.8235 0.2497
vn -0.5908 0.7606 -0.2691
vn 0.6439 0.7622 0.0669
vn -0.4766 0.8417 -0.2538
vn 0.8291 0.5588 -0.0162
vn -0.5133 0.7279 0.4547
vn 0.5754 0.5977 0.5582
vn -0.8658 -0.1590 -0.4744
vn -0.9651 -0.0835 0.2481
vn -0.0845 0.1974 -0.9767
vn 0.1452 -0.9894 0.0046
vn 0.0542 -0.1591 0.9858
vn 0.1068 0.4465 0.8884
vn -0.0034 0.0554 0.9985
vn -0.0424 -0.0954 0.9945
vn -0.4404 -0.8977 0.0101
vn 0.2164 -0.8820 0.4187
vn -0.1052 -0.0004 0.9945
vn 0.0091 -0.0565 0.9984
vn 0.2401 -0.9516 -0.1920
vn -0.3959 -0.1156 0.9110
vn 0.1117 0.9077 0.4044
vn 0.7902 0.3530 -0.5011
vn 0.0082 0.9856 -0.1687
vn 0.4791 0.1123 -0.8705
vn -0.4204 -0.0237 0.9071
vn 0.5469 -0.4062 0.7320
vn 0.7630 -0.0674 -0.6429
vn -0.6357 0.0299 0.7713
vn 0.2051 0.2129 -0.9553
vn 0.9451 0.2142 -0.2467
vn -0.0824 0.0006 0.9966
vn 0.8438 -0.1849 -0.5038
vn -0.0062 0.0002 -1.0000
vn 0.0929 0.3551 -0.9302
vn 0.9738 -0.2263 -0.0206
vn 0.1113 0.5697 -0.8143
vn 0.9747 -0.2185 -0.0465
vn 0.9950 -0.0791 -0.0603
vn -0.0029 0.7576 -0.6527
vn -0.9149 0.1088 -0.3887
vn -0.8139 0.3052 -0.4945
vn -0.7980 0.4194 -0.4328
vn -0.8863 0.4077 -0.2198
vn -0.0324 -0.0667 0.9972
vn -0.9763 0.1580 0.1476
vn -0.9804 0.1593 0.1162
vn -0.0391 -0.6021 0.7974
vn 0.9835 -0.1182 0.1372
vn 0.9845 -0.1703 0.0419
vn -0.9160 0.1301 -0.3795
vn -0.0012 -0.0002 -1.0000
vn 0.8617 -0.1199 -0.4931
vn 0.9848 -0.1735 0.0007
vn 0.0740 0.2788 -0.9575
vn -0.8222 0.2958 -0.4864
vn 0.9853 -0.1706 -0.0068
vn 0.0971 0.5447 -0.8330
vn -0.9855 0.1586 0.0601
vn -0.8044 0.4257 -0.4145
vn -0.9921 0.0635 0.1079
vn -0.8861 0.4078 -0.2200
vn 0.0043 0.7696 -0.6385
vn 0.9948 -0.0880 -0.0520
vn 0.9904 -0.1272 0.0534
vn -0.9855 0.1609 0.0542
vn -0.9827 0.1806 0.0421
vn 0.9780 -0.2000 0.0590
vn 0.0142 0.1143 0.9933
vn -0.0482 -0.1888 0.9808
vn 0.9026 0.4167 -0.1078
vn 0.0694 0.9909 -0.1155
vn 0.1289 0.9305 0.3430
vn -0.9808 0.1921 -0.0342
vn -0.1466 -0.7598 -0.6334
vn 0.9855 -0.1687 -0.0163
vn 0.1739 0.8843 0.4332
vn -0.1579 -0.6877 -0.7086
vn 0.9811 -0.1921 -0.0228
vn 0.9932 -0.0121 -0.1158
vn 0.0678 0.9451 0.3196
vn -0.9688 0.0782 0.2354
vn -0.2230 -0.3887 -0.8940
vn 0.9932 -0.0809 -0.0842
vn -0.7507 0.6299 0.1994
vn 0.9801 -0.1981 0.0148
vn -0.7436 0.6214 0.2468
vn 0.9737 -0.2280 0.0048
vn 0.9944 -0.0431 -0.0961
vn -0.9904 0.0622 0.1232
vn 0.9940 -0.0742 -0.0807
vn -0.8384 0.4693 -0.2773
vn 0.1085 0.6858 -0.7196
vn 0.9017 0.4092 -0.1395
vn -0.1675 -0.8720 -0.4600
vn 0.9335 -0.3545 -0.0535
vn 0.9803 -0.1955 0.0264
vn 0.9872 -0.1552 0.0356
vn 0.1218 0.9901 -0.0701
vn -0.9803 0.1956 -0.0263
vn -0.5494 0.8356 -0.0017
vn -0.7640 0.6365 0.1057
vn -0.1822 -0.7824 -0.5955
vn 0.9505 -0.3107 0.0018
vn 0.9733 -0.2285 0.0196
vn 0.9738 -0.2266 0.0194
vn 0.9839 -0.1759 0.0299
vn 0.1855 0.9022 0.3894
vn 0.2015 0.9740 -0.1032
vn -0.9733 0.2285 -0.0194
vn -0.6542 0.7534 -0.0659
vn -0.7462 0.6436 0.1701
vn -0.9964 0.0401 0.0743
vn -0.0374 -0.8211 0.5696
vn -0.1502 -0.7263 -0.6708
vn 0.9789 -0.1674 -0.1170
vn 0.0511 0.9259 0.3744
vn -0.8678 0.4531 -0.2039
vn 0.1641 0.9108 -0.3789
vn -0.8514 0.4685 0.2360
vn 0.9968 -0.0399 -0.0696
vn 0.9970 -0.0401 -0.0663
vn 0.7930 -0.1707 -0.5848
vn 0.7922 -0.1953 -0.5781
vn -0.8458 0.0871 -0.5264
vn -0.8340 0.1226 -0.5380
vn -0.8463 0.1611 -0.5078
vn 0.1910 -0.0075 -0.9816
vn 0.1637 -0.1157 -0.9797
vn 0.0408 -0.0153 -0.9991
vn 0.0370 -0.1412 -0.9893
vn 0.1772 -0.0429 -0.9832
vn 0.1617 -0.0780 -0.9838
vn 0.1331 -0.1102 -0.9850
vn 0.0343 0.0898 -0.9954
vn 0.0079 0.0146 -0.9999
vn 0.1177 0.0370 -0.9924
vn -0.1889 -0.1353 -0.9726
vn -0.8310 0.3096 -0.4622
vn 0.0715 0.3706 -0.9260
vn -0.8194 0.0375 -0.5720
vn 0.0379 0.1230 -0.9917
vn 0.1413 -0.3021 -0.9428
vn 0.1379 0.2062 -0.9687
vn 0.1269 -0.2058 -0.9703
vn -0.5988 0.7295 0.3306
vn -0.3182 -0.8746 0.3658
vn 0.1955 0.2444 -0.9498
vn -0.4024 -0.3949 0.8259
vn -0.9817 -0.0361 -0.1871
vn 0.3040 -0.0008 -0.9527
vn -0.2173 0.1844 -0.9585
vn -0.4744 -0.2919 0.8305
vn -0.7195 -0.5308 0.4479
vn 0.7455 0.0249 -0.6660
vn 0.2422 -0.3010 -0.9223
vn -0.5648 -0.7966 -0.2154
vn 0.0980 -0.7824 0.6150
vn -0.2129 0.0790 -0.9739
vn 0.9485 0.0243 0.3158
vn -0.9662 -0.0129 -0.2574
vn 0.6863 0.1137 -0.7184
vn -0.6463 -0.2004 0.7363
vn 0.0879 -0.1890 -0.9780
vn 0.0501 0.7118 -0.7006
vn -0.0648 0.2161 -0.9742
vn -0.2390 -0.3339 -0.9118
vn -0.1024 0.1128 -0.9883
vn -0.1783 -0.4455 0.8773
vn -0.9612 -0.0639 -0.2682
vn 0.8920 -0.3366 0.3018
vn 0.8625 0.4198 0.2825
vn 0.8660 0.3966 0.3046
vn -0.8900 -0.4520 -0.0599
vn -0.9713 0.1194 -0.2057
vn -0.5659 0.7807 0.2651
vn -0.9743 0.0392 -0.2219
vn -0.3531 -0.6758 -0.6470
vn 0.4376 -0.5700 0.6955
vn -0.3896 -0.4734 0.7900
vn 0.7893 0.3530 -0.5025
vn 0.9957 -0.0427 0.0826
vn 0.9605 -0.2478 0.1263
vn -0.6492 0.6132 -0.4501
vn 0.7920 0.3709 -0.4850
vn -0.6244 -0.5733 -0.5305
vn -0.9331 0.0623 0.3543
vn -0.1994 0.7619 0.6163
vn 0.9923 0.0774 0.0963
vn -0.9857 -0.1092 -0.1283
vn 0.9386 -0.1567 0.3074
vn -0.1027 0.2309 0.9675
vn 0.8784 -0.0291 0.4771
vn -0.3834 0.4614 -0.8000
vn -0.6588 0.2931 0.6929
vn 0.0185 0.5417 -0.8404
vn 0.9722 -0.0354 0.2313
vn -0.4936 -0.4314 0.7552
vn -0.6851 -0.3875 0.6168
vn 0.9356 -0.0860 0.3423
vn -0.2265 0.7377 0.6360
vn -0.9730 0.0228 -0.2296
vn -0.3192 0.6387 0.7001
vn -0.0335 -0.9352 -0.3525
vn -0.1635 0.7408 0.6515
vn 0.0848 -0.8096 -0.5808
vn 0.0321 -0.8872 -0.4602
vn -0.2702 0.7360 0.6207
vn 0.0290 -0.8892 -0.4565
vn -0.7314 0.4225 0.5354
vn -0.2226 0.4681 0.8552
vn 0.2523 0.4208 0.8714
vn -0.9872 0.0424 -0.1540
vn 0.9442 -0.1432 0.2964
vn -0.9297 -0.0131 0.3680
vn 0.7053 0.2345 -0.6689
vn -0.7640 0.5030 -0.4040
vn 0.9550 -0.2703 0.1226
vn -0.3810 -0.4887 0.7849
vn 0.5135 -0.5923 0.6208
vn -0.0018 0.5301 -0.8479
vn 0.7142 -0.4578 0.5295
vn -0.3221 -0.4607 0.8270
vn 0.9634 -0.2232 0.1483
vn -0.7913 0.4721 -0.3885
vn 0.4747 0.4729 -0.7423
vn -0.8637 -0.1178 0.4900
vn -0.0222 -0.8556 -0.5172
vn -0.0332 -0.8794 -0.4748
vn -0.0357 -0.9356 -0.3512
vn -0.0570 -0.9295 -0.3643
vn 0.0825 -0.8126 -0.5769
vn 0.0742 -0.8055 -0.5879
vn 0.0314 -0.8880 -0.4587
vn 0.0307 -0.8889 -0.4570
vn -0.9985 -0.0552 0.0031
vn -0.8859 0.0304 -0.4628
vn -0.2436 0.1722 -0.9545
vn 0.5528 0.2447 -0.7966
vn 0.9440 0.2300 -0.2367
vn 0.9153 0.1327 0.3803
vn -0.5530 -0.0780 0.8295
vn -0.9162 -0.2156 -0.3378
vn 0.7935 0.4315 0.4291
vn 0.8127 0.4416 0.3800
vn 0.0936 -0.2608 -0.9609
vn -0.8967 0.0045 0.4426
vn -0.8369 -0.3212 -0.4433
vn 0.8578 0.0786 -0.5079
vn 0.7253 -0.0125 -0.6884
vn -0.2524 -0.2446 -0.9362
vn -0.0370 -0.3706 -0.9281
vn 0.7957 -0.0695 -0.6016
vn -0.1488 -0.1458 -0.9781
vn 0.7944 -0.0560 -0.6048
vn -0.8656 0.3503 -0.3579
vn 0.2376 -0.3204 -0.9170
vn 0.7720 -0.6253 0.1138
vn 0.2690 -0.2475 -0.9308
vn 0.1339 -0.2269 -0.9647
vn -0.5322 -0.1318 0.8363
vn -0.5470 0.5820 0.6017
vn 0.9618 0.1208 0.2455
vn -0.1531 0.6519 0.7427
vn -0.9892 -0.1434 -0.0312
vn -0.6030 0.2876 0.7441
vn 0.2416 0.6999 -0.6721
vn -0.9502 0.1466 -0.2750
vn 0.9461 -0.2431 0.2142
vn -0.0869 0.0522 0.9948
vn 0.8673 -0.1165 0.4840
vn -0.3633 0.6826 -0.6341
vn -0.5735 0.4809 0.6632
vn 0.9045 -0.1670 0.3924
vn -0.6047 0.4619 0.6488
vn 0.9088 0.0227 0.4166
vn -0.6020 0.4569 0.6549
vn 0.8984 0.0287 0.4382
vn -0.1404 0.3224 0.9361
vn -0.6273 0.1283 0.7681
vn -0.9977 -0.0650 -0.0198
vn -0.0322 -0.3106 0.9500
vn -0.0952 0.3223 -0.9418
vn -0.9522 -0.0061 -0.3054
vn 0.0003 0.2796 -0.9601
vn -0.4418 -0.3700 0.8173
vn 0.3989 -0.8877 -0.2301
vn -0.2009 0.0194 0.9794
vn -0.1515 0.0795 0.9853
vn 0.6274 -0.3252 -0.7075
vn 0.5419 0.5210 0.6595
vn 0.0283 0.9810 -0.1920
vn -0.6056 0.7912 0.0852
vn 0.9548 0.0265 -0.2962
vn 0.4084 0.8277 0.3848
vn 0.7081 0.6943 -0.1284
vn 0.2790 -0.2379 -0.9303
vn 0.4923 0.0099 -0.8704
vn 0.5398 -0.1299 -0.8317
vn 0.5206 -0.7714 -0.3658
vn 0.1818 -0.9106 0.3712
vn -0.5293 -0.6392 0.5579
vn 0.7622 -0.1722 -0.6241
vn -0.1077 0.9937 0.0296
vn 0.5171 -0.2749 0.8106
vn 0.8490 -0.1589 -0.5038
vn 0.8426 -0.2637 -0.4695
vn -0.6556 -0.0058 0.7551
vn 0.2450 -0.9683 -0.0493
vn -0.0003 0.0281 0.9996
vn 0.8627 -0.1376 -0.4866
vn 0.0021 -0.0085 -1.0000
vn 0.0929 0.3535 -0.9308
vn 0.9825 -0.1852 0.0201
vn 0.1095 0.5611 -0.8205
vn -0.9842 0.1291 0.1208
vn 0.9819 -0.1891 0.0065
vn -0.0055 0.7484 -0.6633
vn -0.9881 -0.0136 0.1530
vn 0.0244 0.2165 0.9760
vn -0.0590 -0.2877 0.9559
vn 0.9655 -0.2083 0.1560
vn 0.9615 -0.2394 0.1352
vn 0.8681 -0.1262 -0.4801
vn 0.9826 -0.1846 0.0180
vn 0.0695 0.2780 -0.9581
vn 0.9824 -0.1867 0.0061
vn 0.0962 0.5445 -0.8332
vn -0.0690 -0.4667 0.8817
vn -0.0306 -0.6936 0.7197
vn 0.9807 -0.1822 0.0715
vn 0.9918 -0.1280 -0.0049
vn 0.0708 0.9922 -0.1027
vn -0.9958 0.0681 0.0613
vn -0.1223 -0.9689 -0.2150
vn 0.1175 0.9295 0.3495
vn 0.9807 -0.1939 0.0245
vn 0.1762 0.8859 0.4292
vn -0.9740 0.2245 -0.0293
vn 0.9748 -0.2225 0.0148
vn 0.9966 -0.0452 -0.0684
vn 0.0976 0.9443 0.3142
vn -0.8888 0.4560 0.0464
vn -0.7681 0.5294 0.3602
vn -0.9940 0.0744 0.0804
vn -0.0924 -0.7162 0.6918
vn -0.0907 -0.9933 -0.0718
vn 0.9685 -0.2479 -0.0213
vn 0.0621 0.9878 -0.1431
vn -0.8984 0.4386 0.0219
vn 0.8367 0.2704 -0.4762
vn -0.1629 -0.8565 -0.4898
vn 0.9804 -0.1950 0.0263
vn 0.9818 -0.1879 0.0264
vn 0.1617 0.9486 0.2720
vn 0.0900 0.9924 -0.0843
vn -0.9938 0.0188 -0.1093
vn -0.2039 -0.9532 -0.2234
vn 0.9788 -0.2035 0.0218
vn 0.1652 0.9786 -0.1224
vn -0.9928 0.0806 -0.0885
vn -0.9951 0.0064 0.0985
vn 0.9968 -0.0368 -0.0711
vn 0.1318 0.9064 -0.4013
vn 0.9952 -0.0647 -0.0740
vn 0.8009 -0.1556 -0.5782
vn 0.1816 -0.0604 -0.9815
vn 0.0369 -0.0671 -0.9971
vn -0.0137 -0.0624 -0.9980
vn 0.6184 -0.1934 -0.7617
vn 0.8301 -0.0858 -0.5510
vn 0.0147 -0.1640 -0.9864
vn -0.2705 0.0597 -0.9609
vn -0.2562 0.7742 0.5787
vn -0.2894 0.1561 -0.9444
vn -0.2599 0.3485 0.9005
vn -0.1777 -0.0637 -0.9820
vn -0.8274 -0.5397 0.1553
vn -0.8758 -0.3846 -0.2916
vn -0.2187 0.1848 0.9581
vn -0.1051 -0.9869 -0.1225
vn 0.2891 -0.6770 0.6768
vn -0.9253 -0.1645 -0.3416
vn -0.7689 0.2316 0.5960
vn 0.0126 0.5282 0.8490
vn -0.0722 -0.3133 -0.9469
vn -0.1332 -0.3364 0.9323
vn -0.1224 -0.1331 0.9835
vn -0.1301 -0.0860 -0.9878
vn -0.1887 0.3064 0.9330
vn -0.3939 0.4001 -0.8275
vn -0.2276 0.7696 0.5967
vn -0.5363 0.2738 -0.7984
vn -0.6111 -0.7559 -0.2348
vn 0.9047 -0.2456 0.3483
vn 0.0778 -0.9969 0.0128
vn -0.0207 -0.2530 0.9672
vn 0.0811 0.0162 0.9966
vn -0.0596 0.8878 0.4564
vn -0.2474 0.8156 0.5230
vn -0.2858 -0.7643 -0.5781
vn -0.9677 0.0174 -0.2513
vn 0.9443 0.2567 0.2060
vn -0.2267 -0.6962 -0.6811
vn 0.2447 0.4238 -0.8721
vn -0.4341 0.7268 0.5323
vn -0.1465 0.8892 0.4334
vn -0.8339 0.2799 -0.4758
vn -0.0921 0.7320 0.6750
vn -0.9338 0.0912 -0.3459
vn 0.0172 -0.4415 0.8971
vn 0.0710 0.8694 0.4890
vn -0.9852 -0.0106 -0.1711
vn 0.9886 0.0205 0.1492
vn -0.0244 0.7485 0.6627
vn 0.0110 -0.8349 -0.5503
vn -0.1685 0.6465 -0.7441
vn 0.2373 0.0062 0.9714
vn -0.8395 -0.3399 -0.4240
vn -0.1492 0.3941 0.9069
vn -0.1516 -0.8754 -0.4590
vn 0.9192 0.2388 0.3131
vn -0.0038 -0.9054 -0.4245
vn -0.1384 -0.1722 0.9753
vn 0.8559 -0.2895 0.4284
vn 0.0154 -0.0210 -0.9997
vn 0.0068 0.0431 -0.9990
vn -0.0623 0.0188 -0.9979
vn -0.0047 -0.0350 -0.9994
vn 0.0990 0.3797 -0.9198
vn 0.1643 0.3484 -0.9229
vn 0.0685 0.3497 -0.9344
vn 0.0857 0.3292 -0.9404
vn 0.1195 0.5914 -0.7975
vn 0.1842 0.5652 -0.8042
vn 0.0908 0.5562 -0.8260
vn 0.1050 0.5602 -0.8216
vn 0.1157 0.7317 -0.6717
vn -0.0122 0.7558 -0.6547
vn 0.0258 0.7683 -0.6396
vn -0.0115 0.8041 -0.5944
vn 0.0617 0.9913 -0.1166
vn 0.0635 0.9885 -0.1373
vn 0.0726 0.9918 -0.1053
vn 0.0705 0.9896 -0.1257
vn 0.1311 0.9322 0.3373
vn 0.1460 0.9130 0.3810
vn 0.1701 0.9328 0.3177
vn 0.1165 0.9124 0.3924
vn 0.1686 0.8813 0.4414
vn 0.0640 0.9062 0.4181
vn 0.1646 0.8780 0.4495
vn 0.1768 0.8711 0.4581
vn 0.1248 0.9528 0.2767
vn 0.0589 0.9193 0.3891
vn -0.1089 0.9339 0.3405
vn 0.1318 0.9656 0.2240
vn -0.2331 -0.1565 0.9598
vn -0.9764 0.1665 -0.1374
vn -0.3412 0.9283 0.1478
vn -0.2980 0.7332 0.6112
vn 0.3830 -0.2224 -0.8966
vn -0.9206 -0.2219 -0.3212
vn -0.8779 -0.4283 0.2143
vn -0.9246 -0.0174 0.3805
vn -0.2747 -0.3958 0.8763
vn -0.6181 -0.4116 0.6697
vn -0.9949 -0.0932 0.0396
vn -0.1815 0.3768 -0.9083
vn -0.4661 0.3024 -0.8315
vn -0.4483 -0.3195 0.8348
vn -0.1173 -0.5147 0.8493
vn -0.3870 0.5648 -0.7289
vn -0.3030 -0.0688 -0.9505
vn -0.2631 -0.5954 -0.7591
vn -0.3003 0.7326 0.6109
vn -0.3445 0.9278 0.1431
vn -0.1538 -0.1488 0.9768
vn -0.3370 0.9305 0.1436
vn -0.9825 -0.1378 0.1251
vn -0.9240 -0.2179 -0.3142
vn -0.3345 0.9307 0.1478
vn -0.9737 0.1870 -0.1302
vn -0.9866 -0.1323 0.0954
vn -0.2573 -0.3209 0.9115
vn -0.3084 0.3177 -0.8966
vn -0.2825 0.3381 -0.8977
vn -0.9865 -0.0268 -0.1618
vn -0.5352 -0.4664 0.7043
vn -0.2999 0.7327 0.6109
vn -0.0903 -0.6165 -0.7821
vn -0.9270 -0.0378 0.3732
vn -0.8774 -0.4276 0.2176
vn 0.2625 -0.6378 -0.7241
vn -0.2974 0.7334 0.6113
vn -0.2084 -0.0187 -0.9779
vn -0.3128 0.5727 -0.7578
vn -0.2301 -0.0227 -0.9729
vn -0.8748 -0.4258 0.2311
vn -0.3102 -0.0708 -0.9480
vn -0.2319 -0.4836 0.8440
vn -0.8853 -0.4221 0.1952
vn -0.9147 -0.2198 -0.3391
vn -0.8992 -0.2143 -0.3815
vn -0.8984 -0.4099 0.1575
vn -0.3228 -0.0741 -0.9436
vn -0.9258 -0.2180 -0.3087
vn -0.8704 -0.4292 0.2414
vn -0.2820 -0.0323 -0.9589
vn -0.2067 -0.5200 0.8288
vn -0.1554 -0.5100 0.8460
vn -0.1995 -0.4928 0.8470
vn -0.2272 -0.5260 0.8196
vn -0.1187 -0.5065 0.8541
vn -0.1440 -0.4805 0.8651
vn -0.1938 -0.4807 0.8552
vn -0.1345 -0.9828 0.1266
vn -0.9554 0.2355 -0.1782
vn 0.0523 -0.7623 -0.6451
vn -0.7412 -0.4671 -0.4821
vn -0.5181 -0.8515 -0.0806
vn -0.6710 -0.2512 -0.6976
vn -0.6429 -0.4721 -0.6032
vn -0.3815 -0.7576 -0.5297
vn -0.4459 -0.8675 -0.2204
vn -0.0380 -0.9870 0.1564
vn -0.5324 -0.6127 0.5840
vn -0.9842 0.0496 0.1697
vn -0.9933 -0.0164 0.1142
vn -0.9843 0.0921 -0.1507
vn -0.9778 0.0303 0.2074
vn -0.9417 0.2573 -0.2169
vn -0.2596 -0.3333 0.9064
vn -0.4056 -0.2706 0.8731
vn -0.4856 -0.2656 0.8329
vn -0.0801 0.5779 0.8121
vn -0.0801 0.5778 0.8122
vn -0.2830 -0.5501 0.7857
vn -0.2021 0.7203 0.6636
vn -0.2547 -0.5181 0.8165
vn -0.1389 -0.4969 0.8566
vn -0.2498 -0.4918 0.8341
vn -0.2465 -0.4666 0.8494
vn 0.0158 -0.7110 -0.7030
vn -0.2285 -0.5077 0.8307
vn -0.1542 -0.5254 0.8368
vn -0.3220 -0.0876 -0.9427
vn -0.2315 -0.4911 0.8398
vn -0.3077 -0.0840 -0.9478
vn 0.2913 -0.5266 -0.7986
vn -0.2999 0.7330 0.6106
vn -0.5350 -0.3943 0.7472
vn -0.3157 0.2622 -0.9119
vn -0.3373 0.9312 0.1380
vn -0.3457 0.9283 0.1367
vn -0.3003 0.7328 0.6106
vn -0.2995 -0.0819 -0.9506
vn -0.3850 0.5507 -0.7407
vn -0.5095 0.2275 -0.8299
vn -0.5829 -0.3733 0.7217
vn -0.3308 -0.2070 0.9207
vn 0.3614 -0.3000 -0.8828
vn -0.2044 -0.1404 0.9688
vn -0.9250 -0.2172 -0.3118
vn 0.6665 -0.4937 -0.5585
vn -0.9240 -0.2192 -0.3134
vn 0.8527 0.4052 -0.3298
vn -0.2745 0.8408 0.4666
vn -0.8335 -0.4663 0.2964
vn -0.8704 -0.3252 -0.3697
vn -0.8918 -0.1560 -0.4247
vn -0.9694 -0.1306 -0.2077
vn -0.9460 -0.2694 -0.1803
vn -0.1281 -0.3260 0.9367
vn -0.2553 -0.5441 0.7993
vn -0.1856 -0.4165 0.8900
vn -0.2150 -0.2925 0.9318
vn -0.2815 -0.5279 0.8013
vn -0.2001 -0.6748 0.7103
vn -0.3192 -0.5161 0.7949
vn 0.7915 -0.5405 -0.2854
vn 0.0073 -0.7129 -0.7012
vn 0.2321 -0.7271 -0.6461
vn -0.5550 -0.4847 -0.6760
vn -0.0962 -0.6858 -0.7214
vn -0.0121 -0.7087 -0.7054
vn -0.0118 0.7039 0.7102
vn 0.2419 -0.7202 -0.6502
vn -0.1160 -0.4951 0.8610
vn -0.2103 -0.5101 0.8340
vn -0.1979 -0.4967 0.8451
vn -0.1165 -0.5093 0.8527
vn -0.1171 -0.5031 0.8562
vn -0.2054 -0.5050 0.8383
vn -0.3232 -0.6209 0.7141
vn -0.2467 -0.6697 0.7005
vn -0.1757 -0.6440 0.7446
vn -0.0117 0.7039 0.7102
vn -0.2005 -0.6775 0.7077
vn -0.2020 0.7203 0.6636
vn -0.2232 -0.5255 0.8210
vn -0.1846 -0.5430 0.8192
vn -0.2311 -0.5714 0.7875
vn -0.3346 -0.5287 0.7801
vn -0.4030 -0.5265 0.7486
vn -0.2529 -0.4589 0.8517
vn -0.2368 -0.4470 0.8626
vn -0.1722 -0.4488 0.8769
vn -0.2352 -0.4709 0.8502
vn -0.3569 -0.5983 0.7174
vn -0.3212 -0.3037 0.8970
vn -0.2770 -0.5697 0.7738
vn -0.2172 -0.4866 0.8462
vn 0.0858 0.8504 0.5191
vn -0.2165 -0.5086 0.8334
vn -0.9948 -0.0769 0.0673
vn 0.6188 -0.6329 -0.4653
vn -0.2002 -0.8421 -0.5007
vn 0.3991 -0.4486 0.7997
vn -0.9651 -0.2573 -0.0484
vn 0.3949 -0.4266 0.8137
vn 0.3845 0.8031 0.4551
vn -0.9934 -0.1025 0.0512
vn 0.3577 -0.7738 -0.5227
vn 0.9930 0.1079 -0.0478
vn -0.6051 0.6427 0.4698
vn 0.9766 0.2140 0.0201
vn 0.9781 -0.1062 -0.1792
vn -0.5188 -0.7515 -0.4075
vn 0.9952 0.0590 -0.0785
vn -0.3005 0.7939 0.5286
vn -0.9903 0.0333 0.1353
vt 0.312500 0.500000
vt 0.342448 0.502604
vt 0.342448 0.502604
vt 0.312500 0.500000
vt 0.364583 0.520833
vt 0.364583 0.520833
vt 0.250000 0.500000
vt 0.281250 0.500000
vt 0.250000 0.500000
vt 0.312500 0.500000
vt 0.135417 0.520833
vt 0.157552 0.502604
vt 0.157552 0.502604
vt 0.135417 0.520833
vt 0.187500 0.500000
vt 0.187500 0.500000
vt 0.187500 0.500000
vt 0.218750 0.500000
vt 0.218750 0.500000
vt 0.187500 0.500000
vt 0.125000 0.625000
vt 0.126302 0.565104
vt 0.126302 0.565104
vt 0.135417 0.520833
vt 0.312500 0.750000
vt 0.281250 0.750000
vt 0.281250 0.750000
vt 0.312500 0.750000
vt 0.250000 0.750000
vt 0.250000 0.750000
vt 0.342448 0.502604
vt 0.125000 0.625000
vt 0.125000 0.625000
vt 0.375000 0.625000
vt 0.373698 0.684896
vt 0.373698 0.684896
vt 0.375000 0.625000
vt 0.364583 0.729167
vt 0.364583 0.729167
vt 0.218750 0.750000
vt 0.218750 0.750000
vt 0.187500 0.750000
vt 0.187500 0.750000
vt 0.342448 0.747396
vt 0.342448 0.747396
vt 0.312500 0.750000
vt 0.312500 0.750000
vt 0.187500 0.750000
vt 0.157552 0.747396
vt 0.157552 0.747396
vt 0.135417 0.729167
vt 0.135417 0.729167
vt 0.157335 0.747830
vt 0.156250 0.750000
vt 0.187500 0.750000
vt 0.134549 0.730903
vt 0.125000 0.750000
vt 0.373915 0.685330
vt 0.375000 0.625000
vt 0.375000 0.687500
vt 0.375000 0.625000
vt 0.365451 0.730903
vt 0.375000 0.750000
vt 0.126085 0.564670
vt 0.125000 0.625000
vt 0.125000 0.562500
vt 0.134549 0.519097
vt 0.125000 0.500000
vt 0.281250 0.750000
vt 0.281250 0.750000
vt 0.312500 0.750000
vt 0.250000 0.750000
vt 0.373698 0.684896
vt 0.375000 0.625000
vt 0.157552 0.747396
vt 0.157552 0.747396
vt 0.342448 0.747396
vt 0.342448 0.747396
vt 0.156250 0.625000
vt 0.156250 0.687500
vt 0.125000 0.687500
vt 0.156250 0.750000
vt 0.125000 0.750000
vt 0.187500 0.687500
vt 0.187500 0.625000
vt 0.312500 0.625000
vt 0.343750 0.625000
vt 0.343750 0.687500
vt 0.312500 0.687500
vt 0.343750 0.750000
vt 0.375000 0.750000
vt 0.250000 0.625000
vt 0.281250 0.625000
vt 0.281250 0.687500
vt 0.250000 0.687500
vt 0.218750 0.625000
vt 0.218750 0.687500
vt 0.218750 0.750000
vt 0.342665 0.747830
vt 0.218750 0.500000
vt 0.187500 0.500000
vt 0.250000 0.500000
vt 0.250000 0.500000
vt 0.157335 0.502170
vt 0.156250 0.500000
vt 0.342665 0.502170
vt 0.312500 0.500000
vt 0.343750 0.500000
vt 0.365451 0.519097
vt 0.375000 0.500000
vt 0.281250 0.500000
vt 0.281250 0.500000
vt 0.281250 0.500000
vt 0.218750 0.562500
vt 0.187500 0.562500
vt 0.250000 0.562500
vt 0.281250 0.562500
vt 0.312500 0.562500
vt 0.343750 0.562500
vt 0.375000 0.562500
vt 0.375000 0.500000
vt 0.125000 0.500000
vt 0.156250 0.562500
vt 0.125000 0.562500
vt 0.373698 0.565104
vt 0.373698 0.565104
vt 0.126302 0.684896
vt 0.126085 0.685330
vt 0.373698 0.565104
vt 0.373915 0.564670
vt 0.126302 0.684896
vt 0.126302 0.684896
vt 0.126302 0.684896
vt 0.370861 0.894552
vt 0.372209 0.894723
vt 0.372030 0.895160
vt 0.371196 0.896176
vt 0.373940 0.892942
vt 0.373389 0.893561
vt 0.373198 0.893446
vt 0.373466 0.892678
vt 0.385855 0.877467
vt 0.390894 0.887871
vt 0.385768 0.886820
vt 0.381633 0.883169
vt 0.864643 0.696348
vt 0.863710 0.684445
vt 0.861593 0.677378
vt 0.864253 0.677699
vt 0.862800 0.685768
vt 0.462734 0.849914
vt 0.462741 0.849879
vt 0.462736 0.849859
vt 0.462740 0.849876
vt 0.462730 0.849882
vt 0.838888 0.843356
vt 0.840308 0.834640
vt 0.838753 0.826541
vt 0.842028 0.827203
vt 0.839336 0.834289
vt 0.881786 0.560731
vt 0.881787 0.560726
vt 0.881786 0.560725
vt 0.881786 0.560724
vt 0.881785 0.560725
vt 0.415922 0.836603
vt 0.443862 0.875157
vt 0.354769 0.901453
vt 0.360205 0.912812
vt 0.329877 0.955053
vt 0.300857 0.914094
vt 0.372891 0.893781
vt 0.372330 0.892742
vt 0.372513 0.894213
vt 0.371415 0.893394
vt 0.373888 0.875615
vt 0.371551 0.889597
vt 0.369166 0.891408
vt 0.364666 0.888029
vt 0.377601 0.881489
vt 0.374400 0.890360
vt 0.381554 0.900279
vt 0.376638 0.896914
vt 0.377648 0.893998
vt 0.372646 0.914505
vt 0.374431 0.898939
vt 0.369754 0.909738
vt 0.372429 0.898793
vt 0.375511 0.890953
vt 0.376652 0.892094
vt 0.373182 0.893578
vt 0.373020 0.893782
vt 0.373307 0.893670
vt 0.372218 0.895266
vt 0.372256 0.895189
vt 0.372411 0.895198
vt 0.372442 0.895273
vt 0.372262 0.894856
vt 0.372132 0.895122
vt 0.372460 0.894870
vt 0.372405 0.894943
vt 0.372502 0.895088
vt 0.372618 0.895117
vt 0.372515 0.894789
vt 0.372663 0.894896
vt 0.372545 0.894373
vt 0.372359 0.894692
vt 0.372817 0.894691
vt 0.372953 0.894720
vt 0.372778 0.894401
vt 0.372842 0.894310
vt 0.373009 0.894427
vt 0.372910 0.893918
vt 0.372677 0.894192
vt 0.373103 0.893950
vt 0.373044 0.894026
vt 0.373147 0.894205
vt 0.373271 0.894222
vt 0.372707 0.894490
vt 0.373481 0.893802
vt 0.373379 0.893819
vt 0.373150 0.893882
vt 0.369897 0.821546
vt 0.443862 0.945282
vt 0.362452 0.902864
vt 0.364645 0.906792
vt 0.881785 0.560720
vt 0.881787 0.560722
vt 0.839937 0.832199
vt 0.839706 0.832561
vt 0.462732 0.849854
vt 0.462747 0.849864
vt 0.863416 0.683151
vt 0.864439 0.680685
vt 0.368515 0.897011
vt 0.369137 0.897112
vt 0.368202 0.893903
vt 0.370069 0.895746
vt 0.369203 0.896017
vt 0.369220 0.897373
vt 0.369740 0.896442
vt 0.369715 0.896437
vt 0.369741 0.896456
vt 0.369730 0.896460
vt 0.369729 0.896459
vt 0.369749 0.896458
vt 0.369731 0.896461
vt 0.370284 0.896234
vt 0.370467 0.896316
vt 0.370070 0.896991
vt 0.369749 0.896477
vt 0.369673 0.896488
vt 0.369725 0.896460
vt 0.369728 0.896462
vt 0.369729 0.896464
vt 0.377081 0.969779
vt 0.302510 0.843358
vt 0.844058 0.778873
vt 0.845289 0.766912
vt 0.847828 0.763736
vt 0.845495 0.777037
vt 0.844020 0.780892
vt 0.845197 0.770061
vt 0.462643 0.849432
vt 0.462653 0.849139
vt 0.463055 0.849365
vt 0.462948 0.849548
vt 0.463036 0.849734
vt 0.462988 0.849788
vt 0.857617 0.626709
vt 0.855680 0.610997
vt 0.859485 0.607178
vt 0.859542 0.624971
vt 0.859904 0.610378
vt 0.860116 0.624726
vt 0.881847 0.560634
vt 0.881888 0.560566
vt 0.881887 0.560712
vt 0.881867 0.560723
vt 0.881734 0.560586
vt 0.881709 0.560494
vt 0.844142 0.781511
vt 0.845236 0.771361
vt 0.462392 0.849739
vt 0.462215 0.849571
vt 0.857128 0.627376
vt 0.855420 0.614866
vt 0.881633 0.560718
vt 0.881558 0.560676
vt 0.462926 0.849921
vt 0.462957 0.850048
vt 0.462376 0.850306
vt 0.462462 0.849989
vt 0.846334 0.781967
vt 0.847043 0.769448
vt 0.881843 0.560778
vt 0.881862 0.560845
vt 0.881626 0.560949
vt 0.881671 0.560824
vt 0.843287 0.762253
vt 0.843836 0.777858
vt 0.848969 0.747652
vt 0.840391 0.739327
vt 0.838753 0.721253
vt 0.852024 0.696931
vt 0.488555 0.867697
vt 0.468069 0.882279
vt 0.487493 0.833319
vt 0.464299 0.821546
vt 0.851058 0.536027
vt 0.864643 0.562468
vt 0.838753 0.568499
vt 0.856598 0.594160
vt 0.844278 0.587963
vt 0.857364 0.613588
vt 0.865226 0.543088
vt 0.881769 0.536027
vt 0.902400 0.545730
vt 0.902538 0.572520
vt 0.886189 0.586715
vt 0.859253 0.721731
vt 0.860265 0.744467
vt 0.444444 0.827899
vt 0.864165 0.583468
vt 0.856833 0.610406
vt 0.444444 0.875125
vt 0.841455 0.812872
vt 0.842666 0.800917
vt 0.843057 0.800849
vt 0.841348 0.813020
vt 0.841665 0.813390
vt 0.842826 0.801793
vt 0.462740 0.849814
vt 0.462738 0.849751
vt 0.462735 0.849770
vt 0.462734 0.849819
vt 0.462732 0.849821
vt 0.462753 0.849773
vt 0.462754 0.849763
vt 0.462738 0.849808
vt 0.462747 0.849814
vt 0.462735 0.849771
vt 0.462734 0.849756
vt 0.462743 0.849802
vt 0.861548 0.663698
vt 0.860300 0.647925
vt 0.861150 0.647556
vt 0.862222 0.662682
vt 0.861490 0.664323
vt 0.859599 0.648208
vt 0.861284 0.648916
vt 0.862465 0.664912
vt 0.861192 0.648847
vt 0.861893 0.662918
vt 0.881789 0.560712
vt 0.881789 0.560697
vt 0.881791 0.560711
vt 0.881791 0.560717
vt 0.881784 0.560709
vt 0.881784 0.560695
vt 0.881780 0.560720
vt 0.881778 0.560718
vt 0.881782 0.560704
vt 0.881781 0.560713
vt 0.881789 0.560722
vt 0.881788 0.560718
vt 0.841051 0.800001
vt 0.840626 0.813976
vt 0.861703 0.664090
vt 0.860026 0.649579
vt 0.842442 0.802546
vt 0.843876 0.801789
vt 0.858634 0.626772
vt 0.372541 0.896070
vt 0.372553 0.896225
vt 0.372369 0.896146
vt 0.372561 0.896403
vt 0.374500 0.893390
vt 0.374334 0.893461
vt 0.374179 0.893331
vt 0.374186 0.893517
vt 0.374059 0.893570
vt 0.373875 0.895179
vt 0.374176 0.894262
vt 0.374317 0.894253
vt 0.374010 0.895242
vt 0.374174 0.895329
vt 0.374492 0.894247
vt 0.374658 0.894248
vt 0.374323 0.895418
vt 0.373136 0.895780
vt 0.373217 0.895892
vt 0.373309 0.896037
vt 0.373389 0.896178
vt 0.372535 0.895934
vt 0.568155 0.275265
vt 0.569362 0.275910
vt 0.569272 0.276081
vt 0.567013 0.274539
vt 0.065328 0.444579
vt 0.059382 0.441613
vt 0.073388 0.426964
vt 0.074341 0.433180
vt 0.091858 0.445584
vt 0.106477 0.441770
vt 0.105080 0.451492
vt 0.090743 0.451121
vt 0.569055 0.271617
vt 0.574726 0.270038
vt 0.573203 0.276666
vt 0.571274 0.275041
vt 0.085174 0.434401
vt 0.087759 0.429432
vt 0.092375 0.432012
vt 0.088556 0.435051
vt 0.108722 0.440521
vt 0.110557 0.451487
vt 0.564854 0.282137
vt 0.527596 0.353675
vt 0.510996 0.341507
vt 0.561861 0.281256
vt 0.634879 0.238931
vt 0.650352 0.305502
vt 0.571754 0.276734
vt 0.571080 0.275690
vt 0.570606 0.276416
vt 0.570611 0.276415
vt 0.570619 0.276415
vt 0.570615 0.276414
vt 0.569616 0.277282
vt 0.569823 0.277186
vt 0.570881 0.277863
vt 0.570755 0.278202
vt 0.571512 0.278648
vt 0.571256 0.277661
vt 0.569451 0.276271
vt 0.569618 0.276272
vt 0.570623 0.276416
vt 0.570630 0.276421
vt 0.570630 0.276419
vt 0.570626 0.276411
vt 0.570605 0.276412
vt 0.570615 0.276420
vt 0.570619 0.276415
vt 0.570610 0.276413
vt 0.570626 0.276406
vt 0.570635 0.276414
vt 0.570637 0.276416
vt 0.570625 0.276406
vt 0.570628 0.276414
vt 0.570613 0.276402
vt 0.156287 0.430874
vt 0.147675 0.451389
vt 0.775290 0.737976
vt 0.785316 0.750400
vt 0.763035 0.759177
vt 0.761916 0.743277
vt 0.571034 0.278849
vt 0.591249 0.366691
vt 0.100133 0.424333
vt 0.064262 0.451316
vt 0.056720 0.451395
vt 0.570604 0.276406
vt 0.570618 0.276418
vt 0.570579 0.276414
vt 0.570592 0.276418
vt 0.570570 0.276391
vt 0.602136 0.361614
vt 0.567602 0.274541
vt 0.569952 0.275276
vt 0.093319 0.419435
vt 0.116671 0.387976
vt 0.750411 0.722196
vt 0.744543 0.721730
vt 0.753732 0.705835
vt 0.755992 0.712148
vt 0.773238 0.708170
vt 0.768395 0.713259
vt 0.763624 0.799453
vt 0.717337 0.790819
vt 0.738254 0.751558
vt 0.681743 0.754102
vt 0.748530 0.737458
vt 0.773310 0.723447
vt 0.782518 0.724454
vt 0.100129 0.384785
vt 0.032292 0.420388
vt 0.011164 0.317043
vt 0.041307 0.327658
vt 0.052273 0.418211
vt 0.185831 0.470914
vt 0.216948 0.349604
vt 0.261319 0.352780
vt 0.232950 0.477951
vt 0.087837 0.242463
vt 0.089910 0.230390
vt 0.133904 0.197052
vt 0.132698 0.206748
vt 0.198240 0.225323
vt 0.200038 0.215258
vt 0.231941 0.229916
vt 0.230270 0.240277
vt 0.036699 0.203812
vt 0.037632 0.198252
vt 0.063351 0.208061
vt 0.063731 0.214770
vt 0.235736 0.235761
vt 0.236619 0.230497
vt 0.263033 0.231096
vt 0.262734 0.236673
vt 0.158593 0.202965
vt 0.156884 0.212068
vt 0.085132 0.229440
vt 0.084628 0.233221
vt 0.806771 0.786031
vt 0.681743 0.609709
vt 0.692481 0.568675
vt 0.720736 0.581611
vt 0.715114 0.614265
vt 0.741005 0.557427
vt 0.736222 0.536026
vt 0.778806 0.543012
vt 0.772888 0.561620
vt 0.799207 0.555108
vt 0.788357 0.569116
vt 0.710753 0.546861
vt 0.723960 0.562736
vt 0.742324 0.576905
vt 0.774413 0.583683
vt 0.795064 0.681733
vt 0.795577 0.619493
vt 0.827211 0.613502
vt 0.831581 0.676632
vt 0.790974 0.590141
vt 0.866552 0.314022
vt 0.867590 0.368427
vt 0.844090 0.371693
vt 0.846807 0.317572
vt 0.746930 0.655348
vt 0.742695 0.599396
vt 0.777354 0.603553
vt 0.779031 0.658040
vt 0.844022 0.272101
vt 0.867533 0.268362
vt 0.891138 0.232852
vt 0.891047 0.264623
vt 0.867622 0.237167
vt 0.868342 0.207493
vt 0.888565 0.212454
vt 0.725591 0.675380
vt 0.838171 0.749681
vt 0.683341 0.673744
vt 0.089301 0.041427
vt 0.093817 0.010692
vt 0.129171 0.018996
vt 0.123503 0.051440
vt 0.193786 0.038551
vt 0.200189 0.009062
vt 0.236457 0.016116
vt 0.228970 0.046064
vt 0.165939 0.000291
vt 0.162545 0.030328
vt 0.264638 0.042643
vt 0.259375 0.071580
vt 0.054826 0.037514
vt 0.057918 0.007622
vt 0.300275 0.046491
vt 0.294120 0.075455
vt 0.232686 0.220396
vt 0.264003 0.221742
vt 0.039029 0.188820
vt 0.065386 0.198262
vt 0.201318 0.204498
vt 0.092506 0.219778
vt 0.136149 0.186626
vt 0.160731 0.192675
vt 0.861848 0.414110
vt 0.831729 0.404472
vt 0.891090 0.365161
vt 0.888265 0.396616
vt 0.886296 0.310471
vt 0.820590 0.374959
vt 0.824565 0.321121
vt 0.824256 0.273646
vt 0.844106 0.241483
vt 0.820590 0.245801
vt 0.836933 0.217105
vt 0.822199 0.225691
vt 0.570645 0.276437
vt 0.570654 0.276447
vt 0.570641 0.276433
vt 0.570647 0.276432
vt 0.570645 0.276426
vt 0.570650 0.276429
vt 0.570662 0.276437
vt 0.570684 0.276463
vt 0.570618 0.276398
vt 0.570618 0.276387
vt 0.570185 0.275692
vt 0.569752 0.276083
vt 0.569727 0.276147
vt 0.569962 0.277083
vt 0.570612 0.276414
vt 0.571136 0.277714
vt 0.570610 0.276384
vt 0.570585 0.276371
vt 0.570619 0.276408
vt 0.570623 0.276411
vt 0.569410 0.277401
vt 0.061359 0.218898
vt 0.073865 0.354702
vt 0.262413 0.241270
vt 0.035421 0.208258
vt 0.119993 0.301104
vt 0.063169 0.202521
vt 0.087124 0.221610
vt 0.038004 0.193374
vt 0.237025 0.225270
vt 0.263536 0.226345
vt 0.820007 0.417493
vt 0.651599 0.522293
vt 0.616136 0.216348
vt 0.748471 0.059085
vt 0.820007 0.129445
vt 0.608764 0.535444
vt 0.450118 0.514068
vt 0.397749 0.480698
vt 0.751007 0.863023
vt 0.756116 0.860077
vt 0.759008 0.855310
vt 0.746566 0.857003
vt 0.751027 0.881786
vt 0.755527 0.878407
vt 0.754564 0.875912
vt 0.741130 0.868361
vt 0.757776 0.876421
vt 0.757222 0.875263
vt 0.757535 0.871468
vt 0.758791 0.871022
vt 0.759464 0.875865
vt 0.759511 0.875932
vt 0.759644 0.875845
vt 0.759632 0.875592
vt 0.759740 0.875996
vt 0.759842 0.876013
vt 0.759139 0.875414
vt 0.759069 0.875325
vt 0.758907 0.875441
vt 0.758875 0.875602
vt 0.757557 0.873638
vt 0.758391 0.874655
vt 0.758580 0.874549
vt 0.758254 0.873702
vt 0.756645 0.873581
vt 0.756431 0.874069
vt 0.756828 0.873498
vt 0.755581 0.872442
vt 0.756431 0.872824
vt 0.756067 0.873307
vt 0.756110 0.873337
vt 0.755498 0.872703
vt 0.756072 0.873325
vt 0.754876 0.872804
vt 0.756034 0.873327
vt 0.756084 0.873349
vt 0.756083 0.873346
vt 0.756090 0.873351
vt 0.756102 0.873359
vt 0.756101 0.873373
vt 0.756081 0.873351
vt 0.756087 0.873355
vt 0.756090 0.873353
vt 0.756091 0.873355
vt 0.756092 0.873354
vt 0.756076 0.873378
vt 0.687219 0.855721
vt 0.688872 0.926457
vt 0.888396 0.786521
vt 0.888422 0.786666
vt 0.888682 0.786411
vt 0.888567 0.786313
vt 0.888225 0.786517
vt 0.888186 0.786583
vt 0.888391 0.786624
vt 0.888381 0.786552
vt 0.856947 0.876838
vt 0.856954 0.876985
vt 0.857281 0.876815
vt 0.857229 0.876721
vt 0.857227 0.876665
vt 0.857334 0.876847
vt 0.857317 0.876476
vt 0.857269 0.876421
vt 0.879005 0.725204
vt 0.879019 0.725172
vt 0.878875 0.725137
vt 0.878890 0.725187
vt 0.879029 0.725363
vt 0.879050 0.725417
vt 0.879056 0.725295
vt 0.879041 0.725313
vt 0.878888 0.725212
vt 0.878855 0.725109
vt 0.878844 0.725326
vt 0.878863 0.725338
vt 0.886024 0.611839
vt 0.886034 0.611794
vt 0.885896 0.611848
vt 0.885917 0.611883
vt 0.886092 0.612096
vt 0.886137 0.612221
vt 0.886205 0.611947
vt 0.886130 0.611989
vt 0.888519 0.786144
vt 0.888589 0.785928
vt 0.888181 0.786132
vt 0.888210 0.786221
vt 0.878898 0.725408
vt 0.878878 0.725530
vt 0.857237 0.876160
vt 0.857207 0.876286
vt 0.860847 0.776300
vt 0.861450 0.798903
vt 0.888140 0.786610
vt 0.883442 0.814460
vt 0.882841 0.858510
vt 0.862396 0.843939
vt 0.881833 0.892798
vt 0.856930 0.877074
vt 0.897816 0.707875
vt 0.880595 0.696931
vt 0.904940 0.737107
vt 0.879039 0.725160
vt 0.860847 0.704085
vt 0.860847 0.749434
vt 0.902537 0.630679
vt 0.902537 0.594359
vt 0.885901 0.612116
vt 0.838754 0.851070
vt 0.881575 0.637986
vt 0.885876 0.611983
vt 0.888330 0.786297
vt 0.888330 0.786312
vt 0.888327 0.786309
vt 0.888329 0.786296
vt 0.888327 0.786276
vt 0.888330 0.786298
vt 0.888328 0.786303
vt 0.888326 0.786284
vt 0.888337 0.786286
vt 0.888331 0.786300
vt 0.857023 0.876409
vt 0.857027 0.876442
vt 0.857021 0.876426
vt 0.857020 0.876399
vt 0.857019 0.876386
vt 0.857022 0.876437
vt 0.857017 0.876448
vt 0.857027 0.876401
vt 0.878956 0.725308
vt 0.878957 0.725304
vt 0.878961 0.725307
vt 0.878958 0.725310
vt 0.878955 0.725311
vt 0.878958 0.725309
vt 0.878956 0.725302
vt 0.878955 0.725308
vt 0.878958 0.725312
vt 0.878962 0.725305
vt 0.878970 0.725304
vt 0.878961 0.725309
vt 0.885974 0.611983
vt 0.885974 0.611969
vt 0.885972 0.611982
vt 0.885972 0.611988
vt 0.885978 0.611977
vt 0.885979 0.611970
vt 0.885974 0.611972
vt 0.885975 0.611979
vt 0.888330 0.786319
vt 0.888331 0.786290
vt 0.885983 0.611984
vt 0.885981 0.611976
vt 0.885979 0.611966
vt 0.885979 0.611980
vt 0.888334 0.786254
vt 0.888337 0.786259
vt 0.888334 0.786265
vt 0.888316 0.786312
vt 0.888330 0.786290
vt 0.888335 0.786269
vt 0.888332 0.786264
vt 0.888326 0.786314
vt 0.856737 0.876224
vt 0.857032 0.876425
vt 0.857015 0.876433
vt 0.857023 0.876322
vt 0.857030 0.876338
vt 0.857021 0.876393
vt 0.857015 0.876347
vt 0.856919 0.876775
vt 0.857029 0.876460
vt 0.856669 0.876480
vt 0.857026 0.876429
vt 0.878963 0.725313
vt 0.879008 0.725220
vt 0.878958 0.725302
vt 0.885985 0.611989
vt 0.885974 0.611993
vt 0.885977 0.611996
vt 0.885976 0.611997
vt 0.886030 0.611857
vt 0.885916 0.611905
vt 0.885896 0.611994
vt 0.758896 0.873881
vt 0.758902 0.873745
vt 0.758730 0.873669
vt 0.760371 0.874573
vt 0.760678 0.875562
vt 0.760853 0.875568
vt 0.760535 0.874486
vt 0.759578 0.873923
vt 0.759671 0.873778
vt 0.760695 0.876353
vt 0.760861 0.876425
vt 0.761019 0.875567
vt 0.758922 0.873412
vt 0.758803 0.874542
vt 0.764009 0.875817
vt 0.763013 0.877721
vt 0.566804 0.274812
vt 0.566286 0.274783
vt 0.566823 0.275220
vt 0.567015 0.274959
vt 0.567777 0.273475
vt 0.568114 0.272441
vt 0.566174 0.272183
vt 0.565128 0.275559
vt 0.565933 0.276319
vt 0.566145 0.270834
vt 0.560413 0.278507
vt 0.820590 0.417092
vt 0.829944 0.445311
vt 0.891527 0.444704
vt 0.861192 0.414692
vt 0.562527 0.271325
vt 0.475635 0.255417
vt 0.472635 0.267019
vt 0.562471 0.271833
vt 0.565543 0.271153
vt 0.565719 0.272035
vt 0.565665 0.272888
vt 0.565419 0.272537
vt 0.565361 0.272574
vt 0.565514 0.273010
vt 0.564935 0.271755
vt 0.564920 0.271742
vt 0.564919 0.271753
vt 0.564933 0.271764
vt 0.564950 0.271747
vt 0.564929 0.271743
vt 0.564929 0.271743
vt 0.564953 0.271754
vt 0.564970 0.271775
vt 0.564954 0.271793
vt 0.564924 0.271754
vt 0.564923 0.271751
vt 0.564925 0.271747
vt 0.564929 0.271749
vt 0.573355 0.267319
vt 0.590658 0.201830
vt 0.570409 0.266511
vt 0.569575 0.271899
vt 0.564194 0.273134
vt 0.568905 0.272712
vt 0.568282 0.273469
vt 0.563540 0.271497
vt 0.563565 0.271370
vt 0.828988 0.461431
vt 0.895898 0.461431
vt 0.014565 0.451757
vt 0.000291 0.451920
vt 0.006735 0.467180
vt 0.032962 0.482662
vt 0.059581 0.461123
vt 0.585685 0.736084
vt 0.585313 0.758575
vt 0.617402 0.751797
vt 0.620343 0.731926
vt 0.052836 0.484569
vt 0.073881 0.475565
vt 0.116962 0.514325
vt 0.143312 0.598501
vt 0.182707 0.579760
vt 0.156219 0.471779
vt 0.074618 0.547554
vt 0.120605 0.600519
vt 0.100551 0.517548
vt 0.093704 0.483138
vt 0.088220 0.473320
vt 0.216548 0.552105
vt 0.185362 0.432032
vt 0.157539 0.688612
vt 0.159269 0.697625
vt 0.200284 0.685279
vt 0.198463 0.675313
vt 0.042481 0.574553
vt 0.558103 0.721215
vt 0.563725 0.753869
vt 0.625507 0.611026
vt 0.681160 0.585799
vt 0.649761 0.549449
vt 0.628305 0.585079
vt 0.566949 0.772744
vt 0.583994 0.778053
vt 0.638567 0.715987
vt 0.633964 0.745339
vt 0.660577 0.757741
vt 0.670200 0.721977
vt 0.553743 0.788619
vt 0.579211 0.799453
vt 0.631347 0.766364
vt 0.642197 0.780372
vt 0.526330 0.661736
vt 0.524732 0.725770
vt 0.568580 0.660099
vt 0.589920 0.680132
vt 0.879936 0.197283
vt 0.891087 0.167775
vt 0.867588 0.164500
vt 0.137098 0.713906
vt 0.163896 0.868651
vt 0.194812 0.860376
vt 0.161429 0.707812
vt 0.564861 0.271697
vt 0.564891 0.271713
vt 0.564939 0.271749
vt 0.133595 0.693983
vt 0.230141 0.660373
vt 0.064721 0.698466
vt 0.039828 0.707638
vt 0.040864 0.712145
vt 0.066936 0.702677
vt 0.263150 0.674047
vt 0.236891 0.675216
vt 0.232611 0.680060
vt 0.263631 0.678605
vt 0.888226 0.786480
vt 0.886055 0.611765
vt 0.878954 0.725309
vt 0.428261 0.678436
vt 0.431152 0.679450
vt 0.434044 0.680464
vt 0.427717 0.693174
vt 0.423541 0.693022
vt 0.452111 0.726496
vt 0.449050 0.731943
vt 0.432439 0.719438
vt 0.432893 0.716462
vt 0.421754 0.719131
vt 0.421970 0.722525
vt 0.417790 0.723051
vt 0.417614 0.719802
vt 0.420182 0.699569
vt 0.420910 0.706369
vt 0.416899 0.706555
vt 0.416525 0.699640
vt 0.611719 0.969634
vt 0.623833 0.931572
vt 0.639792 0.914499
vt 0.631359 0.967706
vt 0.462995 0.728397
vt 0.457828 0.734780
vt 0.452166 0.668309
vt 0.463954 0.687474
vt 0.453241 0.699635
vt 0.444746 0.687746
vt 0.431715 0.705246
vt 0.430187 0.698937
vt 0.430824 0.668551
vt 0.433204 0.669282
vt 0.432861 0.675065
vt 0.430605 0.674315
vt 0.618672 0.928826
vt 0.597396 0.906741
vt 0.602303 0.902865
vt 0.633269 0.913112
vt 0.672482 0.867242
vt 0.603501 0.899444
vt 0.604049 0.897403
vt 0.675990 0.855519
vt 0.628712 0.820978
vt 0.596824 0.891122
vt 0.592920 0.889912
vt 0.611698 0.817458
vt 0.652351 0.838248
vt 0.600436 0.894263
vt 0.582373 0.941907
vt 0.588796 0.912521
vt 0.592489 0.910616
vt 0.604075 0.944541
vt 0.414105 0.654836
vt 0.421613 0.655324
vt 0.421858 0.661297
vt 0.422168 0.668852
vt 0.422477 0.676407
vt 0.415248 0.675982
vt 0.440809 0.739238
vt 0.432569 0.746532
vt 0.427205 0.720981
vt 0.446283 0.745822
vt 0.434738 0.756865
vt 0.575465 0.975559
vt 0.581434 0.946402
vt 0.607874 0.948644
vt 0.592080 0.971563
vt 0.425184 0.699253
vt 0.426312 0.705808
vt 0.427323 0.717797
vt 0.419365 0.692870
vt 0.416166 0.692985
vt 0.463474 0.707935
vt 0.684919 0.862800
vt 0.661229 0.829346
vt 0.635822 0.811468
vt 0.614568 0.806848
vt 0.686636 0.847225
vt 0.571002 0.999709
vt 0.580121 0.998543
vt 0.575562 0.999126
vt 0.435609 0.659116
vt 0.592083 0.998582
vt 0.604046 0.998621
vt 0.419758 0.759485
vt 0.419167 0.748544
vt 0.439395 0.779049
vt 0.421026 0.782976
vt 0.438969 0.613282
vt 0.468099 0.626580
vt 0.457980 0.760044
vt 0.429363 0.611670
vt 0.432110 0.658168
vt 0.428611 0.657220
vt 0.486955 0.661365
vt 0.486362 0.732476
vt 0.476565 0.741038
vt 0.524150 0.739074
vt 0.507150 0.750720
vt 0.493862 0.559099
vt 0.524150 0.619144
vt 0.477038 0.782821
vt 0.446925 0.814923
vt 0.486658 0.696921
vt 0.444402 0.539164
vt 0.423078 0.820964
vt 0.411527 0.548562
vt 0.408457 0.548299
vt 0.407688 0.536026
vt 0.412223 0.536444
vt 0.421790 0.549480
vt 0.414598 0.548824
vt 0.416758 0.536861
vt 0.430580 0.538013
vt 0.431107 0.599597
vt 0.428983 0.550135
vt 0.425675 0.598716
vt 0.415609 0.597548
vt 0.420243 0.597835
vt 0.419758 0.610059
vt 0.415706 0.609749
vt 0.413531 0.644104
vt 0.417272 0.644311
vt 0.415062 0.620525
vt 0.416167 0.632418
vt 0.415615 0.626471
vt 0.411654 0.609439
vt 0.413049 0.620248
vt 0.412244 0.620176
vt 0.000000 0.000000
vt 0.412479 0.620197
vt 0.413741 0.620310
vt 0.413854 0.620320
vt 0.412244 0.620176
vt 0.415233 0.620444
vt 0.415230 0.620444
vt 0.415464 0.620464
vt 0.415464 0.620464
vt 0.415227 0.620443
vt 0.412484 0.620198
vt 0.412481 0.620197
vt 0.412244 0.620176
vt 0.416368 0.632388
vt 0.415916 0.626426
vt 0.417272 0.644311
vt 0.417272 0.644311
vt 0.428261 0.678436
vt 0.431152 0.679450
vt 0.423607 0.663509
vt 0.423530 0.660658
vt 0.424920 0.669582
vt 0.423762 0.669212
vt 0.433548 0.663498
vt 0.424782 0.661013
vt 0.425112 0.656272
vt 0.431044 0.662788
vt 0.428539 0.662078
vt 0.427222 0.673189
vt 0.428350 0.673565
vt 0.428350 0.673565
vt 0.426862 0.656746
vt 0.427238 0.670323
vt 0.428397 0.670693
vt 0.424172 0.677002
vt 0.425535 0.677480
vt 0.426898 0.677958
vt 0.486658 0.696921
vt 0.486955 0.661365
vt 0.466414 0.687643
vt 0.484286 0.668782
vt 0.483527 0.694339
vt 0.466563 0.703621
vt 0.463474 0.707936
vt 0.463954 0.687474
vt 0.426079 0.669953
vt 0.426094 0.672814
vt 0.424967 0.672439
vt 0.423839 0.672064
vt 0.430605 0.674315
vt 0.434044 0.680464
vt 0.426815 0.677929
vt 0.425369 0.677422
vt 0.214175 0.336782
vt 0.423839 0.672064
vt 0.422477 0.676408
vt 0.424967 0.672439
vt 0.423923 0.676915
vt 0.410974 0.597261
vt 0.410918 0.596157
vt 0.411129 0.596276
vt 0.412434 0.595638
vt 0.413438 0.594311
vt 0.415250 0.593238
vt 0.418287 0.580854
vt 0.418534 0.577727
vt 0.419202 0.568308
vt 0.418856 0.559977
vt 0.415802 0.556993
vt 0.415526 0.556880
vt 0.415982 0.592815
vt 0.417671 0.590154
vt 0.418265 0.584527
vt 0.426035 0.661368
vt 0.427287 0.661723
vt 0.429611 0.669622
vt 0.415210 0.592762
vt 0.413335 0.593871
vt 0.412180 0.595416
vt 0.415435 0.556091
vt 0.416859 0.556671
vt 0.419892 0.559655
vt 0.419957 0.567963
vt 0.419035 0.577357
vt 0.418434 0.582131
vt 0.418367 0.584084
vt 0.417578 0.589712
vt 0.415884 0.592375
vt 0.340791 0.502460
vt 0.408745 0.553900
vt 0.408871 0.553853
vt 0.411090 0.554137
vt 0.412037 0.554680
vt 0.218750 0.500000
vt 0.412849 0.555134
vt 0.218750 0.750000
vt 0.342448 0.747396
vt 0.250000 0.750000
vt 0.412115 0.555615
vt 0.373698 0.684896
vt 0.410601 0.554384
vt 0.201687 0.500000
vt 0.374393 0.652942
vt 0.165290 0.748069
vt 0.245772 0.750000
vt 0.281250 0.500000
vt 0.126302 0.684896
vt 0.166045 0.501866
vt 0.125933 0.667913
vt 0.334006 0.748130
vt 0.252038 0.500000
s 0
usemtl 
f 1260/1397/821 1267/1398/821 1192/1399/821 1152/1400/821
f 1267/1398/822 1261/1401/822 1153/1402/822 1192/1399/822
f 1186/1403/823 1268/1404/823 1199/1404/823 1146/1405/823
f 1268/1404/824 1260/1406/824 1152/1406/824 1199/1404/824
f 1185/1407/825 1269/1408/825 1195/1409/825 1155/1410/825
f 1269/1408/826 1259/1411/826 1148/1412/826 1195/1409/826
f 1259/1413/827 1270/1414/827 1198/1415/827 1148/1416/827
f 1270/1414/828 1186/1403/828 1146/1405/828 1198/1415/828
f 1177/1417/829 1243/1418/829 1271/1419/829 1258/1417/829
f 1258/1417/829 1271/1419/829 1245/1418/829 1179/1417/829
f 1271/1419/830 1217/1420/830 1165/1410/830 1245/1418/830
f 1243/1418/831 1155/1410/831 1217/1420/831 1271/1419/831
f 1150/1421/832 1189/1422/832 1272/1423/832 1216/1424/832
f 1216/1424/832 1272/1423/832 1204/1422/832 1160/1421/832
f 1272/1423/833 1215/1425/833 1157/1426/833 1204/1422/833
f 1189/1422/833 1147/1426/833 1215/1425/833 1272/1423/833
f 1146/1405/834 1199/1404/834 1273/1404/834 1187/1403/834
f 1187/1403/834 1273/1404/834 1214/1404/834 1156/1405/834
f 1273/1404/835 1188/1406/835 1162/1406/835 1214/1404/835
f 1199/1404/835 1152/1406/835 1188/1406/835 1273/1404/835
f 1152/1406/836 1192/1427/836 1274/1427/836 1188/1406/836
f 1188/1406/836 1274/1427/836 1207/1427/836 1162/1406/836
f 1274/1427/837 1191/1402/837 1163/1402/837 1207/1427/837
f 1192/1427/837 1153/1402/837 1191/1402/837 1274/1427/837
f 1266/1428/838 1275/1418/838 1243/1418/838 1177/1429/838
f 1275/1418/839 1185/1407/839 1155/1410/839 1243/1418/839
f 1263/1424/840 1276/1423/840 1189/1422/840 1150/1421/840
f 1276/1423/841 1200/1425/841 1147/1426/841 1189/1422/841
f 1265/1430/842 1277/1431/842 1242/1432/842 1176/1433/842
f 1277/1431/843 1264/1434/843 1154/1435/843 1242/1432/843
f 1200/1425/844 1278/1436/844 1197/1437/844 1147/1426/844
f 1278/1436/845 1201/1438/845 1149/1439/845 1197/1437/845
f 1264/1434/846 1279/1440/846 1194/1441/846 1154/1435/846
f 1279/1440/847 1263/1442/847 1150/1443/847 1194/1441/847
f 1201/1444/848 1280/1445/848 1190/1446/848 1149/1444/848
f 1280/1445/849 1262/1447/849 1151/1448/849 1190/1446/849
f 1159/1444/850 1205/1446/850 1281/1449/850 1238/1444/850
f 1238/1444/850 1281/1449/850 1225/1450/850 1169/1451/850
f 1281/1449/851 1235/1452/851 1171/1453/851 1225/1450/851
f 1205/1446/851 1161/1448/851 1235/1452/851 1281/1449/851
f 1178/1433/852 1244/1432/852 1282/1454/852 1257/1455/852
f 1257/1455/852 1282/1454/852 1249/1456/852 1183/1457/852
f 1282/1454/853 1236/1458/853 1174/1459/853 1249/1456/853
f 1244/1432/853 1164/1435/853 1236/1458/853 1282/1454/853
f 1179/1429/854 1245/1418/854 1283/1460/854 1256/1461/854
f 1256/1461/854 1283/1460/854 1250/1462/854 1184/1428/854
f 1283/1460/855 1202/1463/855 1175/1464/855 1250/1462/855
f 1245/1418/855 1165/1410/855 1202/1463/855 1283/1460/855
f 1160/1443/856 1204/1465/856 1284/1466/856 1203/1421/856
f 1203/1421/856 1284/1466/856 1224/1422/856 1170/1467/856
f 1284/1466/857 1206/1426/857 1167/1468/857 1224/1422/857
f 1204/1465/857 1157/1426/857 1206/1426/857 1284/1466/857
f 1176/1455/858 1242/1469/858 1285/1469/858 1255/1470/858
f 1255/1470/858 1285/1469/858 1244/1469/858 1178/1455/858
f 1285/1469/859 1219/1435/859 1164/1435/859 1244/1469/859
f 1242/1469/859 1154/1435/859 1219/1435/859 1285/1469/859
f 1149/1439/860 1190/1471/860 1286/1472/860 1220/1438/860
f 1220/1438/861 1286/1472/861 1205/1471/861 1159/1439/861
f 1286/1472/862 1218/1448/862 1161/1448/862 1205/1471/862
f 1190/1471/862 1151/1448/862 1218/1448/862 1286/1472/862
f 1147/1426/863 1197/1437/863 1287/1436/863 1215/1425/863
f 1215/1425/863 1287/1436/863 1212/1437/863 1157/1426/863
f 1287/1436/864 1220/1438/864 1159/1439/864 1212/1437/864
f 1197/1437/864 1149/1439/864 1220/1438/864 1287/1436/864
f 1154/1435/865 1194/1473/865 1288/1474/865 1219/1435/865
f 1219/1435/865 1288/1474/865 1209/1473/865 1164/1435/865
f 1288/1474/866 1216/1424/866 1160/1421/866 1209/1473/866
f 1194/1473/866 1150/1421/866 1216/1424/866 1288/1474/866
f 1148/1416/867 1198/1415/867 1289/1414/867 1221/1413/867
f 1221/1413/867 1289/1414/867 1213/1415/867 1158/1416/867
f 1289/1414/868 1187/1403/868 1156/1405/868 1213/1415/868
f 1198/1415/868 1146/1405/868 1187/1403/868 1289/1414/868
f 1155/1410/869 1195/1409/869 1290/1409/869 1217/1420/869
f 1217/1420/869 1290/1409/869 1210/1409/869 1165/1410/869
f 1290/1409/870 1221/1413/870 1158/1416/870 1210/1409/870
f 1195/1409/870 1148/1416/870 1221/1413/870 1290/1409/870
f 1184/1428/871 1254/1475/871 1291/1476/871 1231/1477/871
f 1231/1477/871 1291/1476/871 1225/1478/871 1171/1479/871
f 1291/1476/871 1223/1480/871 1169/1451/871 1225/1478/871
f 1254/1475/872 1181/1481/872 1223/1480/872 1291/1476/872
f 1182/1482/872 1253/1483/872 1292/1484/872 1226/1485/872
f 1226/1485/872 1292/1484/872 1229/1486/872 1170/1467/872
f 1292/1484/871 1249/1456/871 1174/1487/871 1229/1486/871
f 1253/1483/872 1183/1457/872 1249/1456/872 1292/1484/872
f 1180/1488/872 1252/1489/872 1293/1490/872 1222/1491/872
f 1222/1491/872 1293/1490/872 1224/1465/872 1167/1468/872
f 1293/1490/872 1226/1485/872 1170/1467/872 1224/1465/872
f 1252/1489/872 1182/1482/872 1226/1485/872 1293/1490/872
f 1181/1481/872 1251/1492/872 1294/1493/872 1223/1480/872
f 1223/1480/872 1294/1493/872 1232/1437/872 1169/1451/872
f 1294/1493/872 1222/1491/872 1167/1468/872 1232/1437/872
f 1251/1492/871 1180/1488/871 1222/1491/871 1294/1493/871
f 1157/1426/873 1212/1437/873 1295/1494/873 1206/1426/873
f 1206/1426/873 1295/1494/873 1232/1437/873 1167/1468/873
f 1295/1494/874 1238/1444/874 1169/1451/874 1232/1437/874
f 1212/1437/874 1159/1444/874 1238/1444/874 1295/1494/874
f 1164/1435/875 1209/1441/875 1296/1495/875 1236/1458/875
f 1236/1458/875 1296/1495/875 1229/1486/875 1174/1459/875
f 1296/1495/876 1203/1421/876 1170/1467/876 1229/1486/876
f 1209/1441/876 1160/1443/876 1203/1421/876 1296/1495/876
f 1158/1412/877 1213/1415/877 1297/1496/877 1240/1497/877
f 1240/1497/877 1297/1496/877 1233/1415/877 1168/1497/877
f 1297/1496/878 1239/1498/878 1166/1499/878 1233/1415/878
f 1213/1415/878 1156/1405/878 1239/1498/878 1297/1496/878
f 1165/1410/879 1210/1409/879 1298/1500/879 1202/1463/879
f 1202/1463/879 1298/1500/879 1230/1501/879 1175/1464/879
f 1298/1500/880 1240/1497/880 1168/1497/880 1230/1501/880
f 1210/1409/880 1158/1412/880 1240/1497/880 1298/1500/880
f 1162/1400/881 1207/1399/881 1299/1502/881 1241/1503/881
f 1241/1503/881 1299/1502/881 1227/1504/881 1172/1397/881
f 1299/1502/882 1237/1505/882 1173/1506/882 1227/1504/882
f 1207/1399/882 1163/1402/882 1237/1505/882 1299/1502/882
f 1156/1405/883 1214/1507/883 1300/1508/883 1239/1498/883
f 1239/1498/883 1300/1508/883 1234/1509/883 1166/1499/883
f 1300/1508/884 1241/1503/884 1172/1397/884 1234/1509/884
f 1214/1507/884 1162/1400/884 1241/1503/884 1300/1508/884
f 1168/1497/871 1233/1415/871 1301/1510/871 1247/1511/871
f 1247/1511/871 1301/1510/871 1251/1492/871 1181/1481/871
f 1301/1510/871 1246/1512/871 1180/1488/871 1251/1492/871
f 1233/1415/871 1166/1499/871 1246/1512/871 1301/1510/871
f 1166/1499/871 1234/1509/871 1302/1513/871 1246/1512/871
f 1246/1512/871 1302/1513/871 1252/1489/871 1180/1488/871
f 1302/1513/871 1248/1514/871 1182/1482/871 1252/1489/871
f 1234/1509/871 1172/1397/871 1248/1514/871 1302/1513/871
f 1172/1397/871 1227/1504/871 1303/1515/871 1248/1514/871
f 1248/1514/871 1303/1515/871 1253/1483/871 1182/1482/871
f 1303/1515/871 1228/1516/871 1183/1457/871 1253/1483/871
f 1227/1504/872 1173/1517/872 1228/1516/872 1303/1515/872
f 1175/1518/871 1230/1501/871 1304/1519/871 1250/1520/871
f 1250/1520/872 1304/1519/872 1254/1475/872 1184/1428/872
f 1304/1519/871 1247/1511/871 1181/1481/871 1254/1475/871
f 1230/1501/871 1168/1497/871 1247/1511/871 1304/1519/871
f 1153/1402/885 1193/1521/885 1305/1522/885 1191/1402/885
f 1191/1402/885 1305/1522/885 1208/1521/885 1163/1402/885
f 1305/1522/886 1255/1470/886 1178/1455/886 1208/1521/886
f 1193/1521/886 1176/1455/886 1255/1470/886 1305/1522/886
f 1161/1448/887 1211/1523/887 1306/1524/887 1235/1452/887
f 1235/1452/887 1306/1524/887 1231/1477/887 1171/1453/887
f 1306/1524/888 1256/1461/888 1184/1428/888 1231/1477/888
f 1211/1523/888 1179/1429/888 1256/1461/888 1306/1524/888
f 1163/1402/889 1208/1525/889 1307/1526/889 1237/1505/889
f 1237/1505/889 1307/1526/889 1228/1516/889 1173/1506/889
f 1307/1526/890 1257/1455/890 1183/1457/890 1228/1516/890
f 1208/1525/890 1178/1433/890 1257/1455/890 1307/1526/890
f 1261/1401/891 1308/1522/891 1193/1525/891 1153/1402/891
f 1308/1522/892 1265/1430/892 1176/1433/892 1193/1525/892
f 1262/1447/893 1309/1527/893 1196/1523/893 1151/1448/893
f 1309/1527/894 1266/1428/894 1177/1429/894 1196/1523/894
f 1151/1448/895 1196/1528/895 1310/1529/895 1218/1448/895
f 1218/1448/895 1310/1529/895 1211/1528/895 1161/1448/895
f 1310/1529/896 1258/1417/896 1179/1417/896 1211/1528/896
f 1196/1528/896 1177/1417/896 1258/1417/896 1310/1529/896
f 1513/1530/897 1314/1531/897 1448/1532/897 1512/1533/897
f 1328/1534/898 1495/1535/898 1447/1536/898 1459/1537/898
f 1327/1538/899 1455/1539/899 1312/1540/899 1326/1541/899
f 1536/1542/900 1336/1543/900 1489/1544/900 1491/1545/900 1337/1546/900
f 1344/1547/901 1509/1548/901 1325/1549/901 1487/1550/901 1335/1551/901
f 1343/1552/902 1507/1553/902 1482/1554/902 1484/1555/902 1508/1556/902
f 1535/1557/903 1506/1558/903 1479/1559/903 1480/1560/903 1334/1561/903
f 1455/1539/904 1327/1538/904 1541/1562/904 1538/1563/904
f 1510/1564/905 1499/1565/905 1346/1566/905 1542/1567/905
f 1459/1537/906 1447/1536/906 1313/1568/906 1464/1569/906
f 1464/1569/907 1313/1568/907 1454/1570/907 1465/1571/907
f 1465/1571/908 1454/1570/908 1314/1531/908 1513/1530/908
f 1453/1572/909 1319/1573/909 1466/1574/909 1452/1575/909
f 1319/1573/910 1464/1569/910 1465/1571/910 1466/1574/910
f 1446/1576/911 1458/1577/911 1319/1573/911 1453/1572/911
f 1458/1577/912 1459/1537/912 1464/1569/912 1319/1573/912
f 1315/1578/913 1462/1579/913 1463/1580/913 1455/1539/913
f 1456/1581/914 1318/1582/914 1462/1579/914 1315/1578/914
f 1450/1583/915 1460/1584/915 1318/1582/915 1456/1581/915
f 1326/1541/916 1500/1585/916 1458/1577/916 1446/1576/916
f 1500/1585/917 1328/1534/917 1459/1537/917 1458/1577/917
f 1455/1539/918 1463/1580/918 1461/1586/918 1312/1540/918
f 1447/1536/919 1469/1587/919 1468/1588/919 1313/1568/919
f 1495/1535/920 1329/1589/920 1469/1587/920 1447/1536/920
f 1494/1590/921 1330/1591/921 1471/1592/921 1451/1593/921
f 1314/1531/922 1321/1594/922 1320/1595/922 1448/1532/922
f 1496/1596/923 1331/1597/923 1321/1594/923 1314/1531/923
f 1451/1593/924 1471/1592/924 1472/1598/924 1316/1599/924
f 1496/1596/925 1504/1600/925 1473/1601/925 1316/1599/925
f 1454/1570/926 1475/1602/926 1474/1603/926 1314/1531/926
f 1316/1599/927 1473/1601/927 1322/1604/927 1317/1605/927
f 1497/1606/928 1332/1607/928 1323/1608/928 1317/1605/928
f 1313/1568/929 1477/1609/929 1476/1610/929 1454/1570/929
f 1498/1611/930 1333/1612/930 1477/1609/930 1313/1568/930
f 1317/1605/931 1323/1608/931 1478/1613/931 1457/1614/931
f 1457/1614/932 1478/1613/932 1333/1612/932 1498/1611/932
f 1454/1570/933 1476/1610/933 1332/1607/933 1497/1606/933
f 1317/1605/934 1322/1604/934 1505/1615/934 1497/1606/934
f 1314/1531/935 1474/1603/935 1504/1600/935 1496/1596/935
f 1316/1599/936 1472/1598/936 1331/1597/936 1496/1596/936
f 1448/1532/937 1320/1595/937 1330/1591/937 1494/1590/937
f 1449/1616/938 1470/1617/938 1329/1589/938 1495/1535/938
f 1313/1568/939 1468/1588/939 1503/1618/939 1498/1611/939
f 1312/1540/940 1461/1586/940 1500/1585/940 1326/1541/940
f 1327/1538/941 1453/1572/941 1345/1619/941 1541/1562/941
f 1315/1578/942 1455/1539/942 1538/1563/942 1539/1620/942
f 1338/1621/943 1493/1622/943 1499/1565/943 1510/1564/943
f 1506/1558/944 1535/1557/944 1334/1561/944 1481/1623/944 1324/1624/944
f 1507/1553/945 1343/1552/945 1508/1556/945 1485/1625/945 1483/1626/945
f 1509/1548/946 1344/1547/946 1335/1551/946 1488/1627/946 1486/1628/946
f 1336/1543/947 1536/1542/947 1337/1546/947 1492/1629/947 1490/1630/947
f 1453/1572/948 1327/1538/948 1326/1541/948 1446/1576/948
f 1338/1621/949 1510/1564/949 1514/1631/949 1517/1632/949
f 1511/1633/950 1513/1530/950 1340/1634/950 1339/1635/950
f 1510/1564/951 1511/1633/951 1339/1635/951 1514/1631/951
f 1493/1622/952 1338/1621/952 1517/1632/952 1518/1636/952
f 1339/1635/953 1340/1634/953 1522/1637/953 1520/1638/953
f 1522/1637/954 1523/1639/954 1529/1640/954 1342/1641/954
f 1523/1639/955 1341/1642/955 1533/1643/955 1529/1640/955
f 1515/1644/956 1519/1645/956 1341/1642/956 1523/1639/956
f 1519/1645/957 1516/1646/957 1526/1647/957 1341/1642/957
f 1514/1631/958 1339/1635/958 1520/1638/958 1521/1648/958
f 1527/1649/959 1342/1641/959 1529/1640/959 1530/1650/959
f 1341/1642/960 1526/1647/960 1534/1651/960 1533/1643/960
f 1520/1638/961 1522/1637/961 1342/1641/961 1527/1649/961
f 1456/1581/962 1315/1578/962 1539/1620/962 1540/1652/962
f 1499/1565/963 1456/1581/963 1540/1652/963 1346/1566/963
f 1453/1572/964 1452/1575/964 1537/1653/964 1345/1619/964
f 1775/1654/965 1546/1655/965 1354/1656/965 1562/1657/965
f 1347/1658/966 1777/1659/966 1546/1655/966 1775/1654/966
f 1778/1660/967 1349/1661/967 1547/1662/967 1348/1663/967
f 1348/1663/968 1547/1662/968 1565/1664/968 1566/1665/968
f 1350/1666/969 1351/1667/969 1551/1668/969 1780/1669/969
f 1780/1669/970 1551/1668/970 1569/1670/970 1570/1671/970
f 1782/1672/971 1353/1673/971 1571/1674/971 1572/1675/971
f 1352/1676/972 1783/1677/972 1353/1673/972 1782/1672/972
f 1355/1678/973 1356/1679/973 1777/1659/973 1347/1658/973
f 1563/1680/974 1564/1681/974 1349/1661/974 1778/1660/974
f 1568/1682/975 1567/1683/975 1351/1667/975 1350/1666/975
f 1574/1684/976 1573/1685/976 1783/1677/976 1352/1676/976
f 1579/1686/977 1580/1687/977 1357/1688/977 1581/1689/977
f 1576/1690/978 1575/1691/978 1356/1679/978 1355/1678/978
f 1581/1689/979 1357/1688/979 1564/1681/979 1563/1680/979
f 1358/1692/980 1584/1693/980 1558/1694/980 1557/1695/980
f 1562/1657/981 1354/1656/981 1578/1696/981 1577/1697/981
f 1572/1675/982 1571/1674/982 1584/1693/982 1358/1692/982
f 1331/1698/983 1472/1699/983 1777/1659/983 1356/1679/983
f 1472/1699/984 1471/1700/984 1546/1655/984 1777/1659/984
f 1471/1700/985 1330/1701/985 1354/1656/985 1546/1655/985
f 1473/1702/986 1504/1703/986 1565/1664/986 1547/1662/986
f 1322/1704/987 1473/1702/987 1547/1662/987 1349/1661/987
f 1505/1705/988 1322/1704/988 1349/1661/988 1564/1681/988
f 1323/1706/989 1332/1707/989 1569/1670/989 1551/1668/989
f 1478/1708/990 1323/1706/990 1551/1668/990 1351/1667/990
f 1477/1709/991 1333/1710/991 1567/1683/991 1554/1711/991
f 1333/1710/992 1478/1708/992 1351/1667/992 1567/1683/992
f 1469/1712/993 1329/1713/993 1573/1685/993 1558/1694/993
f 1329/1713/994 1470/1714/994 1783/1677/994 1573/1685/994
f 1470/1714/995 1467/1715/995 1353/1673/995 1783/1677/995
f 1467/1715/996 1503/1716/996 1571/1674/996 1353/1673/996
f 1330/1701/997 1320/1717/997 1578/1696/997 1354/1656/997
f 1321/1718/998 1331/1698/998 1356/1679/998 1575/1691/998
f 1475/1719/999 1505/1705/999 1564/1681/999 1357/1688/999
f 1332/1707/1000 1476/1720/1000 1583/1721/1000 1569/1670/1000
f 1320/1717/1001 1321/1718/1001 1575/1691/1001 1578/1696/1001
f 1474/1722/1002 1475/1719/1002 1357/1688/1002 1580/1687/1002
f 1784/1723/1003 1785/1724/1003 1614/1725/1003 1366/1726/1003
f 1786/1727/1004 1787/1728/1004 1785/1724/1004 1784/1723/1004
f 1789/1729/1005 1360/1730/1005 1594/1731/1005 1788/1732/1005
f 1596/1733/1006 1597/1734/1006 1617/1735/1006 1367/1736/1006
f 1359/1737/1007 1593/1738/1007 1597/1734/1007 1596/1733/1007
f 1788/1732/1008 1594/1731/1008 1368/1739/1008 1618/1740/1008
f 1362/1741/1009 1363/1742/1009 1601/1743/1009 1791/1744/1009
f 1361/1745/1010 1600/1746/1010 1604/1747/1010 1603/1748/1010
f 1791/1744/1011 1601/1743/1011 1369/1749/1011 1370/1750/1011
f 1365/1751/1012 1613/1752/1012 1371/1753/1012 1621/1754/1012
f 1794/1755/1013 1795/1756/1013 1613/1752/1013 1365/1751/1013
f 1364/1757/1014 1607/1758/1014 1622/1759/1014 1623/1760/1014
f 1608/1761/1015 1609/1762/1015 1607/1758/1015 1364/1757/1015
f 1366/1726/1016 1614/1725/1016 1588/1763/1016 1587/1764/1016
f 1367/1736/1017 1617/1735/1017 1360/1730/1017 1789/1729/1017
f 1618/1740/1018 1368/1739/1018 1593/1738/1018 1359/1737/1018
f 1620/1765/1019 1619/1766/1019 1363/1742/1019 1362/1741/1019
f 1370/1750/1020 1369/1749/1020 1600/1746/1020 1361/1745/1020
f 1621/1754/1021 1371/1753/1021 1609/1762/1021 1608/1761/1021
f 1576/1690/1022 1355/1678/1022 1615/1767/1022 1586/1768/1022
f 1366/1726/1023 1587/1764/1023 1482/1554/1023 1507/1553/1023
f 1355/1678/1024 1347/1658/1024 1787/1728/1024 1615/1767/1024
f 1347/1658/1025 1775/1654/1025 1785/1724/1025 1787/1728/1025
f 1784/1723/1026 1366/1726/1026 1507/1553/1026 1483/1626/1026
f 1359/1737/1027 1596/1733/1027 1487/1550/1027 1325/1549/1027
f 1566/1665/1028 1579/1686/1028 1593/1738/1028 1368/1739/1028
f 1618/1740/1029 1359/1737/1029 1325/1549/1029 1509/1548/1029
f 1348/1663/1030 1566/1665/1030 1368/1739/1030 1594/1731/1030
f 1778/1660/1031 1348/1663/1031 1594/1731/1031 1360/1730/1031
f 1596/1733/1032 1367/1736/1032 1335/1551/1032 1487/1550/1032
f 1563/1680/1033 1778/1660/1033 1360/1730/1033 1617/1735/1033
f 1367/1736/1034 1789/1729/1034 1488/1627/1034 1335/1551/1034
f 1361/1745/1035 1603/1748/1035 1491/1545/1035 1489/1544/1035
f 1570/1671/1036 1582/1769/1036 1600/1746/1036 1369/1749/1036
f 1370/1750/1037 1361/1745/1037 1489/1544/1037 1336/1543/1037
f 1791/1744/1038 1370/1750/1038 1336/1543/1038 1490/1630/1038
f 1780/1669/1039 1570/1671/1039 1369/1749/1039 1601/1743/1039
f 1362/1741/1040 1791/1744/1040 1490/1630/1040 1492/1629/1040
f 1350/1666/1041 1780/1669/1041 1601/1743/1041 1363/1742/1041
f 1603/1748/1042 1620/1765/1042 1337/1546/1042 1491/1545/1042
f 1568/1682/1043 1350/1666/1043 1363/1742/1043 1619/1766/1043
f 1620/1765/1044 1362/1741/1044 1492/1629/1044 1337/1546/1044
f 1364/1757/1045 1623/1760/1045 1334/1561/1045 1480/1560/1045
f 1358/1692/1046 1557/1695/1046 1607/1758/1046 1609/1762/1046
f 1608/1761/1047 1364/1757/1047 1480/1560/1047 1479/1559/1047
f 1572/1675/1048 1358/1692/1048 1609/1762/1048 1371/1753/1048
f 1794/1755/1049 1365/1751/1049 1324/1624/1049 1481/1623/1049
f 1574/1684/1050 1352/1676/1050 1795/1756/1050 1622/1759/1050
f 1352/1676/1051 1782/1672/1051 1613/1752/1051 1795/1756/1051
f 1623/1760/1052 1794/1755/1052 1481/1623/1052 1334/1561/1052
f 1365/1751/1053 1621/1754/1053 1506/1558/1053 1324/1624/1053
f 1782/1672/1054 1572/1675/1054 1371/1753/1054 1613/1752/1054
f 1627/1770/1055 1372/1771/1055 1626/1772/1055
f 1372/1771/1056 1625/1773/1056 1626/1772/1056
f 1628/1774/1057 1630/1775/1057 1373/1776/1057
f 1630/1775/1058 1374/1777/1058 1373/1776/1058
f 1374/1777/1059 1629/1778/1059 1373/1776/1059
f 1633/1779/1060 1378/1780/1060 1637/1781/1060 1635/1782/1060
f 1634/1783/1061 1638/1784/1061 1636/1785/1061 1377/1786/1061
f 1376/1787/1062 1633/1779/1062 1635/1782/1062 1632/1788/1062
f 1631/1789/1063 1634/1783/1063 1377/1786/1063 1375/1790/1063
f 1624/1791/1064 1376/1787/1064 1632/1788/1064 1627/1770/1064
f 1627/1770/1065 1632/1788/1065 1631/1789/1065 1372/1771/1065
f 1372/1771/1066 1631/1789/1066 1375/1790/1066 1625/1773/1066
f 1378/1780/1067 1629/1778/1067 1374/1777/1067 1637/1781/1067
f 1637/1781/1068 1374/1777/1068 1630/1775/1068 1638/1784/1068
f 1624/1791/1069 1451/1593/1069 1316/1599/1069 1376/1787/1069
f 1460/1584/1070 1625/1773/1070 1375/1790/1070 1318/1582/1070
f 1629/1778/1071 1449/1616/1071 1495/1535/1071 1328/1534/1071 1373/1776/1071
f 1378/1780/1072 1457/1614/1072 1449/1616/1072 1629/1778/1072
f 1628/1774/1073 1373/1776/1073 1328/1534/1073 1500/1585/1073 1461/1586/1073
f 1376/1787/1074 1316/1599/1074 1317/1605/1074 1633/1779/1074
f 1318/1582/1075 1375/1790/1075 1377/1786/1075 1462/1579/1075
f 1633/1779/1076 1317/1605/1076 1457/1614/1076 1378/1780/1076
f 1462/1579/1077 1377/1786/1077 1636/1785/1077 1463/1580/1077
f 1403/1792/1078 1672/1793/1078 1751/1794/1078 1640/1795/1078
f 1444/1796/1079 1667/1797/1079 1681/1798/1079 1774/1799/1079
f 1443/1800/1080 1666/1801/1080 1388/1802/1080 1440/1803/1080
f 1663/1804/1081 1665/1805/1081 1386/1806/1081 1646/1807/1081
f 1445/1808/1082 1670/1809/1082 1643/1810/1082 1441/1811/1082
f 1666/1801/1083 1402/1812/1083 1400/1813/1083 1388/1802/1083
f 1664/1814/1084 1401/1815/1084 1390/1816/1084 1385/1817/1084
f 1665/1805/1085 1668/1818/1085 1645/1819/1085 1386/1806/1085
f 1386/1806/1086 1395/1820/1086 1648/1821/1086 1646/1807/1086
f 1743/1822/1087 1396/1823/1087 1651/1824/1087 1742/1825/1087
f 1642/1826/1088 1394/1827/1088 1649/1828/1088 1392/1829/1088
f 1669/1830/1089 1674/1831/1089 1395/1820/1089 1386/1806/1089
f 1380/1832/1090 1393/1833/1090 1394/1827/1090 1642/1826/1090
f 1747/1834/1091 1397/1835/1091 1657/1836/1091 1432/1837/1091
f 1404/1838/1092 1739/1839/1092 1654/1840/1092 1431/1841/1092
f 1675/1842/1093 1405/1843/1093 1398/1844/1093 1653/1845/1093
f 1431/1841/1094 1654/1840/1094 1397/1835/1094 1747/1834/1094
f 1653/1845/1095 1398/1844/1095 1656/1846/1095 1652/1847/1095
f 1402/1812/1096 1678/1848/1096 1407/1849/1096 1400/1813/1096
f 1422/1850/1097 1685/1851/1097 1409/1852/1097 1731/1853/1097
f 1755/1854/1098 1644/1855/1098 1401/1815/1098 1664/1814/1098
f 1643/1810/1099 1406/1856/1099 1402/1812/1099 1666/1801/1099
f 1441/1811/1100 1643/1810/1100 1666/1801/1100 1443/1800/1100
f 1442/1857/1101 1389/1858/1101 1667/1797/1101 1444/1796/1101
f 1432/1837/1102 1657/1836/1102 1405/1843/1102 1675/1842/1102
f 1650/1859/1103 1655/1860/1103 1739/1839/1103 1404/1838/1103
f 1430/1861/1104 1404/1838/1104 1431/1841/1104 1749/1862/1104
f 1745/1863/1105 1650/1859/1105 1404/1838/1105 1430/1861/1105
f 1386/1806/1106 1645/1819/1106 1671/1864/1106 1669/1830/1106
f 1774/1799/1107 1681/1798/1107 1670/1809/1107 1445/1808/1107
f 1641/1865/1108 1639/1866/1108 1672/1793/1108 1403/1792/1108
f 1643/1810/1109 1670/1809/1109 1680/1867/1109 1406/1856/1109
f 1406/1856/1110 1677/1868/1110 1678/1848/1110 1402/1812/1110
f 1423/1869/1111 1410/1870/1111 1687/1871/1111 1729/1872/1111
f 1729/1872/1112 1687/1871/1112 1688/1873/1112 1421/1874/1112
f 1409/1852/1113 1702/1875/1113 1704/1876/1113 1689/1877/1113
f 1689/1877/1114 1704/1876/1114 1703/1878/1114 1410/1870/1114
f 1732/1879/1115 1689/1877/1115 1410/1870/1115 1423/1869/1115
f 1730/1880/1116 1686/1881/1116 1685/1851/1116 1422/1850/1116
f 1731/1853/1117 1409/1852/1117 1689/1877/1117 1732/1879/1117
f 1406/1856/1118 1680/1867/1118 1676/1882/1118 1677/1868/1118
f 1421/1874/1119 1688/1873/1119 1686/1881/1119 1730/1880/1119
f 1682/1883/1120 1411/1884/1120 1690/1885/1120 1684/1886/1120
f 1683/1887/1121 1692/1888/1121 1411/1889/1121 1682/1890/1121
f 1439/1891/1122 1767/1892/1122 1414/1893/1122 1758/1894/1122
f 1759/1895/1123 1698/1896/1123 1438/1897/1123 1769/1898/1123
f 1756/1899/1124 1696/1900/1124 1412/1901/1124 1770/1902/1124
f 1434/1903/1125 1413/1904/1125 1696/1905/1125 1756/1906/1125
f 1758/1894/1126 1414/1893/1126 1699/1907/1126 1760/1908/1126
f 1770/1902/1127 1412/1901/1127 1697/1909/1127 1757/1910/1127
f 1685/1851/1128 1700/1911/1128 1702/1875/1128 1409/1852/1128
f 1721/1912/1129 1415/1913/1129 1708/1914/1129 1719/1915/1129
f 1711/1916/1130 1710/1917/1130 1713/1918/1130 1416/1919/1130
f 1416/1919/1131 1713/1918/1131 1716/1920/1131 1712/1921/1131
f 1415/1913/1132 1715/1922/1132 1714/1923/1132 1708/1914/1132
f 1705/1924/1133 1711/1916/1133 1416/1919/1133 1707/1925/1133
f 1726/1926/1134 1718/1927/1134 1722/1928/1134 1420/1929/1134
f 1707/1925/1135 1416/1919/1135 1712/1921/1135 1706/1930/1135
f 1428/1931/1136 1429/1932/1136 1737/1933/1136 1736/1934/1136
f 1727/1935/1137 1720/1936/1137 1717/1937/1137 1419/1938/1137
f 1723/1939/1138 1724/1940/1138 1428/1931/1138 1736/1934/1138
f 1415/1941/1139 1721/1942/1139 1724/1940/1139 1417/1943/1139
f 1419/1938/1140 1717/1937/1140 1718/1927/1140 1726/1926/1140
f 1710/1944/1141 1715/1945/1141 1415/1941/1141 1417/1943/1141
f 1688/1873/1142 1419/1938/1142 1726/1926/1142 1686/1881/1142
f 1687/1871/1143 1727/1935/1143 1419/1938/1143 1688/1873/1143
f 1410/1870/1144 1725/1946/1144 1727/1935/1144 1687/1871/1144
f 1686/1881/1145 1726/1926/1145 1420/1929/1145 1701/1947/1145
f 1703/1878/1146 1728/1948/1146 1725/1946/1146 1410/1870/1146
f 1427/1949/1147 1421/1950/1147 1730/1951/1147 1424/1952/1147
f 1735/1953/1148 1731/1954/1148 1732/1955/1148 1426/1956/1148
f 1424/1952/1149 1730/1951/1149 1422/1957/1149 1734/1958/1149
f 1426/1956/1150 1732/1955/1150 1423/1959/1150 1425/1960/1150
f 1733/1961/1151 1729/1962/1151 1421/1950/1151 1427/1949/1151
f 1425/1960/1152 1423/1959/1152 1729/1963/1152 1733/1964/1152
f 1734/1958/1153 1422/1957/1153 1731/1954/1153 1735/1953/1153
f 1768/1965/1154 1425/1960/1154 1733/1964/1154 1761/1966/1154
f 1761/1967/1155 1733/1961/1155 1427/1949/1155 1772/1968/1155
f 1437/1969/1156 1426/1956/1156 1425/1960/1156 1768/1965/1156
f 1766/1970/1157 1424/1952/1157 1734/1958/1157 1762/1971/1157
f 1763/1972/1158 1735/1953/1158 1426/1956/1158 1437/1969/1158
f 1772/1968/1159 1427/1949/1159 1424/1952/1159 1766/1970/1159
f 1702/1973/1160 1700/1974/1160 1737/1933/1160 1429/1932/1160
f 1703/1975/1161 1704/1976/1161 1702/1973/1161 1429/1932/1161
f 1428/1931/1162 1728/1977/1162 1703/1975/1162 1429/1932/1162
f 1701/1978/1163 1420/1979/1163 1736/1934/1163 1737/1933/1163
f 1428/1931/1164 1724/1940/1164 1721/1942/1164 1728/1977/1164
f 1722/1980/1165 1723/1939/1165 1736/1934/1165 1420/1979/1165
f 1417/1943/1166 1724/1940/1166 1723/1939/1166 1418/1981/1166
f 1722/1980/1167 1709/1982/1167 1418/1981/1167 1723/1939/1167
f 1713/1983/1141 1710/1944/1141 1417/1943/1141 1418/1981/1141
f 1709/1982/1141 1716/1984/1141 1713/1983/1141 1418/1981/1141
f 1398/1844/1168 1405/1843/1168 1541/1985/1168 1345/1986/1168
f 1405/1843/1169 1657/1836/1169 1538/1987/1169 1541/1985/1169
f 1657/1836/1170 1397/1835/1170 1539/1988/1170 1538/1987/1170
f 1397/1835/1171 1654/1840/1171 1540/1989/1171 1539/1988/1171
f 1654/1840/1172 1739/1839/1172 1346/1990/1172 1540/1989/1172
f 1739/1839/1173 1655/1860/1173 1542/1991/1173 1346/1990/1173
f 1656/1846/1174 1398/1844/1174 1345/1986/1174 1537/1992/1174
f 1748/1993/1175 1432/1837/1175 1675/1842/1175 1746/1994/1175
f 1647/1995/1176 1745/1863/1176 1430/1861/1176 1673/1996/1176
f 1673/1996/1177 1430/1861/1177 1749/1862/1177 1754/1997/1177
f 1752/1998/1178 1433/1999/1178 1748/1993/1178 1753/2000/1178
f 1395/1820/1179 1740/2001/1179 1744/2002/1179 1648/1821/1179
f 1674/1831/1180 1746/1994/1180 1740/2001/1180 1395/1820/1180
f 1754/1997/1181 1749/1862/1181 1433/1999/1181 1752/1998/1181
f 1651/1824/1182 1396/1823/1182 1431/1841/1182 1747/1834/1182
f 1741/2003/1183 1738/2004/1183 1432/1837/1183 1748/1993/1183
f 1742/1825/1184 1741/2003/1184 1748/1993/1184 1433/1999/1184
f 1743/1822/1185 1742/1825/1185 1433/1999/1185 1749/1862/1185
f 1738/2004/1186 1651/1824/1186 1747/1834/1186 1432/1837/1186
f 1396/1823/1187 1743/1822/1187 1749/1862/1187 1431/1841/1187
f 1380/1832/1188 1642/1826/1188 1750/2005/1188 1751/1794/1188
f 1649/1828/1189 1394/1827/1189 1752/1998/1189 1753/2000/1189
f 1394/1827/1190 1393/1833/1190 1754/1997/1190 1752/1998/1190
f 1392/1829/1191 1649/1828/1191 1753/2000/1191 1755/1854/1191
f 1642/1826/1192 1392/1829/1192 1755/1854/1192 1750/2005/1192
f 1393/1833/1193 1380/1832/1193 1751/1794/1193 1754/1997/1193
f 1690/1885/1194 1435/2006/1194 1439/1891/1194 1691/2007/1194
f 1692/1888/1195 1769/1898/1195 1771/2008/1195 1411/1889/1195
f 1411/1884/1196 1771/2009/1196 1435/2006/1196 1690/1885/1196
f 1691/2007/1197 1439/1891/1197 1758/1894/1197 1693/2010/1197
f 1412/1901/1198 1765/2011/1198 1436/2012/1198 1697/1909/1198
f 1699/1907/1199 1763/1972/1199 1437/1969/1199 1698/1896/1199
f 1767/1892/1200 1766/1970/1200 1762/1971/1200 1414/1893/1200
f 1698/1896/1201 1437/1969/1201 1768/1965/1201 1438/1897/1201
f 1696/1900/1202 1773/2013/1202 1765/2011/1202 1412/1901/1202
f 1413/1904/1203 1764/2014/1203 1773/2015/1203 1696/1905/1203
f 1414/1893/1204 1762/1971/1204 1763/1972/1204 1699/1907/1204
f 1697/1909/1205 1436/2012/1205 1766/1970/1205 1767/1892/1205
f 1764/2014/1206 1413/1904/1206 1438/1897/1206 1768/1965/1206
f 1757/1910/1207 1697/1909/1207 1767/1892/1207 1439/1891/1207
f 1413/1904/1208 1434/1903/1208 1769/1898/1208 1438/1897/1208
f 1770/1902/1209 1757/1910/1209 1439/1891/1209 1435/2006/1209
f 1434/1903/1210 1756/1906/1210 1771/2008/1210 1769/1898/1210
f 1756/1899/1211 1770/1902/1211 1435/2006/1211 1771/2009/1211
f 1436/2012/1212 1765/2011/1212 1772/1968/1212 1766/1970/1212
f 1645/1819/1213 1774/2016/1213 1445/2017/1213 1671/1864/1213
f 1391/2018/1214 1442/2019/1214 1444/2020/1214 1668/1818/1214
f 1644/1855/1215 1441/2021/1215 1443/2022/1215 1401/1815/1215
f 1671/1864/1216 1445/2017/1216 1441/2021/1216 1644/1855/1216
f 1401/1815/1217 1443/2022/1217 1440/2023/1217 1390/1816/1217
f 1668/1818/1218 1444/2020/1218 1774/2016/1218 1645/1819/1218
f 1493/2024/1219 1450/2025/1219 1456/2026/1219 1499/2027/1219
f 1452/2028/1220 1466/2029/1220 1511/2030/1220 1510/2031/1220
f 1466/2029/1221 1465/2032/1221 1513/2033/1221 1511/2030/1221
f 1493/2024/1222 1501/2034/1222 1460/2035/1222 1450/2025/1222
f 1498/2036/1223 1503/2037/1223 1467/2038/1223 1457/2039/1223
f 1457/2039/1224 1467/2038/1224 1470/2040/1224 1449/2041/1224
f 1497/2042/1225 1505/2043/1225 1475/2044/1225 1454/2045/1225
f 1512/2046/1226 1448/2047/1226 1494/2048/1226 1502/2049/1226
f 1513/2033/1227 1512/2046/1227 1515/2050/1227 1340/2051/1227
f 1512/2046/1228 1502/2049/1228 1519/2052/1228 1515/2050/1228
f 1501/2034/1229 1493/2024/1229 1518/2053/1229 1516/2054/1229
f 1502/2049/1230 1501/2034/1230 1516/2054/1230 1519/2052/1230
f 1516/2054/1231 1518/2053/1231 1525/2055/1231 1526/2056/1231
f 1518/2053/1232 1517/2057/1232 1524/2058/1232 1525/2055/1232
f 1517/2057/1233 1514/2059/1233 1521/2060/1233 1524/2058/1233
f 1525/2055/1234 1524/2058/1234 1531/2061/1234 1532/2062/1234
f 1526/2056/1235 1525/2055/1235 1532/2062/1235 1534/2063/1235
f 1340/2051/1236 1515/2050/1236 1523/2064/1236 1522/2065/1236
f 1528/2066/1237 1527/2067/1237 1530/2068/1237 1531/2061/1237
f 1530/2068/1238 1529/2069/1238 1533/2070/1238 1534/2063/1238
f 1531/2061/1239 1530/2068/1239 1534/2063/1239 1532/2062/1239
f 1521/2060/1240 1520/2071/1240 1527/2067/1240 1528/2066/1240
f 1524/2058/1241 1521/2060/1241 1528/2066/1241 1531/2061/1241
f 1452/2028/1242 1510/2031/1242 1542/2072/1242 1537/2073/1242
f 1775/2074/1243 1776/2075/1243 1354/2076/1243 1562/2077/1243
f 1543/2078/1244 1544/2079/1244 1546/2080/1244 1545/2081/1244
f 1549/2082/1245 1550/2083/1245 1547/2084/1245 1548/2085/1245
f 1348/2086/1246 1779/2087/1246 1565/2088/1246 1566/2089/1246
f 1555/2090/1247 1556/2091/1247 1551/2092/1247 1552/2093/1247
f 1553/2094/1248 1554/2095/1248 1567/2096/1248 1568/2097/1248
f 1780/2098/1249 1781/2099/1249 1569/2100/1249 1570/2101/1249
f 1559/2102/1250 1560/2103/1250 1353/2104/1250 1561/2105/1250
f 1557/2106/1251 1558/2107/1251 1573/2108/1251 1574/2109/1251
f 1577/2110/1252 1578/2111/1252 1575/2112/1252 1576/2113/1252
f 1582/2114/1253 1583/2115/1253 1554/2095/1253 1553/2094/1253
f 1566/2089/1254 1565/2088/1254 1580/2116/1254 1579/2117/1254
f 1570/2101/1255 1569/2100/1255 1583/2115/1255 1582/2114/1255
f 1472/2118/984 1471/2119/984 1776/2075/984 1777/2120/984
f 1471/2119/1256 1330/2121/1256 1354/2076/1256 1776/2075/1256
f 1473/2122/1257 1504/2123/1257 1565/2088/1257 1779/2087/1257
f 1322/2124/1258 1473/2122/1258 1779/2087/1258 1349/2125/1258
f 1323/2126/1259 1332/2127/1259 1569/2100/1259 1781/2099/1259
f 1478/2128/1260 1323/2126/1260 1781/2099/1260 1351/2129/1260
f 1476/2130/1261 1477/2131/1261 1554/2095/1261 1583/2115/1261
f 1468/2132/1262 1469/2133/1262 1558/2107/1262 1584/2134/1262
f 1504/2123/1263 1474/2135/1263 1580/2116/1263 1565/2088/1263
f 1503/2136/1264 1468/2132/1264 1584/2134/1264 1571/2137/1264
f 1589/2138/1265 1590/2139/1265 1592/2140/1265 1591/2141/1265
f 1585/2142/1266 1586/2143/1266 1615/2144/1266 1616/2145/1266
f 1587/2146/1267 1588/2147/1267 1586/2143/1267 1585/2142/1267
f 1598/2148/1268 1599/2149/1268 1594/2150/1268 1595/2151/1268
f 1788/2152/1269 1790/2153/1269 1368/2154/1269 1618/2155/1269
f 1605/2156/1270 1606/2157/1270 1601/2158/1270 1602/2159/1270
f 1603/2160/1271 1604/2161/1271 1619/2162/1271 1620/2163/1271
f 1791/2164/1272 1792/2165/1272 1369/2166/1272 1370/2167/1272
f 1365/2168/1273 1793/2169/1273 1371/2170/1273 1621/2171/1273
f 1610/2172/1274 1611/2173/1274 1613/2174/1274 1612/2175/1274
f 1616/2145/1275 1615/2144/1275 1787/2176/1275 1786/2177/1275
f 1623/2178/1276 1622/2179/1276 1795/2180/1276 1794/2181/1276
f 1585/2142/1277 1616/2145/1277 1508/2182/1277 1484/2183/1277
f 1577/2110/1278 1576/2113/1278 1586/2143/1278 1588/2147/1278
f 1587/2146/1279 1585/2142/1279 1484/2183/1279 1482/2184/1279
f 1562/2077/1280 1577/2110/1280 1588/2147/1280 1614/2185/1280
f 1786/2177/1281 1784/2186/1281 1483/2187/1281 1485/2188/1281
f 1616/2145/1282 1786/2177/1282 1485/2188/1282 1508/2182/1282
f 1775/2074/1283 1562/2077/1283 1614/2185/1283 1785/2189/1283
f 1579/2117/1284 1581/2190/1284 1597/2191/1284 1593/2192/1284
f 1788/2152/1285 1618/2155/1285 1509/2193/1285 1486/2194/1285
f 1348/2086/1286 1566/2089/1286 1368/2154/1286 1790/2153/1286
f 1789/2195/1287 1788/2152/1287 1486/2194/1287 1488/2196/1287
f 1778/2197/1288 1348/2086/1288 1790/2153/1288 1360/2198/1288
f 1581/2190/1289 1563/2199/1289 1617/2200/1289 1597/2191/1289
f 1582/2114/1290 1553/2094/1290 1604/2161/1290 1600/2201/1290
f 1780/2098/1291 1570/2101/1291 1369/2166/1291 1792/2165/1291
f 1350/2202/1292 1780/2098/1292 1792/2165/1292 1363/2203/1292
f 1553/2094/1293 1568/2097/1293 1619/2162/1293 1604/2161/1293
f 1557/2106/1294 1574/2109/1294 1622/2179/1294 1607/2204/1294
f 1621/2171/1295 1608/2205/1295 1479/2206/1295 1506/2207/1295
f 1352/2208/1296 1782/2209/1296 1793/2169/1296 1795/2180/1296
f 1782/2209/1297 1572/2210/1297 1371/2170/1297 1793/2169/1297
f 1624/2211/1298 1627/2212/1298 1626/2213/1298
f 1635/2214/1299 1637/2215/1299 1638/2216/1299 1634/2217/1299
f 1632/2218/1300 1635/2214/1300 1634/2217/1300 1631/2219/1300
f 1638/2216/1301 1630/2220/1301 1628/2221/1301 1636/2222/1301
f 1502/2049/1302 1626/2213/1302 1625/2223/1302 1460/2035/1302 1501/2034/1302
f 1626/2213/1303 1502/2049/1303 1494/2048/1303 1451/2224/1303 1624/2211/1303
f 1463/2225/1304 1636/2222/1304 1628/2221/1304 1461/2226/1304
f 1661/2227/1305 1658/2228/1305 1379/2229/1305 1311/2230/1305
f 1660/2231/1306 1659/2232/1306 1639/2233/1306 1641/1865/1306
f 1658/2228/1307 1662/2234/1307 1383/2235/1307 1379/2229/1307
f 1659/2232/1308 1663/1804/1308 1646/2236/1308 1639/2233/1308
f 1662/2234/1309 1664/2237/1309 1385/1817/1309 1383/2235/1309
f 1682/2238/1310 1679/2239/1310 1678/2240/1310 1683/2241/1310
f 1669/2242/1311 1671/2243/1311 1644/2244/1311 1755/2245/1311
f 1646/2236/1312 1648/2246/1312 1647/2247/1312 1639/2233/1312
f 1672/2248/1313 1673/2249/1313 1754/2250/1313 1751/2251/1313
f 1652/2252/1314 1656/2253/1314 1655/2254/1314 1650/2255/1314
f 1746/2256/1315 1675/2257/1315 1653/2258/1315 1740/2259/1315
f 1740/2259/1316 1653/2258/1316 1652/2252/1316 1744/2260/1316
f 1744/2260/1317 1652/2252/1317 1650/2255/1317 1745/2261/1317
f 1742/2262/1318 1651/2263/1318 1738/2264/1318 1741/2265/1318
f 1387/2266/1319 1391/2018/1319 1668/2267/1319 1665/2268/1319
f 1384/2269/1320 1387/2266/1320 1665/2268/1320 1663/1804/1320
f 1750/2270/1321 1755/2245/1321 1664/2237/1321 1662/2234/1321
f 1381/2271/1322 1384/2269/1322 1663/1804/1322 1659/2232/1322
f 1751/2251/1323 1750/2270/1323 1662/2234/1323 1658/2228/1323
f 1382/2272/1324 1381/2271/1324 1659/2232/1324 1660/2231/1324
f 1640/1795/1325 1751/2251/1325 1658/2228/1325 1661/2227/1325
f 1755/2245/1326 1753/2273/1326 1674/2274/1326 1669/2242/1326
f 1639/2233/1327 1647/2247/1327 1673/2249/1327 1672/2248/1327
f 1408/2275/1328 1407/2276/1328 1678/2240/1328 1679/2239/1328
f 1399/2277/1329 1408/2278/1329 1679/2279/1329 1682/2280/1329
f 1389/1858/1330 1399/2277/1330 1682/2280/1330 1667/2281/1330
f 1720/2282/1331 1705/2283/1331 1707/2284/1331 1717/2285/1331
f 1667/2281/1332 1682/2280/1332 1684/2286/1332 1681/2287/1332
f 1677/2288/1333 1695/2289/1333 1694/2290/1333 1678/2291/1333
f 1691/2292/1334 1693/2293/1334 1676/2294/1334 1680/2295/1334 1670/2296/1334 1681/2287/1334
f 1678/2291/1335 1694/2290/1335 1692/2297/1335 1683/2298/1335
f 1676/2294/1336 1693/2293/1336 1695/2289/1336 1677/2288/1336
f 1760/2299/1337 1699/2300/1337 1698/2301/1337 1759/2302/1337
f 1684/2286/1338 1690/2303/1338 1691/2292/1338 1681/2287/1338
f 1719/2304/1339 1708/2305/1339 1705/2283/1339 1720/2282/1339
f 1686/2306/1340 1701/2307/1340 1700/2308/1340 1685/2309/1340
f 1708/2305/1341 1714/2310/1341 1711/2311/1341 1705/2283/1341
f 1718/2312/1342 1706/2313/1342 1709/2314/1342 1722/2315/1342
f 1714/2310/1343 1715/2316/1343 1710/2317/1343 1711/2311/1343
f 1717/2285/1344 1707/2284/1344 1706/2313/1344 1718/2312/1344
f 1706/2313/1345 1712/2318/1345 1716/2319/1345 1709/2314/1345
f 1728/2320/1346 1721/2321/1346 1719/2304/1346 1725/2322/1346
f 1725/2322/1347 1719/2304/1347 1720/2282/1347 1727/2323/1347
f 1700/2324/1348 1701/2325/1348 1737/2326/1348
f 1762/2327/1349 1734/2328/1349 1735/2329/1349 1763/2330/1349
f 1655/2254/1350 1656/2253/1350 1537/2331/1350 1542/2332/1350
f 1753/2273/1351 1748/2333/1351 1746/2256/1351 1674/2274/1351
f 1648/2246/1352 1744/2260/1352 1745/2261/1352 1647/2247/1352
f 1693/2293/1353 1758/2334/1353 1760/2299/1353 1695/2289/1353
f 1694/2290/1354 1759/2302/1354 1769/2335/1354 1692/2297/1354
f 1695/2289/1355 1760/2299/1355 1759/2302/1355 1694/2290/1355
f 1765/2336/1356 1773/2337/1356 1761/2338/1356 1772/2339/1356
f 1773/2340/1357 1764/2341/1357 1768/2342/1357 1761/2343/1357
f 1545/2081/1358 1546/2080/1358 1776/2075/1358 1775/2074/1358
f 1543/2078/1359 1545/2081/1359 1775/2074/1359 1347/2344/1359
f 1544/2079/1360 1543/2078/1360 1347/2344/1360 1777/2120/1360
f 1546/2080/1361 1544/2079/1361 1777/2120/1361 1776/2075/1361
f 1549/2082/1362 1548/2085/1362 1348/2086/1362 1778/2197/1362
f 1548/2085/1363 1547/2084/1363 1779/2087/1363 1348/2086/1363
f 1550/2083/1364 1549/2082/1364 1778/2197/1364 1349/2125/1364
f 1547/2084/1365 1550/2083/1365 1349/2125/1365 1779/2087/1365
f 1555/2090/1366 1552/2093/1366 1780/2098/1366 1350/2202/1366
f 1552/2093/1367 1551/2092/1367 1781/2099/1367 1780/2098/1367
f 1556/2091/1368 1555/2090/1368 1350/2202/1368 1351/2129/1368
f 1551/2092/1369 1556/2091/1369 1351/2129/1369 1781/2099/1369
f 1561/2105/1370 1353/2104/1370 1782/2209/1370
f 1559/2102/1371 1561/2105/1371 1782/2209/1371 1352/2208/1371
f 1560/2103/1372 1559/2102/1372 1352/2208/1372 1783/2345/1372
f 1353/2104/1373 1560/2103/1373 1783/2345/1373
f 1591/2141/1374 1592/2140/1374 1785/2189/1374 1784/2186/1374
f 1589/2138/1375 1591/2141/1375 1784/2186/1375 1786/2177/1375
f 1590/2139/1376 1589/2138/1376 1786/2177/1376 1787/2176/1376
f 1592/2140/1377 1590/2139/1377 1787/2176/1377 1785/2189/1377
f 1598/2148/1378 1595/2151/1378 1788/2152/1378 1789/2195/1378
f 1595/2151/1379 1594/2150/1379 1790/2153/1379 1788/2152/1379
f 1599/2149/1380 1598/2148/1380 1789/2195/1380 1360/2198/1380
f 1594/2150/1381 1599/2149/1381 1360/2198/1381 1790/2153/1381
f 1605/2156/1382 1602/2159/1382 1791/2164/1382 1362/2346/1382
f 1602/2159/1383 1601/2158/1383 1792/2165/1383 1791/2164/1383
f 1606/2157/1384 1605/2156/1384 1362/2346/1384 1363/2203/1384
f 1601/2158/1385 1606/2157/1385 1363/2203/1385 1792/2165/1385
f 1612/2175/1386 1613/2174/1386 1793/2169/1386 1365/2168/1386
f 1610/2172/1387 1612/2175/1387 1365/2168/1387 1794/2181/1387
f 1611/2173/1388 1610/2172/1388 1794/2181/1388 1795/2180/1388
f 1613/2174/1389 1611/2173/1389 1795/2180/1389 1793/2169/1389
f 1907/2347/1390 1970/2348/1390 1896/2349/1390 1799/2350/1390 1899/2351/1390
f 1817/2352/1391 1803/2353/1391 1797/2354/1391 1814/2355/1391
f 1818/2356/1392 1835/2357/1392 1837/2358/1392 1816/2359/1392
f 1831/2360/1393 1811/2361/1393 1804/2362/1393 1828/2363/1393
f 1911/2364/1394 1904/2365/1394 1801/2366/1394 1826/2367/1394
f 1841/2368/1395 1838/2369/1395 1803/2353/1395 1817/2352/1395
f 1843/2370/1396 1839/2371/1396 1806/2372/1396 1832/2373/1396
f 1832/2373/1397 1806/2372/1397 1802/2374/1397 1827/2375/1397
f 1938/2376/1398 1933/2377/1398 1808/2378/1398 1932/2379/1398
f 1909/2380/1399 1905/2381/1399 1641/2382/1399 1820/2383/1399
f 1825/2384/1400 1403/2385/1400 1640/2386/1400 1819/2387/1400
f 1823/2388/1401 1661/2389/1401 1311/2390/1401 1821/2391/1401
f 1908/2392/1402 1902/2393/1402 1661/2389/1402 1823/2388/1402
f 1822/2394/1403 1382/2395/1403 1660/2396/1403 1824/2397/1403
f 1859/2398/1404 1897/2399/1404 1971/2400/1404 1946/2401/1404 1895/2402/1404 1807/2403/1404
f 1913/2404/1405 1834/2405/1405 1835/2357/1405 1912/2406/1405
f 1914/2407/1406 1844/2408/1406 1834/2405/1406 1913/2404/1406
f 1829/2409/1407 1805/2410/1407 1812/2411/1407 1830/2412/1407
f 1910/2413/1408 1901/2414/1408 1811/2361/1408 1831/2360/1408
f 1906/2415/1409 1912/2406/1409 1835/2357/1409 1818/2356/1409
f 1807/2403/1410 1895/2402/1410 1809/2416/1410 1800/2417/1410
f 1901/2414/1411 1906/2415/1411 1818/2356/1411 1811/2361/1411
f 1820/2383/1412 1641/2382/1412 1403/2385/1412 1825/2384/1412
f 1922/2418/1413 1841/2368/1413 1817/2352/1413 1806/2372/1413 1839/2371/1413
f 1811/2361/1414 1818/2356/1414 1816/2359/1414 1804/2362/1414
f 1806/2372/1415 1817/2352/1415 1814/2355/1415 1802/2374/1415
f 1801/2366/1416 1820/2383/1416 1825/2384/1416 1815/2419/1416
f 1805/2410/1417 1822/2394/1417 1824/2397/1417 1812/2411/1417
f 1900/2420/1418 1908/2392/1418 1823/2388/1418 1810/2421/1418
f 1810/2421/1419 1823/2388/1419 1821/2391/1419 1836/2422/1419
f 1815/2419/1420 1825/2384/1420 1819/2387/1420 1796/2423/1420
f 1904/2365/1421 1909/2380/1421 1820/2383/1421 1801/2366/1421
f 1899/2351/1422 1910/2413/1422 1831/2360/1422 1809/2416/1422
f 1855/2424/1423 1829/2409/1423 1830/2412/1423 1854/2425/1423 1961/2426/1423
f 1896/2349/1424 1832/2373/1424 1827/2375/1424 1799/2350/1424
f 1898/2427/1425 1843/2370/1425 1832/2373/1425 1896/2349/1425
f 1903/2428/1426 1911/2364/1426 1826/2367/1426 1856/2429/1426
f 1809/2416/1427 1831/2360/1427 1828/2363/1427 1800/2417/1427
f 1844/2408/1428 1845/2430/1428 1833/2431/1428 1834/2405/1428
f 1834/2405/1429 1833/2431/1429 1837/2358/1429 1835/2357/1429
f 1852/2432/1430 1853/2433/1430 1845/2430/1430 1844/2408/1430
f 1857/2434/1431 1851/2435/1431 1843/2370/1431 1898/2427/1431
f 1917/2436/1432 1852/2432/1432 1844/2408/1432 1914/2407/1432
f 1916/2437/1433 1857/2434/1433 1898/2427/1433 1974/2438/1433 1915/2439/1433
f 1851/2435/1434 1847/2440/1434 1839/2371/1434 1843/2370/1434
f 1850/2441/1435 1846/2442/1435 1838/2369/1435 1841/2368/1435
f 1815/2443/1436 1796/2444/1436 1846/2442/1436 1850/2441/1436
f 1826/2445/1437 1801/2446/1437 1847/2440/1437 1851/2435/1437
f 1900/2447/1438 1810/2448/1438 1852/2432/1438 1917/2436/1438
f 1847/2440/1439 1801/2446/1439 1815/2443/1439 1850/2441/1439 1923/2449/1439
f 1856/2450/1440 1826/2445/1440 1851/2435/1440 1857/2434/1440
f 1810/2448/1441 1836/2451/1441 1853/2433/1441 1852/2432/1441
f 1960/2452/1442 1891/2453/1442 1855/2454/1442 1961/2455/1442
f 1919/2456/1443 1893/2457/1443 1854/2458/1443 1903/2459/1443
f 1894/2460/1444 1798/2461/1444 1856/2450/1444 1857/2434/1444
f 1918/2462/1445 1894/2460/1445 1857/2434/1445 1916/2437/1445
f 1959/2463/1446 1892/2464/1446 1861/2465/1446 1862/2466/1446
f 1840/2467/1447 1864/2468/1447 1897/2399/1447 1859/2398/1447
f 1876/2469/1448 1861/2465/1448 1897/2399/1448 1864/2468/1448 1886/2470/1448 1889/2471/1448
f 1848/2472/1449 1862/2466/1449 1881/2473/1449 1879/2474/1449
f 1886/2470/1450 1885/2475/1450 1888/2475/1450 1889/2471/1450
f 1865/2476/1451 1870/2477/1451 1872/2478/1451 1873/2479/1451
f 1868/2480/1452 1871/2481/1452 1874/2482/1452 1875/2483/1452
f 1870/2477/1453 1868/2480/1453 1875/2483/1453 1872/2478/1453
f 1871/2481/1454 1849/2484/1454 1876/2469/1454 1874/2482/1454
f 1863/2485/1455 1877/2486/1455 1878/2487/1455 1879/2474/1455
f 1877/2486/1456 1865/2476/1456 1873/2479/1456 1878/2487/1456
f 1879/2474/1457 1881/2473/1457 1863/2485/1457
f 1881/2473/1458 1862/2466/1458 1849/2475/1458
f 1875/2475/1459 1882/2475/1459 1873/2475/1459 1872/2475/1459
f 1888/2475/1460 1885/2475/1460 1884/2488/1460 1887/2489/1460
f 1883/2490/1461 1867/2491/1461 1884/2488/1461 1885/2475/1461
f 1864/2468/1462 1883/2490/1462 1885/2475/1462 1886/2470/1462
f 1887/2489/1463 1875/2483/1463 1874/2482/1463 1888/2475/1463
f 1889/2471/1464 1888/2475/1464 1874/2482/1464 1876/2469/1464
f 1880/2475/1465 1884/2475/1465 1867/2491/1465 1866/2467/1465
f 1869/2475/1466 1887/2489/1466 1884/2488/1466 1880/2475/1466
f 1887/2489/1467 1869/2475/1467 1882/2475/1467 1875/2475/1467
f 1883/2490/1468 1864/2468/1468 1840/2467/1468 1890/2475/1468
f 1866/2467/1469 1867/2491/1469 1883/2490/1469 1890/2475/1469
f 1876/2469/1470 1849/2484/1470 1862/2466/1470 1861/2465/1470
f 1970/2348/1471 1907/2347/1471 1952/2492/1471 1969/2493/1471
f 1939/2494/1472 1860/2495/1472 1953/2496/1472 1943/2497/1472
f 1933/2377/1473 1842/2498/1473 1898/2427/1473 1896/2349/1473 1808/2378/1473
f 1940/2499/1474 1860/2495/1474 1897/2399/1474 1972/2500/1474
f 1936/2501/1475 1921/2502/1475 1915/2439/1475 1974/2438/1475
f 1941/2503/1476 1920/2504/1476 1956/2505/1476 1955/2503/1476
f 1892/2464/1477 1918/2462/1477 1916/2437/1477 1861/2465/1477
f 1798/2461/1478 1919/2456/1478 1903/2459/1478 1856/2450/1478
f 1796/2444/1479 1900/2447/1479 1917/2436/1479 1846/2442/1479
f 1861/2465/1480 1916/2437/1480 1915/2439/1480 1973/2506/1480 1972/2500/1480 1897/2399/1480
f 1846/2442/1481 1917/2436/1481 1914/2407/1481 1838/2369/1481
f 1854/2425/1482 1830/2412/1482 1911/2364/1482 1903/2428/1482
f 1799/2350/1483 1827/2375/1483 1910/2413/1483 1899/2351/1483
f 1812/2411/1484 1824/2397/1484 1909/2380/1484 1904/2365/1484
f 1796/2423/1485 1819/2387/1485 1908/2392/1485 1900/2420/1485
f 1802/2374/1486 1814/2355/1486 1906/2415/1486 1901/2414/1486
f 1814/2355/1487 1797/2354/1487 1912/2406/1487 1906/2415/1487
f 1827/2375/1488 1802/2374/1488 1901/2414/1488 1910/2413/1488
f 1838/2369/1489 1914/2407/1489 1913/2404/1489 1803/2353/1489
f 1803/2353/1490 1913/2404/1490 1912/2406/1490 1797/2354/1490
f 1819/2387/1491 1640/2386/1491 1902/2393/1491 1908/2392/1491
f 1824/2397/1492 1660/2396/1492 1905/2381/1492 1909/2380/1492
f 1954/2507/1493 1942/2508/1493 1920/2504/1493 1941/2503/1493
f 1830/2412/1494 1812/2411/1494 1904/2365/1494 1911/2364/1494
f 1895/2402/1495 1966/2509/1495 1967/2510/1495 1968/2511/1495 1907/2347/1495 1899/2351/1495 1809/2416/1495
f 1850/2441/1496 1841/2368/1496 1922/2418/1496 1923/2449/1496
f 1847/2440/1497 1923/2449/1497 1931/2512/1497 1930/2513/1497
s 1
f 1925/2514/1498 1926/2515/1498 1927/2516/1498 1924/2517/1498
s 0
f 1923/2449/1499 1922/2418/1499 1928/2518/1499 1931/2512/1499
f 1922/2418/1500 1839/2371/1500 1929/2519/1500 1928/2518/1500
f 1839/2371/1501 1847/2440/1501 1930/2513/1501 1929/2519/1501
f 1925/2514/1502 1924/2517/1502 1928/2518/1502 1929/2519/1502
f 1926/2515/1503 1925/2514/1503 1929/2519/1503 1930/2513/1503
f 1927/2516/1504 1926/2515/1504 1930/2513/1504 1931/2512/1504
f 1924/2517/1505 1927/2516/1505 1931/2512/1505 1928/2518/1505
f 1953/2496/1506 1947/2520/1506 1935/2521/1506 1945/2522/1506
f 1936/2501/1507 1842/2498/1507 1933/2377/1507 1938/2376/1507
f 1943/2497/1508 1953/2496/1508 1945/2522/1508 1813/2523/1508
f 1947/2520/1509 1954/2507/1509 1941/2503/1509 1935/2521/1509
f 1971/2400/1510 1897/2399/1510 1860/2495/1510 1939/2494/1510
f 1969/2493/1511 1950/2524/1511 1949/2378/1511 1951/2525/1511
f 1965/2526/1512 1962/2527/1512 1958/2475/1512 1964/2528/1512
f 1895/2402/1513 1813/2523/1513 1937/2529/1513 1948/2530/1513
f 1935/2521/1514 1941/2503/1514 1955/2503/1514 1958/2521/1514
f 1920/2504/1515 1932/2379/1515 1950/2524/1515 1956/2505/1515
f 1808/2378/1516 1896/2349/1516 1951/2525/1516 1949/2378/1516
f 1813/2523/1517 1945/2522/1517 1957/2531/1517 1937/2529/1517
f 1945/2522/1518 1935/2521/1518 1958/2521/1518 1957/2531/1518
f 1966/2509/1519 1895/2402/1519 1948/2530/1519 1963/2532/1519
f 1932/2379/1520 1808/2378/1520 1949/2378/1520 1950/2524/1520
f 1959/2463/1521 1858/2533/1521 2598/2534/1521 2597/2535/1521 2596/2536/1521 2595/2537/1521 2602/2538/1521
f 1918/2462/1522 1892/2464/1522 2609/2539/1522 2608/2540/1522 2612/2541/1522 2618/2542/1522 2619/2543/1522 2620/2544/1522 1893/2457/1522 1919/2456/1522
f 1798/2461/1523 1894/2460/1523 1918/2462/1523 1919/2456/1523
f 1862/2466/1524 1848/2472/1524 1858/2533/1524 1959/2463/1524
f 1892/2464/1525 1959/2463/1525 2602/2538/1525 2601/2545/1525 2600/2546/1525 2599/2547/1525 2609/2539/1525
f 1893/2457/1526 1960/2452/1526 1961/2455/1526 1854/2458/1526
f 1952/2492/1527 1965/2526/1527 1964/2528/1527 1956/2505/1527
f 1962/2527/1519 1967/2510/1519 1966/2509/1519 1963/2532/1519
f 1948/2530/1528 1937/2529/1528 1957/2531/1528 1963/2532/1528
f 1958/2475/1529 1962/2527/1529 1963/2532/1529 1957/2531/1529
f 1968/2511/1519 1967/2510/1519 1962/2527/1519 1965/2526/1519
f 1907/2347/1519 1968/2511/1519 1965/2526/1519 1952/2492/1519
f 1952/2492/1530 1956/2505/1530 1950/2524/1530 1969/2493/1530
f 1896/2349/1471 1970/2348/1471 1969/2493/1471 1951/2525/1471
f 1860/2495/1531 1940/2499/1531 1947/2520/1531 1953/2496/1531
f 1940/2499/1532 1934/2548/1532 1954/2507/1532 1947/2520/1532
f 1934/2548/1533 1944/2549/1533 1942/2508/1533 1954/2507/1533
f 1971/2400/1534 1939/2494/1534 1943/2497/1534 1946/2401/1534
f 1943/2497/1535 1813/2523/1535 1895/2402/1535 1946/2401/1535
f 1934/2548/1536 1940/2499/1536 1972/2500/1536 1973/2506/1536
f 1915/2439/1537 1944/2549/1537 1934/2548/1537 1973/2506/1537
f 1921/2502/1538 1944/2549/1538 1915/2439/1538
f 1842/2498/1539 1936/2501/1539 1974/2438/1539 1898/2427/1539
f 1944/2549/1540 1921/2502/1540 1975/2550/1540 1942/2508/1540
f 1938/2376/1541 1932/2379/1541 1920/2504/1541 1942/2508/1541 1975/2550/1541
f 1921/2502/1542 1936/2501/1542 1938/2376/1542 1975/2550/1542
f 2160/1530/1543 2159/1533/1543 2095/1532/1543 1978/1531/1543
f 1992/1534/1544 2106/1537/1544 2094/1536/1544 2142/1535/1544
f 1991/1538/1545 1990/1541/1545 1976/1540/1545 2102/1539/1545
f 2183/1542/1546 2001/1546/1546 2138/1545/1546 2136/1544/1546 2000/1543/1546
f 2008/1547/1547 1999/1551/1547 2134/1550/1547 1989/1549/1547 2156/1548/1547
f 2007/1552/1548 2155/1556/1548 2131/1555/1548 2129/1554/1548 2154/1553/1548
f 2182/1557/1549 1998/1561/1549 2127/1560/1549 2126/1559/1549 2153/1558/1549
f 2102/1539/1550 2185/1563/1550 2188/1562/1550 1991/1538/1550
f 2157/1564/1551 2189/1567/1551 2010/1566/1551 2146/1565/1551
f 2106/1537/1552 2111/1569/1552 1977/1568/1552 2094/1536/1552
f 2111/1569/1553 2112/1571/1553 2101/1570/1553 1977/1568/1553
f 2112/1571/1554 2160/1530/1554 1978/1531/1554 2101/1570/1554
f 2100/1572/1555 2099/1575/1555 2113/1574/1555 1983/1573/1555
f 1983/1573/1556 2113/1574/1556 2112/1571/1556 2111/1569/1556
f 2093/1576/1557 2100/1572/1557 1983/1573/1557 2105/1577/1557
f 2105/1577/1558 1983/1573/1558 2111/1569/1558 2106/1537/1558
f 1979/1578/1559 2102/1539/1559 2110/1580/1559 2109/1579/1559
f 2103/1581/1560 1979/1578/1560 2109/1579/1560 1982/1582/1560
f 2097/1583/1561 2103/1581/1561 1982/1582/1561 2107/1584/1561
f 1990/1541/1562 2093/1576/1562 2105/1577/1562 2147/1585/1562
f 2147/1585/1563 2105/1577/1563 2106/1537/1563 1992/1534/1563
f 2102/1539/1564 1976/1540/1564 2108/1586/1564 2110/1580/1564
f 2094/1536/1565 1977/1568/1565 2115/1588/1565 2116/1587/1565
f 2142/1535/1566 2094/1536/1566 2116/1587/1566 1993/1589/1566
f 2141/1590/1567 2098/1593/1567 2118/1592/1567 1994/1591/1567
f 1978/1531/1568 2095/1532/1568 1984/1595/1568 1985/1594/1568
f 2143/1596/1569 1978/1531/1569 1985/1594/1569 1995/1597/1569
f 2098/1593/1570 1980/1599/1570 2119/1598/1570 2118/1592/1570
f 2143/1596/1571 1980/1599/1571 2120/1601/1571 2151/1600/1571
f 2101/1570/1572 1978/1531/1572 2121/1603/1572 2122/1602/1572
f 1980/1599/1573 1981/1605/1573 1986/1604/1573 2120/1601/1573
f 2144/1606/1574 1981/1605/1574 1987/1608/1574 1996/1607/1574
f 1977/1568/1575 2101/1570/1575 2123/1610/1575 2124/1609/1575
f 2145/1611/1576 1977/1568/1576 2124/1609/1576 1997/1612/1576
f 1981/1605/1577 2104/1614/1577 2125/1613/1577 1987/1608/1577
f 2104/1614/1578 2145/1611/1578 1997/1612/1578 2125/1613/1578
f 2101/1570/1579 2144/1606/1579 1996/1607/1579 2123/1610/1579
f 1981/1605/1580 2144/1606/1580 2152/1615/1580 1986/1604/1580
f 1978/1531/1581 2143/1596/1581 2151/1600/1581 2121/1603/1581
f 1980/1599/1582 2143/1596/1582 1995/1597/1582 2119/1598/1582
f 2095/1532/1583 2141/1590/1583 1994/1591/1583 1984/1595/1583
f 2096/1616/1584 2142/1535/1584 1993/1589/1584 2117/1617/1584
f 1977/1568/1585 2145/1611/1585 2150/1618/1585 2115/1588/1585
f 1976/1540/1586 1990/1541/1586 2147/1585/1586 2108/1586/1586
f 1991/1538/1587 2188/1562/1587 2009/1619/1587 2100/1572/1587
f 1979/1578/1588 2186/1620/1588 2185/1563/1588 2102/1539/1588
f 2002/1621/1589 2157/1564/1589 2146/1565/1589 2140/1622/1589
f 2153/1558/1590 1988/1624/1590 2128/1623/1590 1998/1561/1590 2182/1557/1590
f 2154/1553/1591 2130/1626/1591 2132/1625/1591 2155/1556/1591 2007/1552/1591
f 2156/1548/1592 2133/1628/1592 2135/1627/1592 1999/1551/1592 2008/1547/1592
f 2000/1543/1593 2137/1630/1593 2139/1629/1593 2001/1546/1593 2183/1542/1593
f 2100/1572/1594 2093/1576/1594 1990/1541/1594 1991/1538/1594
f 2002/1621/1595 2164/1632/1595 2161/1631/1595 2157/1564/1595
f 2158/1633/1596 2003/1635/1596 2004/1634/1596 2160/1530/1596
f 2157/1564/1597 2161/1631/1597 2003/1635/1597 2158/1633/1597
f 2140/1622/1598 2165/1636/1598 2164/1632/1598 2002/1621/1598
f 2003/1635/1599 2167/1638/1599 2169/1637/1599 2004/1634/1599
f 2169/1637/1600 2006/1641/1600 2176/1640/1600 2170/1639/1600
f 2170/1639/1601 2176/1640/1601 2180/1643/1601 2005/1642/1601
f 2162/1644/1602 2170/1639/1602 2005/1642/1602 2166/1645/1602
f 2166/1645/1603 2005/1642/1603 2173/1647/1603 2163/1646/1603
f 2161/1631/1604 2168/1648/1604 2167/1638/1604 2003/1635/1604
f 2174/1649/1605 2177/1650/1605 2176/1640/1605 2006/1641/1605
f 2005/1642/1606 2180/1643/1606 2181/1651/1606 2173/1647/1606
f 2167/1638/1607 2174/1649/1607 2006/1641/1607 2169/1637/1607
f 2103/1581/1608 2187/1652/1608 2186/1620/1608 1979/1578/1608
f 2146/1565/1609 2010/1566/1609 2187/1652/1609 2103/1581/1609
f 2100/1572/1610 2009/1619/1610 2184/1653/1610 2099/1575/1610
f 2422/1654/1611 2209/1657/1611 2018/1656/1611 2193/1655/1611
f 2011/1658/1612 2422/1654/1612 2193/1655/1612 2424/1659/1612
f 2425/1660/1613 2012/1663/1613 2194/1662/1613 2013/1661/1613
f 2012/1663/1614 2213/1665/1614 2212/1664/1614 2194/1662/1614
f 2014/1666/1615 2427/1669/1615 2198/1668/1615 2015/1667/1615
f 2427/1669/1616 2217/1671/1616 2216/1670/1616 2198/1668/1616
f 2429/1672/1617 2219/1675/1617 2218/1674/1617 2017/1673/1617
f 2016/1676/1618 2429/1672/1618 2017/1673/1618 2430/1677/1618
f 2019/1678/1619 2011/1658/1619 2424/1659/1619 2020/1679/1619
f 2210/1680/1620 2425/1660/1620 2013/1661/1620 2211/1681/1620
f 2215/1682/1621 2014/1666/1621 2015/1667/1621 2214/1683/1621
f 2221/1684/1622 2016/1676/1622 2430/1677/1622 2220/1685/1622
f 2226/1686/1623 2228/1689/1623 2021/1688/1623 2227/1687/1623
f 2223/1690/1624 2019/1678/1624 2020/1679/1624 2222/1691/1624
f 2228/1689/1625 2210/1680/1625 2211/1681/1625 2021/1688/1625
f 2022/1692/1626 2204/1695/1626 2205/1694/1626 2231/1693/1626
f 2209/1657/1627 2224/1697/1627 2225/1696/1627 2018/1656/1627
f 2219/1675/1628 2022/1692/1628 2231/1693/1628 2218/1674/1628
f 1995/1698/1629 2020/1679/1629 2424/1659/1629 2119/1699/1629
f 2119/1699/1630 2424/1659/1630 2193/1655/1630 2118/1700/1630
f 2118/1700/1631 2193/1655/1631 2018/1656/1631 1994/1701/1631
f 2120/1702/1632 2194/1662/1632 2212/1664/1632 2151/1703/1632
f 1986/1704/1633 2013/1661/1633 2194/1662/1633 2120/1702/1633
f 2152/1705/1634 2211/1681/1634 2013/1661/1634 1986/1704/1634
f 1987/1706/1635 2198/1668/1635 2216/1670/1635 1996/1707/1635
f 2125/1708/1636 2015/1667/1636 2198/1668/1636 1987/1706/1636
f 2124/1709/1637 2201/1711/1637 2214/1683/1637 1997/1710/1637
f 1997/1710/1638 2214/1683/1638 2015/1667/1638 2125/1708/1638
f 2116/1712/1639 2205/1694/1639 2220/1685/1639 1993/1713/1639
f 1993/1713/1640 2220/1685/1640 2430/1677/1640 2117/1714/1640
f 2117/1714/1641 2430/1677/1641 2017/1673/1641 2114/1715/1641
f 2114/1715/1642 2017/1673/1642 2218/1674/1642 2150/1716/1642
f 1994/1701/1643 2018/1656/1643 2225/1696/1643 1984/1717/1643
f 1985/1718/1644 2222/1691/1644 2020/1679/1644 1995/1698/1644
f 2122/1719/1645 2021/1688/1645 2211/1681/1645 2152/1705/1645
f 1996/1707/1646 2216/1670/1646 2230/1721/1646 2123/1720/1646
f 1984/1717/1647 2225/1696/1647 2222/1691/1647 1985/1718/1647
f 2121/1722/1648 2227/1687/1648 2021/1688/1648 2122/1719/1648
f 2431/1723/1649 2030/1726/1649 2261/1725/1649 2432/1724/1649
f 2433/1727/1650 2431/1723/1650 2432/1724/1650 2434/1728/1650
f 2436/1729/1651 2435/1732/1651 2241/1731/1651 2024/1730/1651
f 2243/1733/1652 2031/1736/1652 2264/1735/1652 2244/1734/1652
f 2023/1737/1653 2243/1733/1653 2244/1734/1653 2240/1738/1653
f 2435/1732/1654 2265/1740/1654 2032/1739/1654 2241/1731/1654
f 2026/1741/1655 2438/1744/1655 2248/1743/1655 2027/1742/1655
f 2025/1745/1656 2250/1748/1656 2251/1747/1656 2247/1746/1656
f 2438/1744/1657 2034/1750/1657 2033/1749/1657 2248/1743/1657
f 2029/1751/1658 2268/1754/1658 2035/1753/1658 2260/1752/1658
f 2441/1755/1659 2029/1751/1659 2260/1752/1659 2442/1756/1659
f 2028/1757/1660 2270/1760/1660 2269/1759/1660 2254/1758/1660
f 2255/1761/1661 2028/1757/1661 2254/1758/1661 2256/1762/1661
f 2030/1726/1662 2234/1764/1662 2235/1763/1662 2261/1725/1662
f 2031/1736/1663 2436/1729/1663 2024/1730/1663 2264/1735/1663
f 2265/1740/1664 2023/1737/1664 2240/1738/1664 2032/1739/1664
f 2267/1765/1665 2026/1741/1665 2027/1742/1665 2266/1766/1665
f 2034/1750/1666 2025/1745/1666 2247/1746/1666 2033/1749/1666
f 2268/1754/1667 2255/1761/1667 2256/1762/1667 2035/1753/1667
f 2223/1690/1668 2233/1768/1668 2262/1767/1668 2019/1678/1668
f 2030/1726/1669 2154/1553/1669 2129/1554/1669 2234/1764/1669
f 2019/1678/1670 2262/1767/1670 2434/1728/1670 2011/1658/1670
f 2011/1658/1671 2434/1728/1671 2432/1724/1671 2422/1654/1671
f 2431/1723/1672 2130/1626/1672 2154/1553/1672 2030/1726/1672
f 2023/1737/1673 1989/1549/1673 2134/1550/1673 2243/1733/1673
f 2213/1665/1674 2032/1739/1674 2240/1738/1674 2226/1686/1674
f 2265/1740/1675 2156/1548/1675 1989/1549/1675 2023/1737/1675
f 2012/1663/1676 2241/1731/1676 2032/1739/1676 2213/1665/1676
f 2425/1660/1677 2024/1730/1677 2241/1731/1677 2012/1663/1677
f 2243/1733/1678 2134/1550/1678 1999/1551/1678 2031/1736/1678
f 2210/1680/1679 2264/1735/1679 2024/1730/1679 2425/1660/1679
f 2031/1736/1680 1999/1551/1680 2135/1627/1680 2436/1729/1680
f 2025/1745/1681 2136/1544/1681 2138/1545/1681 2250/1748/1681
f 2217/1671/1682 2033/1749/1682 2247/1746/1682 2229/1769/1682
f 2034/1750/1683 2000/1543/1683 2136/1544/1683 2025/1745/1683
f 2438/1744/1684 2137/1630/1684 2000/1543/1684 2034/1750/1684
f 2427/1669/1685 2248/1743/1685 2033/1749/1685 2217/1671/1685
f 2026/1741/1686 2139/1629/1686 2137/1630/1686 2438/1744/1686
f 2014/1666/1687 2027/1742/1687 2248/1743/1687 2427/1669/1687
f 2250/1748/1688 2138/1545/1688 2001/1546/1688 2267/1765/1688
f 2215/1682/1689 2266/1766/1689 2027/1742/1689 2014/1666/1689
f 2267/1765/1690 2001/1546/1690 2139/1629/1690 2026/1741/1690
f 2028/1757/1691 2127/1560/1691 1998/1561/1691 2270/1760/1691
f 2022/1692/1692 2256/1762/1692 2254/1758/1692 2204/1695/1692
f 2255/1761/1693 2126/1559/1693 2127/1560/1693 2028/1757/1693
f 2219/1675/1694 2035/1753/1694 2256/1762/1694 2022/1692/1694
f 2441/1755/1695 2128/1623/1695 1988/1624/1695 2029/1751/1695
f 2221/1684/1696 2269/1759/1696 2442/1756/1696 2016/1676/1696
f 2016/1676/1697 2442/1756/1697 2260/1752/1697 2429/1672/1697
f 2270/1760/1698 1998/1561/1698 2128/1623/1698 2441/1755/1698
f 2029/1751/1699 1988/1624/1699 2153/1558/1699 2268/1754/1699
f 2429/1672/1700 2260/1752/1700 2035/1753/1700 2219/1675/1700
f 2274/1770/1701 2273/1772/1701 2036/1771/1701
f 2036/1771/1702 2273/1772/1702 2272/1773/1702
f 2275/1774/1703 2037/1776/1703 2277/1775/1703
f 2277/1775/1704 2037/1776/1704 2038/1777/1704
f 2038/1777/1705 2037/1776/1705 2276/1778/1705
f 2280/1779/1706 2282/1782/1706 2284/1781/1706 2042/1780/1706
f 2281/1783/1707 2041/1786/1707 2283/1785/1707 2285/1784/1707
f 2040/1787/1708 2279/1788/1708 2282/1782/1708 2280/1779/1708
f 2278/1789/1709 2039/1790/1709 2041/1786/1709 2281/1783/1709
f 2271/1791/1710 2274/1770/1710 2279/1788/1710 2040/1787/1710
f 2274/1770/1711 2036/1771/1711 2278/1789/1711 2279/1788/1711
f 2036/1771/1712 2272/1773/1712 2039/1790/1712 2278/1789/1712
f 2042/1780/1713 2284/1781/1713 2038/1777/1713 2276/1778/1713
f 2284/1781/1714 2285/1784/1714 2277/1775/1714 2038/1777/1714
f 2271/1791/1715 2040/1787/1715 1980/1599/1715 2098/1593/1715
f 2107/1584/1716 1982/1582/1716 2039/1790/1716 2272/1773/1716
f 2276/1778/1717 2037/1776/1717 1992/1534/1717 2142/1535/1717 2096/1616/1717
f 2042/1780/1718 2276/1778/1718 2096/1616/1718 2104/1614/1718
f 2275/1774/1719 2108/1586/1719 2147/1585/1719 1992/1534/1719 2037/1776/1719
f 2040/1787/1720 2280/1779/1720 1981/1605/1720 1980/1599/1720
f 1982/1582/1721 2109/1579/1721 2041/1786/1721 2039/1790/1721
f 2280/1779/1722 2042/1780/1722 2104/1614/1722 1981/1605/1722
f 2109/1579/1723 2110/1580/1723 2283/1785/1723 2041/1786/1723
f 2054/1792/1724 2287/1795/1724 2398/1794/1724 2319/1793/1724
f 2091/1796/1725 2421/1799/1725 2328/1798/1725 2314/1797/1725
f 2090/1800/1726 1440/1803/1726 1388/1802/1726 2313/1801/1726
f 2310/1804/1727 2293/1807/1727 2044/1806/1727 2312/1805/1727
f 2092/1808/1728 2089/1811/1728 2290/1810/1728 2317/1809/1728
f 2313/1801/1729 1388/1802/1729 1400/1813/1729 2053/1812/1729
f 2311/1814/1730 1385/1817/1730 1390/1816/1730 2052/1815/1730
f 2312/1805/1731 2044/1806/1731 2292/1819/1731 2315/1818/1731
f 2044/1806/1732 2293/1807/1732 2295/1821/1732 2048/1820/1732
f 2390/1822/1733 2389/1825/1733 2298/1824/1733 2049/1823/1733
f 2289/1826/1734 2045/1829/1734 2296/1828/1734 2047/1827/1734
f 2316/1830/1735 2044/1806/1735 2048/1820/1735 2321/1831/1735
f 2043/1832/1736 2289/1826/1736 2047/1827/1736 2046/1833/1736
f 2394/1834/1737 2081/1837/1737 2304/1836/1737 2050/1835/1737
f 2055/1838/1738 2080/1841/1738 2301/1840/1738 2386/1839/1738
f 2322/1842/1739 2300/1845/1739 2051/1844/1739 2056/1843/1739
f 2080/1841/1740 2394/1834/1740 2050/1835/1740 2301/1840/1740
f 2300/1845/1741 2299/1847/1741 2303/1846/1741 2051/1844/1741
f 2053/1812/1742 1400/1813/1742 1407/1849/1742 2325/1848/1742
f 2071/1850/1743 2378/1853/1743 2058/1852/1743 2332/1851/1743
f 2402/1854/1744 2311/1814/1744 2052/1815/1744 2291/1855/1744
f 2290/1810/1745 2313/1801/1745 2053/1812/1745 2057/1856/1745
f 2089/1811/1746 2090/1800/1746 2313/1801/1746 2290/1810/1746
f 1442/1857/1747 2091/1796/1747 2314/1797/1747 1389/1858/1747
f 2081/1837/1748 2322/1842/1748 2056/1843/1748 2304/1836/1748
f 2297/1859/1749 2055/1838/1749 2386/1839/1749 2302/1860/1749
f 2079/1861/1750 2396/1862/1750 2080/1841/1750 2055/1838/1750
f 2392/1863/1751 2079/1861/1751 2055/1838/1751 2297/1859/1751
f 2044/1806/1752 2316/1830/1752 2318/1864/1752 2292/1819/1752
f 2421/1799/1753 2092/1808/1753 2317/1809/1753 2328/1798/1753
f 2288/1865/1754 2054/1792/1754 2319/1793/1754 2286/1866/1754
f 2290/1810/1755 2057/1856/1755 2327/1867/1755 2317/1809/1755
f 2057/1856/1756 2053/1812/1756 2325/1848/1756 2324/1868/1756
f 2072/1869/1757 2376/1872/1757 2334/1871/1757 2059/1870/1757
f 2376/1872/1758 2070/1874/1758 2335/1873/1758 2334/1871/1758
f 2058/1852/1759 2336/1877/1759 2351/1876/1759 2349/1875/1759
f 2336/1877/1760 2059/1870/1760 2350/1878/1760 2351/1876/1760
f 2379/1879/1761 2072/1869/1761 2059/1870/1761 2336/1877/1761
f 2377/1880/1762 2071/1850/1762 2332/1851/1762 2333/1881/1762
f 2378/1853/1763 2379/1879/1763 2336/1877/1763 2058/1852/1763
f 2057/1856/1764 2324/1868/1764 2323/1882/1764 2327/1867/1764
f 2070/1874/1765 2377/1880/1765 2333/1881/1765 2335/1873/1765
f 2329/1883/1766 2331/1886/1766 2337/1885/1766 2060/1884/1766
f 2330/1887/1767 2329/1890/1767 2060/1889/1767 2339/1888/1767
f 2088/1891/1768 2405/1894/1768 2063/1893/1768 2414/1892/1768
f 2406/1895/1769 2416/1898/1769 2087/1897/1769 2345/1896/1769
f 2403/1899/1770 2417/1902/1770 2061/1901/1770 2343/1900/1770
f 2083/1903/1771 2403/1906/1771 2343/1905/1771 2062/1904/1771
f 2405/1894/1772 2407/1908/1772 2346/1907/1772 2063/1893/1772
f 2417/1902/1773 2404/1910/1773 2344/1909/1773 2061/1901/1773
f 2332/1851/1774 2058/1852/1774 2349/1875/1774 2347/1911/1774
f 2368/1912/1775 2366/1915/1775 2355/1914/1775 2064/1913/1775
f 2358/1916/1776 2065/1919/1776 2360/1918/1776 2357/1917/1776
f 2065/1919/1777 2359/1921/1777 2363/1920/1777 2360/1918/1777
f 2064/1913/1778 2355/1914/1778 2361/1923/1778 2362/1922/1778
f 2352/1924/1779 2354/1925/1779 2065/1919/1779 2358/1916/1779
f 2373/1926/1780 2069/1929/1780 2369/1928/1780 2365/1927/1780
f 2354/1925/1781 2353/1930/1781 2359/1921/1781 2065/1919/1781
f 2077/1931/1782 2383/1934/1782 2384/1933/1782 2078/1932/1782
f 2374/1935/1783 2068/1938/1783 2364/1937/1783 2367/1936/1783
f 2370/1939/1784 2383/1934/1784 2077/1931/1784 2371/1940/1784
f 2064/1941/1785 2066/1943/1785 2371/1940/1785 2368/1942/1785
f 2068/1938/1786 2373/1926/1786 2365/1927/1786 2364/1937/1786
f 2357/1944/1787 2066/1943/1787 2064/1941/1787 2362/1945/1787
f 2335/1873/1788 2333/1881/1788 2373/1926/1788 2068/1938/1788
f 2334/1871/1789 2335/1873/1789 2068/1938/1789 2374/1935/1789
f 2059/1870/1790 2334/1871/1790 2374/1935/1790 2372/1946/1790
f 2333/1881/1791 2348/1947/1791 2069/1929/1791 2373/1926/1791
f 2350/1878/1792 2059/1870/1792 2372/1946/1792 2375/1948/1792
f 2076/1949/1793 2073/1952/1793 2377/1951/1793 2070/1950/1793
f 2382/1953/1794 2075/1956/1794 2379/1955/1794 2378/1954/1794
f 2073/1952/1795 2381/1958/1795 2071/1957/1795 2377/1951/1795
f 2075/1956/1796 2074/1960/1796 2072/1959/1796 2379/1955/1796
f 2380/1961/1797 2076/1949/1797 2070/1950/1797 2376/1962/1797
f 2074/1960/1798 2380/1964/1798 2376/1963/1798 2072/1959/1798
f 2381/1958/1799 2382/1953/1799 2378/1954/1799 2071/1957/1799
f 2415/1965/1800 2408/1966/1800 2380/1964/1800 2074/1960/1800
f 2408/1967/1801 2419/1968/1801 2076/1949/1801 2380/1961/1801
f 2086/1969/1802 2415/1965/1802 2074/1960/1802 2075/1956/1802
f 2413/1970/1803 2409/1971/1803 2381/1958/1803 2073/1952/1803
f 2410/1972/1804 2086/1969/1804 2075/1956/1804 2382/1953/1804
f 2419/1968/1805 2413/1970/1805 2073/1952/1805 2076/1949/1805
f 2349/1973/1806 2078/1932/1806 2384/1933/1806 2347/1974/1806
f 2350/1975/1807 2078/1932/1807 2349/1973/1807 2351/1976/1807
f 2077/1931/1808 2078/1932/1808 2350/1975/1808 2375/1977/1808
f 2348/1978/1809 2384/1933/1809 2383/1934/1809 2069/1979/1809
f 2077/1931/1810 2375/1977/1810 2368/1942/1810 2371/1940/1810
f 2369/1980/1811 2069/1979/1811 2383/1934/1811 2370/1939/1811
f 2066/1943/1812 2067/1981/1812 2370/1939/1812 2371/1940/1812
f 2369/1980/1813 2370/1939/1813 2067/1981/1813 2356/1982/1813
f 2360/1983/1787 2067/1981/1787 2066/1943/1787 2357/1944/1787
f 2356/1982/1787 2067/1981/1787 2360/1983/1787 2363/1984/1787
f 2051/1844/1814 2009/1986/1814 2188/1985/1814 2056/1843/1814
f 2056/1843/1815 2188/1985/1815 2185/1987/1815 2304/1836/1815
f 2304/1836/1816 2185/1987/1816 2186/1988/1816 2050/1835/1816
f 2050/1835/1817 2186/1988/1817 2187/1989/1817 2301/1840/1817
f 2301/1840/1818 2187/1989/1818 2010/1990/1818 2386/1839/1818
f 2386/1839/1819 2010/1990/1819 2189/1991/1819 2302/1860/1819
f 2303/1846/1820 2184/1992/1820 2009/1986/1820 2051/1844/1820
f 2395/1993/1821 2393/1994/1821 2322/1842/1821 2081/1837/1821
f 2294/1995/1822 2320/1996/1822 2079/1861/1822 2392/1863/1822
f 2320/1996/1823 2401/1997/1823 2396/1862/1823 2079/1861/1823
f 2399/1998/1824 2400/2000/1824 2395/1993/1824 2082/1999/1824
f 2048/1820/1825 2295/1821/1825 2391/2002/1825 2387/2001/1825
f 2321/1831/1826 2048/1820/1826 2387/2001/1826 2393/1994/1826
f 2401/1997/1827 2399/1998/1827 2082/1999/1827 2396/1862/1827
f 2298/1824/1828 2394/1834/1828 2080/1841/1828 2049/1823/1828
f 2388/2003/1829 2395/1993/1829 2081/1837/1829 2385/2004/1829
f 2389/1825/1830 2082/1999/1830 2395/1993/1830 2388/2003/1830
f 2390/1822/1831 2396/1862/1831 2082/1999/1831 2389/1825/1831
f 2385/2004/1832 2081/1837/1832 2394/1834/1832 2298/1824/1832
f 2049/1823/1833 2080/1841/1833 2396/1862/1833 2390/1822/1833
f 2043/1832/1834 2398/1794/1834 2397/2005/1834 2289/1826/1834
f 2296/1828/1835 2400/2000/1835 2399/1998/1835 2047/1827/1835
f 2047/1827/1836 2399/1998/1836 2401/1997/1836 2046/1833/1836
f 2045/1829/1837 2402/1854/1837 2400/2000/1837 2296/1828/1837
f 2289/1826/1838 2397/2005/1838 2402/1854/1838 2045/1829/1838
f 2046/1833/1839 2401/1997/1839 2398/1794/1839 2043/1832/1839
f 2337/1885/1840 2338/2007/1840 2088/1891/1840 2084/2006/1840
f 2339/1888/1841 2060/1889/1841 2418/2008/1841 2416/1898/1841
f 2060/1884/1842 2337/1885/1842 2084/2006/1842 2418/2009/1842
f 2338/2007/1843 2340/2010/1843 2405/1894/1843 2088/1891/1843
f 2061/1901/1844 2344/1909/1844 2085/2012/1844 2412/2011/1844
f 2346/1907/1845 2345/1896/1845 2086/1969/1845 2410/1972/1845
f 2414/1892/1846 2063/1893/1846 2409/1971/1846 2413/1970/1846
f 2345/1896/1847 2087/1897/1847 2415/1965/1847 2086/1969/1847
f 2343/1900/1848 2061/1901/1848 2412/2011/1848 2420/2013/1848
f 2062/1904/1849 2343/1905/1849 2420/2015/1849 2411/2014/1849
f 2063/1893/1850 2346/1907/1850 2410/1972/1850 2409/1971/1850
f 2344/1909/1851 2414/1892/1851 2413/1970/1851 2085/2012/1851
f 2411/2014/1852 2415/1965/1852 2087/1897/1852 2062/1904/1852
f 2404/1910/1853 2088/1891/1853 2414/1892/1853 2344/1909/1853
f 2062/1904/1854 2087/1897/1854 2416/1898/1854 2083/1903/1854
f 2417/1902/1855 2084/2006/1855 2088/1891/1855 2404/1910/1855
f 2083/1903/1856 2416/1898/1856 2418/2008/1856 2403/1906/1856
f 2403/1899/1857 2418/2009/1857 2084/2006/1857 2417/1902/1857
f 2085/2012/1858 2413/1970/1858 2419/1968/1858 2412/2011/1858
f 2292/1819/1859 2318/1864/1859 2092/2017/1859 2421/2016/1859
f 1391/2018/1860 2315/1818/1860 2091/2020/1860 1442/2019/1860
f 2291/1855/1861 2052/1815/1861 2090/2022/1861 2089/2021/1861
f 2318/1864/1862 2291/1855/1862 2089/2021/1862 2092/2017/1862
f 2052/1815/1863 1390/1816/1863 1440/2023/1863 2090/2022/1863
f 2315/1818/1864 2292/1819/1864 2421/2016/1864 2091/2020/1864
f 2140/2024/1865 2146/2027/1865 2103/2026/1865 2097/2025/1865
f 2099/2028/1866 2157/2031/1866 2158/2030/1866 2113/2029/1866
f 2113/2029/1867 2158/2030/1867 2160/2033/1867 2112/2032/1867
f 2140/2024/1868 2097/2025/1868 2107/2035/1868 2148/2034/1868
f 2145/2036/1869 2104/2039/1869 2114/2038/1869 2150/2037/1869
f 2104/2039/1870 2096/2041/1870 2117/2040/1870 2114/2038/1870
f 2144/2042/1871 2101/2045/1871 2122/2044/1871 2152/2043/1871
f 2159/2046/1872 2149/2049/1872 2141/2048/1872 2095/2047/1872
f 2160/2033/1873 2004/2051/1873 2162/2050/1873 2159/2046/1873
f 2159/2046/1874 2162/2050/1874 2166/2052/1874 2149/2049/1874
f 2148/2034/1875 2163/2054/1875 2165/2053/1875 2140/2024/1875
f 2149/2049/1876 2166/2052/1876 2163/2054/1876 2148/2034/1876
f 2163/2054/1877 2173/2056/1877 2172/2055/1877 2165/2053/1877
f 2165/2053/1878 2172/2055/1878 2171/2058/1878 2164/2057/1878
f 2164/2057/1879 2171/2058/1879 2168/2060/1879 2161/2059/1879
f 2172/2055/1880 2179/2062/1880 2178/2061/1880 2171/2058/1880
f 2173/2056/1881 2181/2063/1881 2179/2062/1881 2172/2055/1881
f 2004/2051/1882 2169/2065/1882 2170/2064/1882 2162/2050/1882
f 2175/2066/1883 2178/2061/1883 2177/2068/1883 2174/2067/1883
f 2177/2068/1884 2181/2063/1884 2180/2070/1884 2176/2069/1884
f 2178/2061/1885 2179/2062/1885 2181/2063/1885 2177/2068/1885
f 2168/2060/1886 2175/2066/1886 2174/2067/1886 2167/2071/1886
f 2171/2058/1887 2178/2061/1887 2175/2066/1887 2168/2060/1887
f 2099/2028/1888 2184/2073/1888 2189/2072/1888 2157/2031/1888
f 2422/2074/1889 2209/2077/1889 2018/2076/1889 2423/2075/1889
f 2190/2078/1890 2192/2081/1890 2193/2080/1890 2191/2079/1890
f 2196/2082/1891 2195/2085/1891 2194/2084/1891 2197/2083/1891
f 2012/2086/1892 2213/2089/1892 2212/2088/1892 2426/2087/1892
f 2202/2090/1893 2199/2093/1893 2198/2092/1893 2203/2091/1893
f 2200/2094/1894 2215/2097/1894 2214/2096/1894 2201/2095/1894
f 2427/2098/1895 2217/2101/1895 2216/2100/1895 2428/2099/1895
f 2206/2102/1896 2208/2105/1896 2017/2104/1896 2207/2103/1896
f 2204/2106/1897 2221/2109/1897 2220/2108/1897 2205/2107/1897
f 2224/2110/1898 2223/2113/1898 2222/2112/1898 2225/2111/1898
f 2229/2114/1899 2200/2094/1899 2201/2095/1899 2230/2115/1899
f 2213/2089/1900 2226/2117/1900 2227/2116/1900 2212/2088/1900
f 2217/2101/1901 2229/2114/1901 2230/2115/1901 2216/2100/1901
f 2119/2118/1630 2424/2120/1630 2423/2075/1630 2118/2119/1630
f 2118/2119/1902 2423/2075/1902 2018/2076/1902 1994/2121/1902
f 2120/2122/1903 2426/2087/1903 2212/2088/1903 2151/2123/1903
f 1986/2124/1904 2013/2125/1904 2426/2087/1904 2120/2122/1904
f 1987/2126/1905 2428/2099/1905 2216/2100/1905 1996/2127/1905
f 2125/2128/1906 2015/2129/1906 2428/2099/1906 1987/2126/1906
f 2123/2130/1907 2230/2115/1907 2201/2095/1907 2124/2131/1907
f 2115/2132/1908 2231/2134/1908 2205/2107/1908 2116/2133/1908
f 2151/2123/1909 2212/2088/1909 2227/2116/1909 2121/2135/1909
f 2150/2136/1910 2218/2137/1910 2231/2134/1910 2115/2132/1910
f 2236/2138/1911 2238/2141/1911 2239/2140/1911 2237/2139/1911
f 2232/2142/1912 2263/2145/1912 2262/2144/1912 2233/2143/1912
f 2234/2146/1913 2232/2142/1913 2233/2143/1913 2235/2147/1913
f 2245/2148/1914 2242/2151/1914 2241/2150/1914 2246/2149/1914
f 2435/2152/1915 2265/2155/1915 2032/2154/1915 2437/2153/1915
f 2252/2156/1916 2249/2159/1916 2248/2158/1916 2253/2157/1916
f 2250/2160/1917 2267/2163/1917 2266/2162/1917 2251/2161/1917
f 2438/2164/1918 2034/2167/1918 2033/2166/1918 2439/2165/1918
f 2029/2168/1919 2268/2171/1919 2035/2170/1919 2440/2169/1919
f 2257/2172/1920 2259/2175/1920 2260/2174/1920 2258/2173/1920
f 2263/2145/1921 2433/2177/1921 2434/2176/1921 2262/2144/1921
f 2270/2178/1922 2441/2181/1922 2442/2180/1922 2269/2179/1922
f 2232/2142/1923 2131/2183/1923 2155/2182/1923 2263/2145/1923
f 2224/2110/1924 2235/2147/1924 2233/2143/1924 2223/2113/1924
f 2234/2146/1925 2129/2184/1925 2131/2183/1925 2232/2142/1925
f 2209/2077/1926 2261/2185/1926 2235/2147/1926 2224/2110/1926
f 2433/2177/1927 2132/2188/1927 2130/2187/1927 2431/2186/1927
f 2263/2145/1928 2155/2182/1928 2132/2188/1928 2433/2177/1928
f 2422/2074/1929 2432/2189/1929 2261/2185/1929 2209/2077/1929
f 2226/2117/1930 2240/2192/1930 2244/2191/1930 2228/2190/1930
f 2435/2152/1931 2133/2194/1931 2156/2193/1931 2265/2155/1931
f 2012/2086/1932 2437/2153/1932 2032/2154/1932 2213/2089/1932
f 2436/2195/1933 2135/2196/1933 2133/2194/1933 2435/2152/1933
f 2425/2197/1934 2024/2198/1934 2437/2153/1934 2012/2086/1934
f 2228/2190/1935 2244/2191/1935 2264/2200/1935 2210/2199/1935
f 2229/2114/1936 2247/2201/1936 2251/2161/1936 2200/2094/1936
f 2427/2098/1937 2439/2165/1937 2033/2166/1937 2217/2101/1937
f 2014/2202/1938 2027/2203/1938 2439/2165/1938 2427/2098/1938
f 2200/2094/1939 2251/2161/1939 2266/2162/1939 2215/2097/1939
f 2204/2106/1940 2254/2204/1940 2269/2179/1940 2221/2109/1940
f 2268/2171/1941 2153/2207/1941 2126/2206/1941 2255/2205/1941
f 2016/2208/1942 2442/2180/1942 2440/2169/1942 2429/2209/1942
f 2429/2209/1943 2440/2169/1943 2035/2170/1943 2219/2210/1943
f 2271/2211/1944 2273/2213/1944 2274/2212/1944
f 2282/2214/1945 2281/2217/1945 2285/2216/1945 2284/2215/1945
f 2279/2218/1946 2278/2219/1946 2281/2217/1946 2282/2214/1946
f 2285/2216/1947 2283/2222/1947 2275/2221/1947 2277/2220/1947
f 2149/2049/1948 2148/2034/1948 2107/2035/1948 2272/2223/1948 2273/2213/1948
f 2273/2213/1949 2271/2211/1949 2098/2224/1949 2141/2048/1949 2149/2049/1949
f 2110/2225/1950 2108/2226/1950 2275/2221/1950 2283/2222/1950
f 2308/2227/1951 1311/2230/1951 1379/2229/1951 2305/2228/1951
f 2307/2231/1952 2288/1865/1952 2286/2233/1952 2306/2232/1952
f 2305/2228/1953 1379/2229/1953 1383/2235/1953 2309/2234/1953
f 2306/2232/1954 2286/2233/1954 2293/2236/1954 2310/1804/1954
f 2309/2234/1955 1383/2235/1955 1385/1817/1955 2311/2237/1955
f 2329/2238/1956 2330/2241/1956 2325/2240/1956 2326/2239/1956
f 2316/2242/1957 2402/2245/1957 2291/2244/1957 2318/2243/1957
f 2293/2236/1958 2286/2233/1958 2294/2247/1958 2295/2246/1958
f 2319/2248/1959 2398/2251/1959 2401/2250/1959 2320/2249/1959
f 2299/2252/1960 2297/2255/1960 2302/2254/1960 2303/2253/1960
f 2393/2256/1961 2387/2259/1961 2300/2258/1961 2322/2257/1961
f 2387/2259/1962 2391/2260/1962 2299/2252/1962 2300/2258/1962
f 2391/2260/1963 2392/2261/1963 2297/2255/1963 2299/2252/1963
f 2389/2262/1964 2388/2265/1964 2385/2264/1964 2298/2263/1964
f 1387/2266/1965 2312/2268/1965 2315/2267/1965 1391/2018/1965
f 1384/2269/1966 2310/1804/1966 2312/2268/1966 1387/2266/1966
f 2397/2270/1967 2309/2234/1967 2311/2237/1967 2402/2245/1967
f 1381/2271/1968 2306/2232/1968 2310/1804/1968 1384/2269/1968
f 2398/2251/1969 2305/2228/1969 2309/2234/1969 2397/2270/1969
f 1382/2272/1970 2307/2231/1970 2306/2232/1970 1381/2271/1970
f 2287/1795/1971 2308/2227/1971 2305/2228/1971 2398/2251/1971
f 2402/2245/1972 2316/2242/1972 2321/2274/1972 2400/2273/1972
f 2286/2233/1973 2319/2248/1973 2320/2249/1973 2294/2247/1973
f 1408/2275/1974 2326/2239/1974 2325/2240/1974 1407/2276/1974
f 1399/2277/1975 2329/2280/1975 2326/2279/1975 1408/2278/1975
f 1389/1858/1976 2314/2281/1976 2329/2280/1976 1399/2277/1976
f 2367/2282/1977 2364/2285/1977 2354/2284/1977 2352/2283/1977
f 2314/2281/1978 2328/2287/1978 2331/2286/1978 2329/2280/1978
f 2324/2288/1979 2325/2291/1979 2341/2290/1979 2342/2289/1979
f 2338/2292/1980 2328/2287/1980 2317/2296/1980 2327/2295/1980 2323/2294/1980 2340/2293/1980
f 2325/2291/1981 2330/2298/1981 2339/2297/1981 2341/2290/1981
f 2323/2294/1982 2324/2288/1982 2342/2289/1982 2340/2293/1982
f 2407/2299/1983 2406/2302/1983 2345/2301/1983 2346/2300/1983
f 2331/2286/1984 2328/2287/1984 2338/2292/1984 2337/2303/1984
f 2366/2304/1985 2367/2282/1985 2352/2283/1985 2355/2305/1985
f 2333/2306/1986 2332/2309/1986 2347/2308/1986 2348/2307/1986
f 2355/2305/1987 2352/2283/1987 2358/2311/1987 2361/2310/1987
f 2365/2312/1988 2369/2315/1988 2356/2314/1988 2353/2313/1988
f 2361/2310/1989 2358/2311/1989 2357/2317/1989 2362/2316/1989
f 2364/2285/1990 2365/2312/1990 2353/2313/1990 2354/2284/1990
f 2353/2313/1991 2356/2314/1991 2363/2319/1991 2359/2318/1991
f 2375/2320/1992 2372/2322/1992 2366/2304/1992 2368/2321/1992
f 2372/2322/1993 2374/2323/1993 2367/2282/1993 2366/2304/1993
f 2347/2324/1994 2384/2326/1994 2348/2325/1994
f 2409/2327/1995 2410/2330/1995 2382/2329/1995 2381/2328/1995
f 2302/2254/1996 2189/2332/1996 2184/2331/1996 2303/2253/1996
f 2400/2273/1997 2321/2274/1997 2393/2256/1997 2395/2333/1997
f 2295/2246/1998 2294/2247/1998 2392/2261/1998 2391/2260/1998
f 2340/2293/1999 2342/2289/1999 2407/2299/1999 2405/2334/1999
f 2341/2290/2000 2339/2297/2000 2416/2335/2000 2406/2302/2000
f 2342/2289/2001 2341/2290/2001 2406/2302/2001 2407/2299/2001
f 2412/2336/2002 2419/2339/2002 2408/2338/2002 2420/2337/2002
f 2420/2340/2003 2408/2343/2003 2415/2342/2003 2411/2341/2003
f 2192/2081/2004 2422/2074/2004 2423/2075/2004 2193/2080/2004
f 2190/2078/2005 2011/2344/2005 2422/2074/2005 2192/2081/2005
f 2191/2079/2006 2424/2120/2006 2011/2344/2006 2190/2078/2006
f 2193/2080/2007 2423/2075/2007 2424/2120/2007 2191/2079/2007
f 2196/2082/2008 2425/2197/2008 2012/2086/2008 2195/2085/2008
f 2195/2085/2009 2012/2086/2009 2426/2087/2009 2194/2084/2009
f 2197/2083/2010 2013/2125/2010 2425/2197/2010 2196/2082/2010
f 2194/2084/2011 2426/2087/2011 2013/2125/2011 2197/2083/2011
f 2202/2090/2012 2014/2202/2012 2427/2098/2012 2199/2093/2012
f 2199/2093/2013 2427/2098/2013 2428/2099/2013 2198/2092/2013
f 2203/2091/2014 2015/2129/2014 2014/2202/2014 2202/2090/2014
f 2198/2092/2015 2428/2099/2015 2015/2129/2015 2203/2091/2015
f 2208/2105/2016 2429/2209/2016 2017/2104/2016
f 2206/2102/2017 2016/2208/2017 2429/2209/2017 2208/2105/2017
f 2207/2103/2018 2430/2345/2018 2016/2208/2018 2206/2102/2018
f 2017/2104/2019 2430/2345/2019 2207/2103/2019
f 2238/2141/2020 2431/2186/2020 2432/2189/2020 2239/2140/2020
f 2236/2138/2021 2433/2177/2021 2431/2186/2021 2238/2141/2021
f 2237/2139/2022 2434/2176/2022 2433/2177/2022 2236/2138/2022
f 2239/2140/2023 2432/2189/2023 2434/2176/2023 2237/2139/2023
f 2245/2148/2024 2436/2195/2024 2435/2152/2024 2242/2151/2024
f 2242/2151/2025 2435/2152/2025 2437/2153/2025 2241/2150/2025
f 2246/2149/2026 2024/2198/2026 2436/2195/2026 2245/2148/2026
f 2241/2150/2027 2437/2153/2027 2024/2198/2027 2246/2149/2027
f 2252/2156/2028 2026/2346/2028 2438/2164/2028 2249/2159/2028
f 2249/2159/2029 2438/2164/2029 2439/2165/2029 2248/2158/2029
f 2253/2157/2030 2027/2203/2030 2026/2346/2030 2252/2156/2030
f 2248/2158/2031 2439/2165/2031 2027/2203/2031 2253/2157/2031
f 2259/2175/2032 2029/2168/2032 2440/2169/2032 2260/2174/2032
f 2257/2172/2033 2441/2181/2033 2029/2168/2033 2259/2175/2033
f 2258/2173/2034 2442/2180/2034 2441/2181/2034 2257/2172/2034
f 2260/2174/2035 2440/2169/2035 2442/2180/2035 2258/2173/2035
f 2526/2347/2036 2518/2351/2036 2446/2350/2036 2515/2349/2036 2589/2348/2036
f 2459/2352/2037 2457/2355/2037 2444/2354/2037 2449/2353/2037
f 2460/2356/2038 1816/2359/2038 1837/2358/2038 2472/2357/2038
f 2469/2360/2039 1828/2363/2039 1804/2362/2039 2454/2361/2039
f 2530/2364/2040 2466/2367/2040 2447/2366/2040 2523/2365/2040
f 2475/2368/2041 2459/2352/2041 2449/2353/2041 2473/2369/2041
f 2477/2370/2042 2470/2373/2042 2450/2372/2042 2474/2371/2042
f 2470/2373/2043 2467/2375/2043 2448/2374/2043 2450/2372/2043
f 2557/2376/2044 2551/2379/2044 2451/2378/2044 2552/2377/2044
f 2528/2380/2045 2462/2383/2045 2288/2382/2045 2524/2381/2045
f 2465/2384/2046 2461/2387/2046 2287/2386/2046 2054/2385/2046
f 2463/2388/2047 1821/2391/2047 1311/2390/2047 2308/2389/2047
f 2527/2392/2048 2463/2388/2048 2308/2389/2048 2521/2393/2048
f 1822/2394/2049 2464/2397/2049 2307/2396/2049 1382/2395/2049
f 1859/2398/2050 1807/2403/2050 2514/2402/2050 2565/2401/2050 2590/2400/2050 2516/2399/2050
f 2532/2404/2051 2531/2406/2051 2472/2357/2051 2471/2405/2051
f 2533/2407/2052 2532/2404/2052 2471/2405/2052 2478/2408/2052
f 1829/2409/2053 2468/2412/2053 2455/2411/2053 1805/2410/2053
f 2529/2413/2054 2469/2360/2054 2454/2361/2054 2520/2414/2054
f 2525/2415/2055 2460/2356/2055 2472/2357/2055 2531/2406/2055
f 1807/2403/2056 1800/2417/2056 2452/2416/2056 2514/2402/2056
f 2520/2414/2057 2454/2361/2057 2460/2356/2057 2525/2415/2057
f 2462/2383/2058 2465/2384/2058 2054/2385/2058 2288/2382/2058
f 2541/2418/2059 2474/2371/2059 2450/2372/2059 2459/2352/2059 2475/2368/2059
f 2454/2361/2060 1804/2362/2060 1816/2359/2060 2460/2356/2060
f 2450/2372/2061 2448/2374/2061 2457/2355/2061 2459/2352/2061
f 2447/2366/2062 2458/2419/2062 2465/2384/2062 2462/2383/2062
f 1805/2410/2063 2455/2411/2063 2464/2397/2063 1822/2394/2063
f 2519/2420/2064 2453/2421/2064 2463/2388/2064 2527/2392/2064
f 2453/2421/2065 1836/2422/2065 1821/2391/2065 2463/2388/2065
f 2458/2419/2066 2443/2423/2066 2461/2387/2066 2465/2384/2066
f 2523/2365/2067 2447/2366/2067 2462/2383/2067 2528/2380/2067
f 2518/2351/2068 2452/2416/2068 2469/2360/2068 2529/2413/2068
f 1855/2424/2069 2580/2426/2069 2485/2425/2069 2468/2412/2069 1829/2409/2069
f 2515/2349/2070 2446/2350/2070 2467/2375/2070 2470/2373/2070
f 2517/2427/2071 2515/2349/2071 2470/2373/2071 2477/2370/2071
f 2522/2428/2072 2486/2429/2072 2466/2367/2072 2530/2364/2072
f 2452/2416/2073 1800/2417/2073 1828/2363/2073 2469/2360/2073
f 2478/2408/2074 2471/2405/2074 1833/2431/2074 1845/2430/2074
f 2471/2405/2075 2472/2357/2075 1837/2358/2075 1833/2431/2075
f 2484/2432/2076 2478/2408/2076 1845/2430/2076 1853/2433/2076
f 2487/2434/2077 2517/2427/2077 2477/2370/2077 2483/2435/2077
f 2536/2436/2078 2533/2407/2078 2478/2408/2078 2484/2432/2078
f 2535/2437/2079 2534/2439/2079 2593/2438/2079 2517/2427/2079 2487/2434/2079
f 2483/2435/2080 2477/2370/2080 2474/2371/2080 2480/2440/2080
f 2482/2441/2081 2475/2368/2081 2473/2369/2081 2479/2442/2081
f 2458/2443/2082 2482/2441/2082 2479/2442/2082 2443/2444/2082
f 2466/2445/2083 2483/2435/2083 2480/2440/2083 2447/2446/2083
f 2519/2447/2084 2536/2436/2084 2484/2432/2084 2453/2448/2084
f 2480/2440/2085 2542/2449/2085 2482/2441/2085 2458/2443/2085 2447/2446/2085
f 2486/2450/2086 2487/2434/2086 2483/2435/2086 2466/2445/2086
f 2453/2448/2087 2484/2432/2087 1853/2433/2087 1836/2451/2087
f 2579/2452/2088 2580/2455/2088 1855/2454/2088 1891/2453/2088
f 2538/2456/2089 2522/2459/2089 2485/2458/2089 2512/2457/2089
f 2513/2460/2090 2487/2434/2090 2486/2450/2090 2445/2461/2090
f 2537/2462/2091 2535/2437/2091 2487/2434/2091 2513/2460/2091
f 2578/2463/2092 2490/2466/2092 2489/2465/2092 2511/2464/2092
f 1840/2467/2093 1859/2398/2093 2516/2399/2093 2492/2468/2093
f 2501/2469/2094 2510/2471/2094 2507/2470/2094 2492/2468/2094 2516/2399/2094 2489/2465/2094
f 1848/2472/2095 1879/2474/2095 2503/2473/2095 2490/2466/2095
f 2507/2470/2096 2510/2471/2096 2509/2475/2096 2506/2475/2096
f 2493/2476/2097 1873/2479/2097 2498/2478/2097 2496/2477/2097
f 2495/2480/2098 2500/2483/2098 2499/2482/2098 2497/2481/2098
f 2496/2477/2099 2498/2478/2099 2500/2483/2099 2495/2480/2099
f 2497/2481/2100 2499/2482/2100 2501/2469/2100 2481/2484/2100
f 2491/2485/2101 1879/2474/2101 1878/2487/2101 2502/2486/2101
f 2502/2486/2102 1878/2487/2102 1873/2479/2102 2493/2476/2102
f 1879/2474/2103 2491/2485/2103 2503/2473/2103
f 2503/2473/2104 2481/2475/2104 2490/2466/2104
f 2500/2475/2105 2498/2475/2105 1873/2475/2105 1882/2475/2105
f 2509/2475/2106 2508/2489/2106 2505/2488/2106 2506/2475/2106
f 2504/2490/2107 2506/2475/2107 2505/2488/2107 2494/2491/2107
f 2492/2468/2108 2507/2470/2108 2506/2475/2108 2504/2490/2108
f 2508/2489/2109 2509/2475/2109 2499/2482/2109 2500/2483/2109
f 2510/2471/2110 2501/2469/2110 2499/2482/2110 2509/2475/2110
f 1880/2475/2111 1866/2467/2111 2494/2491/2111 2505/2475/2111
f 1869/2475/2112 1880/2475/2112 2505/2488/2112 2508/2489/2112
f 2508/2489/2113 2500/2475/2113 1882/2475/2113 1869/2475/2113
f 2504/2490/2114 1890/2475/2114 1840/2467/2114 2492/2468/2114
f 1866/2467/2115 1890/2475/2115 2504/2490/2115 2494/2491/2115
f 2501/2469/2116 2489/2465/2116 2490/2466/2116 2481/2484/2116
f 2589/2348/2117 2588/2493/2117 2571/2492/2117 2526/2347/2117
f 2558/2494/2118 2562/2497/2118 2572/2496/2118 2488/2495/2118
f 2552/2377/2119 2451/2378/2119 2515/2349/2119 2517/2427/2119 2476/2498/2119
f 2559/2499/2120 2591/2500/2120 2516/2399/2120 2488/2495/2120
f 2555/2501/2121 2593/2438/2121 2534/2439/2121 2540/2502/2121
f 2560/2503/2122 2574/2503/2122 2575/2505/2122 2539/2504/2122
f 2511/2464/2123 2489/2465/2123 2535/2437/2123 2537/2462/2123
f 2445/2461/2124 2486/2450/2124 2522/2459/2124 2538/2456/2124
f 2443/2444/2125 2479/2442/2125 2536/2436/2125 2519/2447/2125
f 2489/2465/2126 2516/2399/2126 2591/2500/2126 2592/2506/2126 2534/2439/2126 2535/2437/2126
f 2479/2442/2127 2473/2369/2127 2533/2407/2127 2536/2436/2127
f 2485/2425/2128 2522/2428/2128 2530/2364/2128 2468/2412/2128
f 2446/2350/2129 2518/2351/2129 2529/2413/2129 2467/2375/2129
f 2455/2411/2130 2523/2365/2130 2528/2380/2130 2464/2397/2130
f 2443/2423/2131 2519/2420/2131 2527/2392/2131 2461/2387/2131
f 2448/2374/2132 2520/2414/2132 2525/2415/2132 2457/2355/2132
f 2457/2355/2133 2525/2415/2133 2531/2406/2133 2444/2354/2133
f 2467/2375/2134 2529/2413/2134 2520/2414/2134 2448/2374/2134
f 2473/2369/2135 2449/2353/2135 2532/2404/2135 2533/2407/2135
f 2449/2353/2136 2444/2354/2136 2531/2406/2136 2532/2404/2136
f 2461/2387/2137 2527/2392/2137 2521/2393/2137 2287/2386/2137
f 2464/2397/2138 2528/2380/2138 2524/2381/2138 2307/2396/2138
f 2573/2507/2139 2560/2503/2139 2539/2504/2139 2561/2508/2139
f 2468/2412/2140 2530/2364/2140 2523/2365/2140 2455/2411/2140
f 2514/2402/2141 2452/2416/2141 2518/2351/2141 2526/2347/2141 2587/2511/2141 2586/2510/2141 2585/2509/2141
f 2482/2441/2142 2542/2449/2142 2541/2418/2142 2475/2368/2142
f 2480/2440/2143 2549/2513/2143 2550/2512/2143 2542/2449/2143
s 1
f 2544/2514/2144 2543/2517/2144 2546/2516/2144 2545/2515/2144
s 0
f 2542/2449/2145 2550/2512/2145 2547/2518/2145 2541/2418/2145
f 2541/2418/2146 2547/2518/2146 2548/2519/2146 2474/2371/2146
f 2474/2371/2147 2548/2519/2147 2549/2513/2147 2480/2440/2147
f 2544/2514/2148 2548/2519/2148 2547/2518/2148 2543/2517/2148
f 2545/2515/2149 2549/2513/2149 2548/2519/2149 2544/2514/2149
f 2546/2516/2150 2550/2512/2150 2549/2513/2150 2545/2515/2150
f 2543/2517/2151 2547/2518/2151 2550/2512/2151 2546/2516/2151
f 2572/2496/2152 2564/2522/2152 2554/2521/2152 2566/2520/2152
f 2555/2501/2153 2557/2376/2153 2552/2377/2153 2476/2498/2153
f 2562/2497/2154 2456/2523/2154 2564/2522/2154 2572/2496/2154
f 2566/2520/2155 2554/2521/2155 2560/2503/2155 2573/2507/2155
f 2590/2400/2156 2558/2494/2156 2488/2495/2156 2516/2399/2156
f 2588/2493/2157 2570/2525/2157 2568/2378/2157 2569/2524/2157
f 2584/2526/2158 2583/2528/2158 2577/2475/2158 2581/2527/2158
f 2514/2402/2159 2567/2530/2159 2556/2529/2159 2456/2523/2159
f 2554/2521/2160 2577/2521/2160 2574/2503/2160 2560/2503/2160
f 2539/2504/2161 2575/2505/2161 2569/2524/2161 2551/2379/2161
f 2451/2378/2162 2568/2378/2162 2570/2525/2162 2515/2349/2162
f 2456/2523/2163 2556/2529/2163 2576/2531/2163 2564/2522/2163
f 2564/2522/2164 2576/2531/2164 2577/2521/2164 2554/2521/2164
f 2585/2509/2165 2582/2532/2165 2567/2530/2165 2514/2402/2165
f 2551/2379/2166 2569/2524/2166 2568/2378/2166 2451/2378/2166
f 2578/2463/2167 2606/2551/2167 2607/2552/2167 2603/2553/2167 2598/2534/2167 1858/2533/2167
f 2537/2462/2168 2538/2456/2168 2512/2457/2168 2625/2554/2168 2624/2555/2168 2627/2556/2168 2626/2557/2168 2613/2558/2168 2611/2559/2168 2511/2464/2168
f 2445/2461/2169 2538/2456/2169 2537/2462/2169 2513/2460/2169
f 2490/2466/2170 2578/2463/2170 1858/2533/2170 1848/2472/2170
f 2511/2464/2171 2611/2559/2171 2610/2560/2171 2604/2561/2171 2605/2562/2171 2606/2551/2171 2578/2463/2171
f 2512/2457/2172 2485/2458/2172 2580/2455/2172 2579/2452/2172
f 2571/2492/2173 2575/2505/2173 2583/2528/2173 2584/2526/2173
f 2581/2527/2165 2582/2532/2165 2585/2509/2165 2586/2510/2165
f 2567/2530/2174 2582/2532/2174 2576/2531/2174 2556/2529/2174
f 2577/2475/2175 2576/2531/2175 2582/2532/2175 2581/2527/2175
f 2587/2511/2176 2584/2526/2176 2581/2527/2176 2586/2510/2176
f 2526/2347/2165 2571/2492/2165 2584/2526/2165 2587/2511/2165
f 2571/2492/2177 2588/2493/2177 2569/2524/2177 2575/2505/2177
f 2515/2349/2178 2570/2525/2178 2588/2493/2178 2589/2348/2178
f 2488/2495/2179 2572/2496/2179 2566/2520/2179 2559/2499/2179
f 2559/2499/2180 2566/2520/2180 2573/2507/2180 2553/2548/2180
f 2553/2548/2181 2573/2507/2181 2561/2508/2181 2563/2549/2181
f 2590/2400/2182 2565/2401/2182 2562/2497/2182 2558/2494/2182
f 2562/2497/2183 2565/2401/2183 2514/2402/2183 2456/2523/2183
f 2553/2548/2184 2592/2506/2184 2591/2500/2184 2559/2499/2184
f 2534/2439/2185 2592/2506/2185 2553/2548/2185 2563/2549/2185
f 2540/2502/2186 2534/2439/2186 2563/2549/2186
f 2476/2498/2187 2517/2427/2187 2593/2438/2187 2555/2501/2187
f 2563/2549/2188 2561/2508/2188 2594/2550/2188 2540/2502/2188
f 2557/2376/2189 2594/2550/2189 2561/2508/2189 2539/2504/2189 2551/2379/2189
f 2540/2502/2190 2594/2550/2190 2557/2376/2190 2555/2501/2190
f 2624/1409/879 1269/1408/879 1185/1407/879 2627/1420/879
f 2619/1399/881 1267/1398/881 1260/1397/881 2614/1503/881 2620/2563/881
f 2617/2564/2191 2616/2565/2191 2621/2566/2191 2623/2567/2191 2579/2452/2191 1891/2453/2191
f 2616/1405/2192 1186/1403/2192 1270/1414/2192 2621/2568/2192
f 2623/2567/2193 2622/2569/2193 2625/2554/2193 2512/2457/2193 2579/2452/2193
f 2608/1455/2194 1265/1430/2194 1308/1522/2194 2612/1521/2194
f 2607/1438/2195 1201/1438/2195 1278/1436/2195 2603/2570/2195
f 2601/2571/875 1279/1440/875 1264/1434/875 2600/1435/875
f 2597/2572/2196 1200/1425/2196 1276/1423/2196 2596/1422/2196
f 2620/2544/2197 2614/2573/2197 1960/2452/2197 1893/2457/2197
f 2600/1435/2198 1264/1434/2198 1277/1431/2198 2599/2574/2198
f 2614/2573/2199 2615/2575/2199 2617/2564/2199 1891/2453/2199 1960/2452/2199
f 2621/2568/2200 1270/1414/2200 1259/1413/2200 2622/1413/2200 2623/2576/2200
f 2599/2574/2201 1277/1431/2201 1265/1430/2201 2608/1455/2201 2609/2577/2201
f 2605/1445/850 1280/1445/850 1201/1444/850 2607/1444/850 2606/2578/850
f 2618/1402/882 1261/1401/882 1267/1398/882 2619/1399/882
f 2603/2570/2202 1278/1436/2202 1200/1425/2202 2597/2572/2202 2598/2579/2202
f 2626/1418/2203 1275/1418/2203 1266/1428/2203 2613/1428/2203
f 2614/1397/2204 1260/1406/2204 1268/1404/2204 2615/2580/2204
f 2627/1420/2205 1185/1407/2205 1275/1418/2205 2626/1418/2205
f 2610/2581/2206 1309/1527/2206 1262/1447/2206 2604/1448/2206
f 2622/1411/880 1259/1411/880 1269/1408/880 2624/1409/880 2625/2582/880
f 2596/1422/2207 1276/1423/2207 1263/1424/2207 2595/1421/2207
f 2604/1448/851 1262/1447/851 1280/1445/851 2605/1445/851
f 2613/1428/2208 1266/1428/2208 1309/1527/2208 2610/2581/2208 2611/2583/2208
f 2595/1442/876 1263/1442/876 1279/1440/876 2601/2571/876 2602/2584/876
f 2615/2580/2209 1268/1404/2209 1186/1403/2209 2616/1405/2209 2617/2585/2209
f 2612/1521/2210 1308/1522/2210 1261/1401/2210 2618/1402/2210
o Skull
v -0.167838 1.266973 0.049029
v 0.042809 1.295082 0.039745
v -0.201387 1.234792 0.061744
v 0.066395 1.263397 0.057213
v -0.197089 1.136719 0.049079
v -0.063697 1.320520 0.036347
v 0.098420 1.164716 0.046854
v -0.030803 0.999089 -0.014737
v 0.018521 1.011515 -0.007335
v -0.217900 1.212149 0.066088
v 0.000942 1.316167 0.037797
v 0.077909 1.108861 0.032711
v -0.105415 1.003221 0.008898
v -0.172016 1.087051 0.032344
v -0.128858 1.296201 0.044536
v 0.081258 1.231204 0.066663
v 0.042606 1.022972 0.004413
v -0.038787 1.078757 0.010998
v -0.053398 1.229664 0.044017
v -0.136973 1.142158 0.042075
v 0.026174 1.157325 0.041981
v 0.020152 1.232248 0.056340
v -0.138826 1.211974 0.059955
v -0.115912 1.047996 0.021771
v 0.045147 1.069594 0.018144
v 0.081515 1.188731 0.056537
v -0.049917 1.194622 0.038278
v -0.223652 1.178146 0.049643
v -0.058442 1.273961 0.039978
v 0.008706 1.273109 0.043692
v -0.133560 1.250292 0.049022
v -0.181357 1.251765 0.055833
v 0.005077 1.295329 0.039146
v 0.059892 1.280102 0.046138
v -0.061048 1.297030 0.038107
v -0.129298 1.275869 0.045467
v -0.210866 1.223397 0.064548
v 0.075281 1.246848 0.062622
v -0.055800 1.251485 0.042438
v 0.014337 1.251308 0.049457
v -0.135990 1.229868 0.053855
v -0.220045 1.194810 0.057278
v 0.080441 1.209780 0.061050
v -0.051555 1.211699 0.042348
v 0.089133 1.178194 0.054078
v -0.048472 1.179586 0.034737
v -0.230931 1.171116 0.045900
v -0.120856 1.298395 0.044194
v -0.092397 0.980219 -0.007144
v -0.127667 1.146683 0.041361
v -0.131233 1.208173 0.059722
v -0.102067 1.058756 0.019251
v -0.094659 1.181116 0.045815
v -0.124783 1.251500 0.048900
v -0.120881 1.277732 0.045123
v -0.126921 1.230528 0.051897
v -0.119852 1.193961 0.054163
v -0.115141 1.161149 0.043197
v 0.035181 1.010420 -0.005033
v 0.015457 1.161122 0.041881
v -0.007720 1.317084 0.038170
v 0.012415 1.227277 0.057006
v 0.029241 1.077598 0.017152
v -0.008536 1.191358 0.043312
v -0.000964 1.273385 0.044318
v -0.003954 1.295836 0.039559
v 0.004306 1.251002 0.048272
v 0.001604 1.210783 0.053151
v 0.000112 1.175180 0.044152
v -0.149186 1.141587 0.044420
v -0.135450 1.292238 0.044911
v -0.148924 1.212415 0.061810
v -0.125363 1.066888 0.026658
v -0.143612 1.247959 0.049799
v -0.137877 1.272382 0.045898
v -0.146417 1.228838 0.056219
v 0.008468 1.313197 0.037633
v 0.039623 1.158085 0.043264
v 0.031146 1.233860 0.057267
v 0.051063 1.090286 0.022958
v 0.019948 1.271756 0.043672
v 0.014570 1.293176 0.038843
v 0.025914 1.251365 0.050949
v 0.023052 1.306952 0.037366
v 0.056386 1.165657 0.046249
v 0.048255 1.229535 0.061107
v 0.062242 1.097618 0.028623
v 0.052893 1.193743 0.051889
v 0.041006 1.268483 0.047421
v 0.032578 1.288104 0.038439
v 0.047530 1.249844 0.054282
v 0.053008 1.213402 0.056774
v 0.056408 1.180096 0.049273
v -0.165050 1.147000 0.049079
v -0.163768 1.206884 0.066653
v -0.156384 1.078300 0.026849
v -0.164609 1.173298 0.055938
v -0.162156 1.243009 0.054921
v -0.153982 1.264834 0.046845
v -0.165680 1.225434 0.061076
v -0.166572 1.191483 0.061856
v -0.166465 1.160347 0.052868
v -0.148142 1.284098 0.045667
v -0.181781 1.103076 0.038078
v -0.190217 1.120039 0.044133
v 0.093242 1.146140 0.042665
v 0.086334 1.127094 0.037470
v -0.024438 1.318248 0.035339
v -0.041976 1.111960 0.018813
v -0.115878 1.111521 0.031385
v -0.115970 1.085930 0.027052
v 0.033340 1.132883 0.030133
v 0.038127 1.107411 0.024831
v -0.106090 1.121968 0.038085
v -0.105321 1.097071 0.032661
v 0.020056 1.135440 0.032334
v 0.024067 1.110889 0.026762
v -0.127789 1.112333 0.034584
v -0.126806 1.089679 0.030474
v 0.045109 1.136039 0.032387
v 0.048282 1.113280 0.027506
v 0.063395 1.141158 0.038715
v 0.062945 1.119416 0.033474
v -0.162241 1.118649 0.037786
v -0.159445 1.098477 0.032140
v -0.002912 1.005986 -0.012259
v -0.025748 1.159023 0.031964
v -0.031845 1.231289 0.044321
v -0.014741 1.079415 0.014031
v -0.037220 1.193760 0.039272
v -0.038479 1.274378 0.039441
v -0.041573 1.296684 0.037587
v -0.035431 1.251961 0.043550
v -0.034099 1.212250 0.044207
v -0.034397 1.176256 0.035272
v -0.044719 1.319578 0.035859
v -0.021819 1.136004 0.027144
v -0.023060 1.115960 0.022021
v -0.081994 1.315578 0.037627
v -0.054857 0.980989 -0.016612
v -0.066508 1.154670 0.033822
v -0.074692 1.226714 0.046275
v -0.062059 1.074361 0.016188
v -0.062005 1.191113 0.040402
v -0.077991 1.270146 0.041279
v -0.079965 1.292569 0.039393
v -0.080026 1.244190 0.045114
v -0.068495 1.208577 0.045775
v -0.061423 1.173370 0.036504
v -0.065915 1.131295 0.029155
v -0.060944 1.111914 0.023748
v -0.005002 1.159098 0.034205
v -0.010234 1.231190 0.049210
v 0.007719 1.079771 0.016977
v -0.023087 1.192734 0.040533
v -0.017504 1.274580 0.038861
v -0.021025 1.296268 0.037052
v -0.013828 1.252445 0.042749
v -0.016105 1.211947 0.047725
v -0.016064 1.177629 0.037573
v -0.000090 1.135969 0.029901
v 0.003192 1.111947 0.024367
v -0.076389 0.983424 -0.010803
v -0.086516 1.150393 0.037921
v -0.099831 1.219791 0.052424
v -0.083731 1.070005 0.021145
v -0.075432 1.187144 0.042919
v -0.098488 1.265893 0.042626
v -0.099906 1.287800 0.040756
v -0.100800 1.240762 0.046195
v -0.090836 1.202329 0.050006
v -0.079351 1.170870 0.040458
v -0.086810 1.126707 0.033854
v -0.085440 1.102481 0.028408
v -0.101488 1.309982 0.038995
v -0.167354 1.269125 0.058686
v 0.042678 1.297119 0.049479
v -0.201222 1.237410 0.071164
v 0.066178 1.266455 0.066626
v -0.196450 1.135673 0.056791
v -0.063321 1.321388 0.046316
v 0.097525 1.162712 0.056273
v -0.030101 0.996736 -0.005203
v 0.017074 1.009275 0.002239
v -0.218579 1.212545 0.075467
v 0.001454 1.316958 0.047720
v 0.076960 1.106786 0.042368
v -0.102114 1.001382 0.017976
v -0.170255 1.085683 0.041574
v -0.128731 1.297068 0.054405
v 0.081567 1.231336 0.076508
v 0.040654 1.020303 0.013830
v -0.038080 1.076262 0.020656
v -0.052976 1.229975 0.054004
v -0.135528 1.140543 0.051362
v 0.025417 1.155213 0.051644
v 0.018962 1.235343 0.065719
v -0.137568 1.215179 0.069229
v -0.112889 1.046367 0.030980
v 0.043437 1.067187 0.027679
v 0.081951 1.186660 0.066138
v -0.049236 1.192397 0.048004
v -0.224729 1.176806 0.058439
v -0.058072 1.274801 0.049934
v 0.008841 1.274736 0.053496
v -0.133321 1.252032 0.058731
v -0.180241 1.254685 0.065240
v 0.005538 1.296127 0.049064
v 0.058959 1.282900 0.055638
v -0.060678 1.297903 0.048066
v -0.129129 1.276750 0.055327
v -0.210798 1.225930 0.073990
v 0.075162 1.249776 0.072077
v -0.055438 1.252349 0.052394
v 0.013569 1.254139 0.058957
v -0.135080 1.232792 0.063265
v -0.221238 1.193351 0.066007
v 0.080997 1.207532 0.070605
v -0.050968 1.210431 0.052250
v 0.089521 1.176196 0.063697
v -0.047792 1.177361 0.044463
v -0.231962 1.169824 0.054722
v -0.120730 1.299270 0.054062
v -0.089511 0.979628 0.001779
v -0.126268 1.145022 0.050644
v -0.129902 1.210226 0.069250
v -0.100476 1.062162 0.035011
v -0.092590 1.179143 0.055247
v -0.124670 1.252839 0.058652
v -0.120756 1.278597 0.054985
v -0.126121 1.233022 0.061426
v -0.118344 1.193116 0.063613
v -0.113826 1.159294 0.052440
v 0.033535 1.008200 0.004513
v 0.014756 1.158967 0.051538
v -0.007209 1.317881 0.048093
v 0.011315 1.229119 0.066711
v 0.027744 1.075245 0.026736
v -0.009439 1.188985 0.052960
v -0.000638 1.274595 0.054176
v -0.003444 1.296625 0.049476
v 0.003722 1.253381 0.057906
v 0.000687 1.209489 0.062945
v -0.000476 1.172826 0.053770
v -0.147719 1.139985 0.053705
v -0.135323 1.293109 0.054779
v -0.147665 1.215619 0.071083
v -0.122843 1.065554 0.036058
v -0.142991 1.250302 0.059383
v -0.137543 1.273484 0.055737
v -0.145293 1.231991 0.065529
v 0.008979 1.313990 0.047555
v 0.038839 1.155985 0.052927
v 0.029956 1.236954 0.066647
v 0.049802 1.088274 0.032653
v 0.019580 1.273991 0.053353
v 0.014819 1.294176 0.048750
v 0.024878 1.254421 0.060354
v 0.023381 1.308024 0.047269
v 0.055608 1.163622 0.055927
v 0.047325 1.230722 0.070927
v 0.061292 1.095519 0.038275
v 0.052191 1.191630 0.061556
v 0.039985 1.271348 0.056890
v 0.032165 1.290048 0.048201
v 0.046383 1.252875 0.063682
v 0.052414 1.211125 0.066411
v 0.055640 1.178082 0.058956
v -0.163594 1.145458 0.058383
v -0.162514 1.208322 0.076269
v -0.154619 1.076910 0.036073
v -0.163215 1.171677 0.065233
v -0.161022 1.245988 0.064283
v -0.153189 1.266929 0.056520
v -0.164453 1.228574 0.070371
v -0.165259 1.189700 0.071120
v -0.165021 1.158824 0.062180
v -0.147893 1.285260 0.055512
v -0.180068 1.101557 0.047283
v -0.188512 1.118691 0.053379
v 0.092351 1.144094 0.052334
v 0.085455 1.124864 0.047100
v -0.024167 1.319145 0.045304
v -0.041295 1.109735 0.028539
v -0.113342 1.110081 0.040765
v -0.113397 1.084511 0.036426
v 0.032084 1.130762 0.039806
v 0.036830 1.105303 0.034501
v -0.103551 1.120140 0.047583
v -0.102706 1.095151 0.042120
v 0.018824 1.133209 0.042004
v 0.022776 1.108552 0.036399
v -0.125246 1.110918 0.043966
v -0.124257 1.088221 0.039847
v 0.043840 1.133941 0.042063
v 0.047015 1.111138 0.037173
v 0.062510 1.139048 0.048371
v 0.062044 1.117227 0.043111
v -0.160536 1.117242 0.047019
v -0.157716 1.096998 0.041351
v -0.004326 1.003677 -0.002697
v -0.026826 1.156749 0.041642
v -0.032515 1.231894 0.054281
v -0.016029 1.076773 0.023589
v -0.038254 1.191386 0.048931
v -0.038211 1.275227 0.049399
v -0.041304 1.297571 0.047548
v -0.035341 1.253055 0.053471
v -0.035073 1.210897 0.054067
v -0.035432 1.173882 0.044931
v -0.044444 1.320444 0.045828
v -0.023002 1.133744 0.036814
v -0.024286 1.113574 0.031654
v -0.081520 1.316466 0.047589
v -0.052184 0.980284 -0.007645
v -0.064109 1.152767 0.043341
v -0.073271 1.227541 0.056139
v -0.059388 1.072143 0.025566
v -0.059629 1.189103 0.049905
v -0.077525 1.271014 0.051229
v -0.079498 1.293476 0.049345
v -0.079515 1.245375 0.054981
v -0.066375 1.207554 0.055494
v -0.059047 1.171360 0.046008
v -0.063418 1.129428 0.038656
v -0.058381 1.109932 0.033208
v -0.006139 1.156874 0.043888
v -0.011402 1.232275 0.059063
v 0.006392 1.077182 0.026544
v -0.024121 1.190360 0.050192
v -0.017387 1.275522 0.048807
v -0.020758 1.297158 0.047010
v -0.014257 1.254154 0.052573
v -0.017221 1.210560 0.057542
v -0.017112 1.175259 0.047231
v -0.001299 1.133726 0.039571
v 0.001946 1.109571 0.034001
v -0.073693 0.982790 -0.001835
v -0.084070 1.148552 0.047440
v -0.098123 1.221192 0.062115
v -0.081032 1.067845 0.030529
v -0.073056 1.185134 0.052423
v -0.097896 1.266883 0.052554
v -0.099440 1.288711 0.050709
v -0.099913 1.242630 0.055936
v -0.088729 1.201345 0.059610
v -0.076963 1.168868 0.049960
v -0.084291 1.124863 0.043355
v -0.082860 1.100514 0.037867
v -0.101019 1.310901 0.048954
vn -0.0192 -0.1437 -0.9894
vn -0.2066 0.2972 -0.9322
vn 0.1226 0.2385 -0.9634
vn 0.0810 0.3670 -0.9267
vn 0.1185 -0.3062 -0.9446
vn 0.2110 -0.2465 -0.9459
vn -0.1846 -0.2910 -0.9387
vn -0.0881 -0.0865 -0.9923
vn -0.0482 -0.0870 -0.9950
vn -0.2395 0.1381 -0.9610
vn -0.2481 0.1987 -0.9481
vn 0.3426 0.2921 -0.8929
vn 0.0587 0.2326 -0.9708
vn 0.0991 0.2109 -0.9725
vn 0.1869 0.2252 -0.9562
vn -0.2290 0.2062 -0.9513
vn 0.1931 -0.4122 -0.8904
vn -0.0631 -0.2125 -0.9751
vn -0.0502 -0.0742 -0.9960
vn 0.1776 -0.0768 -0.9811
vn -0.0483 -0.0804 -0.9956
vn -0.0307 -0.0455 -0.9985
vn -0.0571 -0.1294 -0.9900
vn -0.1047 -0.2593 -0.9601
vn 0.2891 -0.1999 -0.9362
vn 0.0280 -0.2082 -0.9777
vn -0.1510 0.0257 -0.9882
vn 0.1631 0.2685 -0.9494
vn 0.1769 0.2795 -0.9437
vn -0.2266 0.2022 -0.9528
vn -0.0959 -0.1748 -0.9799
vn -0.0306 -0.0450 -0.9985
vn -0.0868 0.2336 -0.9684
vn -0.0019 -0.1398 -0.9902
vn -0.1787 -0.2932 -0.9392
vn -0.4990 0.1878 -0.8460
vn 0.3090 0.2176 -0.9258
vn 0.3110 -0.0031 -0.9504
vn 0.2926 -0.1086 -0.9501
vn 0.1538 -0.0453 -0.9871
vn 0.2241 -0.1110 -0.9682
vn 0.2573 0.2920 -0.9212
vn 0.0782 0.2614 -0.9620
vn 0.0894 0.3333 -0.9386
vn 0.2720 -0.2437 -0.9309
vn 0.3338 0.4168 -0.8455
vn -0.1838 -0.2901 -0.9392
vn -0.0327 -0.0483 -0.9983
vn 0.0385 0.2110 -0.9767
vn -0.1888 -0.2958 -0.9364
vn -0.0890 -0.2245 -0.9704
vn 0.0457 -0.2835 -0.9579
vn -0.0499 -0.0749 -0.9959
vn -0.0524 -0.2201 -0.9741
vn 0.1233 0.1995 -0.9721
vn 0.1237 -0.3037 -0.9447
vn 0.1228 -0.3030 -0.9450
vn -0.0474 -0.0776 -0.9959
vn 0.0141 -0.3147 -0.9491
vn 0.3088 0.2090 -0.9279
vn 0.1282 -0.3075 -0.9429
vn -0.1528 -0.2350 -0.9599
vn 0.0722 0.0660 -0.9952
vn -0.0359 -0.2263 -0.9734
vn -0.2113 0.2155 -0.9534
vn 0.1154 0.3553 -0.9276
vn -0.1737 -0.1285 -0.9764
vn -0.0859 -0.2590 -0.9621
vn 0.0740 0.3732 -0.9248
vn 0.1359 0.2635 -0.9550
vn -0.1450 0.3079 -0.9403
vn -0.2036 0.2377 -0.9498
vn 0.1022 0.3895 -0.9153
vn 0.2706 0.2292 -0.9350
vn 0.0550 0.4505 -0.8911
vn 0.1248 0.2247 -0.9664
vn -0.0742 0.3158 -0.9459
vn -0.0211 0.2203 -0.9752
vn 0.2194 0.3056 -0.9265
vn 0.1226 0.2387 -0.9633
vn 0.0687 0.2935 -0.9535
vn 0.3593 0.1817 -0.9154
vn 0.0462 0.2642 -0.9634
vn 0.0895 0.2317 -0.9687
vn 0.0249 0.3974 -0.9173
vn -0.1047 0.1936 -0.9755
vn 0.1195 0.3508 -0.9288
vn 0.0944 -0.1535 -0.9836
vn -0.2189 0.1738 -0.9602
vn -0.2455 0.1627 -0.9556
vn 0.1034 0.2373 -0.9659
vn 0.1140 0.2136 -0.9702
vn 0.0362 -0.0501 -0.9981
vn 0.0525 0.3274 -0.9434
vn 0.1144 0.2375 -0.9646
vn 0.0939 0.2407 -0.9661
vn -0.0265 -0.0851 -0.9960
vn -0.0287 -0.0785 -0.9965
vn 0.0173 -0.1426 -0.9896
vn 0.0526 0.0475 -0.9975
vn 0.0922 0.2362 -0.9673
vn -0.2563 0.1982 -0.9461
vn -0.2432 0.1755 -0.9540
vn -0.2376 0.2010 -0.9504
vn -0.2110 -0.0099 -0.9774
vn -0.0320 -0.1407 -0.9895
vn -0.0475 -0.0815 -0.9955
vn -0.2373 0.2034 -0.9499
vn -0.2562 0.1981 -0.9461
vn -0.0471 -0.0879 -0.9950
vn -0.1071 -0.2046 -0.9730
vn -0.2376 0.2009 -0.9504
vn -0.2428 0.3110 -0.9189
vn 0.1526 0.2653 -0.9520
vn -0.0272 -0.0870 -0.9958
vn -0.0292 -0.0807 -0.9963
vn -0.0290 -0.1808 -0.9831
vn 0.2076 -0.0032 -0.9782
vn 0.1034 0.2374 -0.9659
vn -0.1790 0.3113 -0.9333
vn -0.1107 0.1846 -0.9766
vn -0.1004 -0.3000 -0.9486
vn -0.1656 -0.1064 -0.9804
vn -0.1740 0.2648 -0.9485
vn -0.2064 0.2253 -0.9522
vn -0.1952 -0.0685 -0.9784
vn -0.1656 -0.1234 -0.9784
vn -0.2183 0.1039 -0.9703
vn -0.1685 0.2472 -0.9542
vn -0.1377 0.0891 -0.9865
vn 0.0189 0.1418 0.9897
vn 0.1970 -0.3038 0.9321
vn -0.1226 -0.2386 0.9633
vn -0.0758 -0.3682 0.9266
vn -0.1245 0.3039 0.9445
vn -0.2014 0.2369 0.9504
vn 0.1851 0.2916 0.9385
vn 0.0871 0.0872 0.9924
vn 0.0483 0.0868 0.9951
vn 0.2402 -0.1383 0.9608
vn 0.2563 -0.1982 0.9461
vn -0.3490 -0.2912 0.8907
vn -0.0575 -0.2334 0.9707
vn -0.0992 -0.2108 0.9725
vn -0.1771 -0.2245 0.9582
vn 0.2376 -0.2010 0.9504
vn -0.1939 0.4148 0.8890
vn 0.0618 0.2137 0.9749
vn 0.0502 0.0739 0.9960
vn -0.1737 0.0809 0.9815
vn 0.0485 0.0800 0.9956
vn 0.0306 0.0450 0.9985
vn 0.0565 0.1287 0.9901
vn 0.1074 0.2612 0.9593
vn -0.2797 0.2043 0.9381
vn -0.0285 0.2087 0.9776
vn 0.1526 -0.0256 0.9880
vn -0.1604 -0.2462 0.9559
vn -0.1684 -0.2759 0.9463
vn 0.0964 0.1754 0.9798
vn 0.0307 0.0446 0.9985
vn -0.2020 -0.1778 0.9631
vn 0.0029 0.1383 0.9904
vn 0.1854 0.2914 0.9385
vn 0.3716 -0.2598 0.8913
vn -0.3023 -0.2183 0.9279
vn -0.3059 -0.0001 0.9521
vn -0.2873 0.1168 0.9507
vn -0.1491 0.0459 0.9878
vn -0.2181 0.1134 0.9693
vn -0.2532 -0.2875 0.9237
vn -0.0774 -0.2618 0.9620
vn -0.0878 -0.3342 0.9384
vn -0.2728 0.2465 0.9299
vn -0.3256 -0.4118 0.8512
vn 0.1852 0.2917 0.9384
vn 0.0303 0.0457 0.9985
vn -0.0426 -0.2116 0.9764
vn 0.1850 0.2913 0.9386
vn 0.0917 0.2233 0.9704
vn -0.0484 0.2849 0.9573
vn 0.0502 0.0745 0.9960
vn 0.0521 0.2217 0.9737
vn -0.1239 -0.1999 0.9720
vn -0.1242 0.3041 0.9445
vn -0.1243 0.3042 0.9445
vn 0.0502 0.0755 0.9959
vn -0.0179 0.3182 0.9479
vn -0.3005 -0.2091 0.9306
vn -0.1241 0.3039 0.9446
vn 0.1519 0.2298 0.9613
vn -0.0911 -0.1068 0.9901
vn 0.0301 0.2091 0.9774
vn 0.2113 -0.2154 0.9534
vn -0.1205 -0.3557 0.9268
vn 0.1697 0.1313 0.9767
vn 0.0831 0.2595 0.9622
vn -0.0739 -0.3502 0.9338
vn -0.1389 -0.2626 0.9548
vn 0.1135 -0.2837 0.9522
vn 0.2036 -0.2376 0.9498
vn -0.1011 -0.3878 0.9162
vn -0.2643 -0.2291 0.9368
vn -0.0549 -0.4492 0.8917
vn -0.1248 -0.2246 0.9664
vn 0.0697 -0.3173 0.9457
vn 0.0161 -0.2208 0.9752
vn -0.2166 -0.3023 0.9283
vn -0.0775 -0.2977 0.9515
vn -0.3718 -0.1823 0.9103
vn -0.0430 -0.2586 0.9650
vn -0.0895 -0.2316 0.9687
vn -0.0222 -0.3956 0.9182
vn 0.1059 -0.1939 0.9753
vn -0.1189 -0.3520 0.9284
vn -0.0959 0.1541 0.9834
vn 0.2194 -0.1639 0.9618
vn 0.2455 -0.1627 0.9556
vn -0.1034 -0.2374 0.9659
vn -0.1140 -0.2136 0.9702
vn -0.0366 0.0510 0.9980
vn -0.0559 -0.3293 0.9426
vn 0.0265 0.0848 0.9960
vn 0.0288 0.0782 0.9965
vn -0.0175 0.1427 0.9896
vn -0.0543 -0.0477 0.9974
vn 0.2432 -0.1755 0.9540
vn 0.2072 0.0074 0.9783
vn 0.0319 0.1390 0.9898
vn 0.0476 0.0812 0.9956
vn 0.2333 -0.1999 0.9516
vn 0.0471 0.0875 0.9951
vn 0.1081 0.2039 0.9730
vn 0.2420 -0.3197 0.9161
vn -0.1523 -0.2611 0.9532
vn 0.0274 0.0866 0.9959
vn 0.0293 0.0804 0.9963
vn 0.0289 0.1810 0.9831
vn -0.2073 0.0009 0.9783
vn 0.2878 -0.3216 0.9021
vn 0.1000 -0.1786 0.9788
vn 0.1017 0.2961 0.9497
vn 0.1586 0.1058 0.9817
vn 0.2640 -0.1917 0.9453
vn 0.1969 -0.2219 0.9550
vn 0.1881 0.0680 0.9798
vn 0.1587 0.1243 0.9795
vn 0.2070 -0.0971 0.9735
vn 0.1588 -0.2500 0.9551
vn 0.1308 -0.0848 0.9878
vn -0.7656 0.6348 -0.1046
vn 0.5110 0.8482 -0.1394
vn 0.9345 0.3521 -0.0522
vn -0.9071 -0.4156 0.0667
vn -0.2650 0.9615 -0.0734
vn 0.8647 0.4865 0.1252
vn 0.2627 -0.9396 -0.2196
vn -0.9804 0.1745 -0.0911
vn 0.1016 0.9912 -0.0846
vn 0.9072 -0.4207 -0.0079
vn -0.7863 -0.5876 0.1909
vn -0.7775 0.6091 -0.1567
vn -0.5167 0.8534 -0.0685
vn 0.9429 0.3273 -0.0612
vn -0.4121 0.8844 0.2191
vn -0.0753 0.9755 0.2066
vn 0.1104 -0.9396 0.3241
vn -0.4721 -0.8300 0.2971
vn -0.9193 -0.2935 0.2622
vn -0.4978 -0.8666 -0.0344
vn 0.9814 -0.1036 0.1619
vn 0.9513 -0.2980 0.0785
vn 0.9976 0.0566 -0.0389
vn -0.7005 0.7133 0.0227
vn -0.6601 0.7316 -0.1702
vn 0.6817 0.7176 -0.1427
vn -0.8578 0.5029 -0.1061
vn 0.8902 0.4385 -0.1233
vn -0.9655 0.2457 -0.0858
vn 0.9987 -0.0187 -0.0467
vn 0.8167 0.5706 0.0858
vn -0.6936 -0.7108 -0.1169
vn -0.2347 -0.9449 -0.2284
vn -0.2672 0.9602 -0.0814
vn 0.1684 -0.9784 -0.1195
vn -0.6838 0.6805 0.2634
vn -0.7699 -0.6191 0.1546
vn -0.4759 -0.8786 -0.0409
vn -0.7491 0.6221 0.2278
vn 0.8519 -0.5230 0.0269
vn 0.3224 0.9189 0.2273
vn 0.0862 0.9924 -0.0880
vn 0.5856 -0.7650 0.2682
vn 0.8593 0.4774 0.1836
vn 0.8458 -0.5235 0.1022
vn 0.8921 -0.4519 -0.0018
vn 0.6759 0.7063 0.2105
vn -0.0124 0.9849 0.1725
vn -0.5365 0.8404 -0.0765
vn 0.0183 -0.9458 0.3243
vn -0.8570 -0.4834 0.1783
vn 0.3637 0.9269 -0.0927
vn -0.4309 0.8889 0.1553
vn -0.3251 -0.9300 0.1715
vn 0.5748 -0.8113 -0.1067
vn 0.3845 0.9174 -0.1026
vn 0.5989 -0.7929 -0.1125
vn -0.9669 -0.2244 -0.1213
vn -0.9657 -0.2439 -0.0893
vn -0.9978 0.0239 -0.0615
vn -0.9970 0.0177 -0.0759
vn 0.3496 0.9313 0.1025
vn 0.4364 -0.8855 0.1596
vn -0.3404 -0.9384 -0.0589
vn -0.6539 0.7496 -0.1028
vn 0.9814 0.1412 -0.1297
vn 0.9823 0.1467 -0.1164
vn 0.9833 -0.1207 -0.1359
vn 0.9810 -0.0997 -0.1665
vn -0.8381 -0.5406 0.0733
vn -0.8794 -0.4675 0.0903
vn 0.9611 -0.2744 0.0317
vn 0.9397 -0.3418 0.0105
vn -0.2445 0.9448 0.2181
vn 0.2861 -0.9410 -0.1809
vn 0.0473 0.9950 -0.0881
vn -0.9908 0.0884 -0.1024
vn -0.9801 -0.1345 -0.1461
vn -0.8909 -0.4097 -0.1958
vn -0.2792 0.9574 -0.0736
vn 0.5966 -0.7672 -0.2356
vn -0.0316 -0.9722 -0.2319
vn 0.4070 -0.8763 -0.2577
vn 0.0621 0.9940 -0.0896
vn 0.0585 0.9771 0.2043
vn 0.9366 0.2942 -0.1902
vn 0.9692 0.0737 -0.2349
vn 0.9360 -0.2146 -0.2791
vn -0.1238 -0.9916 -0.0370
vn -0.5217 0.8509 -0.0613
vt 0.210810 0.062500
vt 0.250000 0.062500
vt 0.250000 0.125000
vt 0.210810 0.125000
vt 0.387892 0.750000
vt 0.500000 0.750000
vt 0.500000 1.000000
vt 0.387892 1.000000
vt 0.612108 0.666667
vt 0.668161 0.666667
vt 0.668161 0.750000
vt 0.612108 0.750000
vt 0.866922 0.426675
vt 1.000000 0.426675
vt 1.000000 0.500000
vt 0.866922 0.500000
vt 0.724215 0.187500
vt 0.750000 0.187500
vt 0.750000 0.250000
vt 0.724215 0.250000
vt 0.866922 0.187500
vt 1.000000 0.187500
vt 1.000000 0.250000
vt 0.866922 0.250000
vt 0.210810 0.187500
vt 0.250000 0.187500
vt 0.250000 0.250000
vt 0.210810 0.250000
vt 0.387892 0.187500
vt 0.500000 0.187500
vt 0.500000 0.250000
vt 0.387892 0.250000
vt 0.387892 0.062500
vt 0.500000 0.062500
vt 0.500000 0.125000
vt 0.387892 0.125000
vt 0.210810 0.666667
vt 0.250000 0.666667
vt 0.250000 0.750000
vt 0.210810 0.750000
vt 0.387892 0.666667
vt 0.500000 0.666667
vt 0.724215 0.750000
vt 0.750000 0.750000
vt 0.750000 1.000000
vt 0.724215 1.000000
vt 0.724215 0.666667
vt 0.750000 0.666667
vt 0.866922 0.666667
vt 1.000000 0.666667
vt 1.000000 0.750000
vt 0.866922 0.750000
vt 0.866922 0.312500
vt 1.000000 0.312500
vt 1.000000 0.375000
vt 0.866922 0.375000
vt 0.387892 0.312500
vt 0.500000 0.312500
vt 0.500000 0.375000
vt 0.387892 0.375000
vt 0.866922 0.062500
vt 1.000000 0.062500
vt 1.000000 0.125000
vt 0.866922 0.125000
vt 0.724215 0.062500
vt 0.750000 0.062500
vt 0.750000 0.125000
vt 0.724215 0.125000
vt 0.724215 0.000000
vt 0.750000 0.000000
vt 0.866922 0.000000
vt 1.000000 0.000000
vt 0.387892 0.000000
vt 0.500000 0.000000
vt 0.210810 0.000000
vt 0.250000 0.000000
vt 0.500000 0.426675
vt 0.387892 0.426675
vt 0.275785 0.125000
vt 0.275785 0.187500
vt 0.275785 0.000000
vt 0.275785 0.062500
vt 0.275785 0.666667
vt 0.275785 0.750000
vt 0.275785 0.250000
vt 0.275785 1.000000
vt 0.250000 1.000000
vt 0.668161 0.375000
vt 0.724215 0.375000
vt 0.724215 0.426675
vt 0.668161 0.426675
vt 0.668161 0.250000
vt 0.724215 0.312500
vt 0.668161 0.312500
vt 0.668161 0.125000
vt 0.668161 0.187500
vt 0.668161 0.000000
vt 0.668161 0.062500
vt 0.668161 1.000000
vt 0.724215 0.500000
vt 0.668161 0.500000
vt 0.133078 0.125000
vt 0.133078 0.187500
vt 0.133078 0.000000
vt 0.133078 0.062500
vt 0.133078 0.666667
vt 0.133078 0.750000
vt 0.133078 0.250000
vt 0.789190 0.125000
vt 0.789190 0.187500
vt 0.789190 0.000000
vt 0.789190 0.062500
vt 0.789190 0.666667
vt 0.789190 0.750000
vt 0.789190 0.250000
vt 0.000000 0.062500
vt 0.000000 0.125000
vt 0.000000 0.426675
vt 0.133078 0.426675
vt 0.133078 0.500000
vt 0.000000 0.500000
vt 0.000000 0.187500
vt 0.000000 0.250000
vt 0.000000 0.666667
vt 0.000000 0.750000
vt 0.000000 0.312500
vt 0.133078 0.312500
vt 0.133078 0.375000
vt 0.000000 0.375000
vt 0.000000 0.000000
vt 0.133078 0.583333
vt 0.000000 0.583333
vt 0.789190 0.500000
vt 0.866922 0.583333
vt 0.789190 0.583333
vt 0.750000 0.500000
vt 0.750000 0.583333
vt 0.210810 0.500000
vt 0.210810 0.583333
vt 0.724215 0.583333
vt 0.668161 0.583333
vt 0.250000 0.500000
vt 0.275785 0.500000
vt 0.275785 0.583333
vt 0.250000 0.583333
vt 1.000000 0.583333
vt 0.612107 1.000000
vt 0.612107 0.187500
vt 0.612108 0.250000
vt 0.612108 0.426675
vt 0.612108 0.500000
vt 0.612108 0.583333
vt 0.612108 0.312500
vt 0.612108 0.375000
vt 0.612108 0.062500
vt 0.612108 0.125000
vt 0.612107 0.000000
vt 0.331839 0.583333
vt 0.387892 0.583333
vt 0.331839 0.666667
vt 0.331839 0.500000
vt 0.387892 0.500000
vt 0.331839 0.375000
vt 0.331839 0.426675
vt 0.331839 0.250000
vt 0.331839 0.312500
vt 0.331839 0.125000
vt 0.331839 0.187500
vt 0.331839 0.000000
vt 0.331839 0.062500
vt 0.331839 0.750000
vt 0.331839 1.000000
vt 0.275785 0.426675
vt 0.275785 0.312500
vt 0.275785 0.375000
s 0
f 2702/2586/2211 2663/2587/2211 2658/2588/2211 2701/2589/2211
f 2770/2590/2212 2645/2591/2212 2635/2592/2212 2767/2593/2212
f 2765/2594/2213 2789/2595/2213 2781/2596/2213 2756/2597/2213
f 2720/2598/2214 2672/2599/2214 2634/2600/2214 2712/2601/2214
f 2694/2602/2215 2667/2603/2215 2649/2604/2215 2689/2605/2215
f 2718/2606/2216 2665/2607/2216 2643/2608/2216 2713/2609/2216
f 2703/2610/2217 2668/2611/2217 2650/2612/2217 2699/2613/2217
f 2774/2614/2218 2666/2615/2218 2646/2616/2218 2769/2617/2218
f 2773/2618/2219 2662/2619/2219 2656/2620/2219 2772/2621/2219
f 2746/2622/2220 2738/2623/2220 2651/2624/2220 2700/2625/2220
f 2778/2626/2221 2736/2627/2221 2645/2591/2221 2770/2590/2221
f 2690/2628/2222 2652/2629/2222 2644/2630/2222 2686/2631/2222
f 2744/2632/2223 2740/2633/2223 2652/2629/2223 2690/2628/2223
f 2750/2634/2224 2734/2635/2224 2639/2636/2224 2714/2637/2224
f 2719/2638/2225 2670/2639/2225 2653/2640/2225 2715/2641/2225
f 2775/2642/2226 2671/2643/2226 2654/2644/2226 2771/2645/2226
f 2717/2646/2227 2661/2647/2227 2631/2648/2227 2716/2649/2227
f 2693/2650/2228 2660/2651/2228 2657/2652/2228 2692/2653/2228
f 2688/2654/2229 2638/2655/2229 2660/2651/2229 2693/2650/2229
f 2711/2656/2230 2629/2657/2230 2661/2647/2230 2717/2646/2230
f 2766/2658/2231 2633/2659/2231 2662/2619/2231 2773/2618/2231
f 2698/2660/2232 2642/2661/2232 2663/2587/2232 2702/2586/2232
f 2772/2621/2233 2656/2620/2233 2666/2615/2233 2774/2614/2233
f 2701/2589/2234 2658/2588/2234 2668/2611/2234 2703/2610/2234
f 2716/2649/2235 2631/2648/2235 2665/2607/2235 2718/2606/2235
f 2692/2653/2236 2657/2652/2236 2667/2603/2236 2694/2602/2236
f 2769/2617/2237 2646/2616/2237 2671/2643/2237 2775/2642/2237
f 2713/2609/2238 2643/2608/2238 2670/2639/2238 2719/2638/2238
f 2715/2641/2239 2653/2640/2239 2672/2599/2239 2720/2598/2239
f 2771/2645/2240 2654/2644/2240 2673/2662/2240 2776/2663/2240
f 2658/2588/2241 2681/2664/2241 2683/2665/2241 2668/2611/2241
f 2642/2661/2242 2675/2666/2242 2682/2667/2242 2663/2587/2242
f 2738/2623/2243 2742/2668/2243 2679/2669/2243 2651/2624/2243
f 2663/2587/2244 2682/2667/2244 2681/2664/2244 2658/2588/2244
f 2668/2611/2245 2683/2665/2245 2678/2670/2245 2650/2612/2245
f 2651/2624/2246 2679/2669/2246 2676/2671/2246 2640/2672/2246
f 2782/2673/2247 2691/2674/2247 2696/2675/2247 2787/2676/2247
f 2780/2677/2248 2689/2605/2248 2695/2678/2248 2786/2679/2248
f 2783/2680/2249 2692/2653/2249 2694/2602/2249 2785/2681/2249
f 2735/2682/2250 2688/2654/2250 2693/2650/2250 2784/2683/2250
f 2784/2683/2251 2693/2650/2251 2692/2653/2251 2783/2680/2251
f 2786/2679/2252 2695/2678/2252 2691/2674/2252 2782/2673/2252
f 2789/2595/2253 2744/2632/2253 2690/2628/2253 2781/2596/2253
f 2781/2596/2254 2690/2628/2254 2686/2631/2254 2636/2684/2254
f 2785/2681/2255 2694/2602/2255 2689/2605/2255 2780/2677/2255
f 2787/2676/2256 2696/2675/2256 2687/2685/2256 2779/2686/2256
f 2725/2687/2257 2701/2589/2257 2703/2610/2257 2727/2688/2257
f 2730/2689/2258 2698/2660/2258 2702/2586/2258 2726/2690/2258
f 2752/2691/2259 2746/2622/2259 2700/2625/2259 2723/2692/2259
f 2727/2688/2260 2703/2610/2260 2699/2613/2260 2722/2693/2260
f 2726/2690/2261 2702/2586/2261 2701/2589/2261 2725/2687/2261
f 2657/2652/2262 2708/2694/2262 2710/2695/2262 2667/2603/2262
f 2638/2655/2263 2704/2696/2263 2709/2697/2263 2660/2651/2263
f 2660/2651/2264 2709/2697/2264 2708/2694/2264 2657/2652/2264
f 2740/2633/2265 2748/2698/2265 2707/2699/2265 2652/2629/2265
f 2667/2603/2266 2710/2695/2266 2706/2700/2266 2649/2604/2266
f 2708/2694/2267 2716/2649/2267 2718/2606/2267 2710/2695/2267
f 2704/2696/2268 2711/2656/2268 2717/2646/2268 2709/2697/2268
f 2709/2697/2269 2717/2646/2269 2716/2649/2269 2708/2694/2269
f 2748/2698/2270 2750/2634/2270 2714/2637/2270 2707/2699/2270
f 2710/2695/2271 2718/2606/2271 2713/2609/2271 2706/2700/2271
f 2659/2701/2272 2726/2690/2272 2725/2687/2272 2630/2702/2272
f 2674/2703/2273 2729/2704/2273 2721/2705/2273 2632/2706/2273
f 2664/2707/2274 2727/2688/2274 2722/2693/2274 2637/2708/2274
f 2731/2709/2275 2752/2691/2275 2723/2692/2275 2641/2710/2275
f 2669/2711/2276 2728/2712/2276 2724/2713/2276 2655/2714/2276
f 2628/2715/2277 2730/2689/2277 2726/2690/2277 2659/2701/2277
f 2630/2702/2278 2725/2687/2278 2727/2688/2278 2664/2707/2278
f 2637/2708/2279 2722/2693/2279 2728/2712/2279 2669/2711/2279
f 2655/2714/2280 2724/2713/2280 2729/2704/2280 2674/2703/2280
f 2632/2706/2281 2721/2705/2281 2751/2716/2281 2732/2717/2281
f 2732/2717/2282 2751/2716/2282 2752/2691/2282 2731/2709/2282
f 2705/2718/2283 2712/2601/2283 2749/2719/2283 2747/2720/2283
f 2747/2720/2284 2749/2719/2284 2750/2634/2284 2748/2698/2284
f 2648/2721/2285 2705/2718/2285 2747/2720/2285 2739/2722/2285
f 2739/2722/2286 2747/2720/2286 2748/2698/2286 2740/2633/2286
f 2721/2705/2287 2697/2723/2287 2745/2724/2287 2751/2716/2287
f 2751/2716/2288 2745/2724/2288 2746/2622/2288 2752/2691/2288
f 2779/2686/2289 2687/2685/2289 2743/2725/2289 2788/2726/2289
f 2788/2726/2290 2743/2725/2290 2744/2632/2290 2789/2595/2290
f 2647/2727/2291 2677/2728/2291 2741/2729/2291 2737/2730/2291
f 2737/2730/2292 2741/2729/2292 2742/2668/2292 2738/2623/2292
f 2712/2601/2293 2634/2600/2293 2733/2731/2293 2749/2719/2293
f 2749/2719/2294 2733/2731/2294 2734/2635/2294 2750/2634/2294
f 2687/2685/2295 2648/2721/2295 2739/2722/2295 2743/2725/2295
f 2743/2725/2296 2739/2722/2296 2740/2633/2296 2744/2632/2296
f 2756/2597/2297 2781/2596/2297 2636/2684/2297 2753/2732/2297
f 2760/2733/2298 2785/2681/2298 2780/2677/2298 2755/2734/2298
f 2697/2723/2299 2647/2727/2299 2737/2730/2299 2745/2724/2299
f 2745/2724/2300 2737/2730/2300 2738/2623/2300 2746/2622/2300
f 2762/2735/2301 2787/2676/2301 2779/2686/2301 2754/2736/2301
f 2754/2736/2302 2779/2686/2302 2788/2726/2302 2764/2737/2302
f 2764/2737/2290 2788/2726/2290 2789/2595/2290 2765/2594/2290
f 2666/2615/2303 2760/2733/2303 2755/2734/2303 2646/2616/2303
f 2645/2591/2304 2756/2597/2304 2753/2732/2304 2635/2592/2304
f 2736/2627/2305 2765/2594/2305 2756/2597/2305 2645/2591/2305
f 2671/2643/2306 2761/2738/2306 2757/2739/2306 2654/2644/2306
f 2662/2619/2307 2759/2740/2307 2758/2741/2307 2656/2620/2307
f 2633/2659/2308 2763/2742/2308 2759/2740/2308 2662/2619/2308
f 2656/2620/2309 2758/2741/2309 2760/2733/2309 2666/2615/2309
f 2646/2616/2310 2755/2734/2310 2761/2738/2310 2671/2643/2310
f 2654/2644/2311 2757/2739/2311 2762/2735/2311 2673/2662/2311
f 2800/2743/2312 2777/2744/2312 2778/2626/2312 2801/2745/2312
f 2791/2746/2313 2768/2747/2313 2777/2744/2313 2800/2743/2313
f 2794/2748/2314 2771/2645/2314 2776/2663/2314 2799/2749/2314
f 2792/2750/2315 2769/2617/2315 2775/2642/2315 2798/2751/2315
f 2795/2752/2316 2772/2621/2316 2774/2614/2316 2797/2753/2316
f 2802/2754/2317 2766/2658/2317 2773/2618/2317 2796/2755/2317
f 2798/2751/2318 2775/2642/2318 2771/2645/2318 2794/2748/2318
f 2801/2745/2319 2778/2626/2319 2770/2590/2319 2793/2756/2319
f 2796/2755/2320 2773/2618/2320 2772/2621/2320 2795/2752/2320
f 2797/2753/2321 2774/2614/2321 2769/2617/2321 2792/2750/2321
f 2799/2749/2322 2776/2663/2322 2768/2747/2322 2791/2746/2322
f 2793/2756/2323 2770/2590/2323 2767/2593/2323 2790/2757/2323
f 2761/2738/2324 2786/2679/2324 2782/2673/2324 2757/2739/2324
f 2759/2740/2325 2784/2683/2325 2783/2680/2325 2758/2741/2325
f 2763/2742/2326 2735/2682/2326 2784/2683/2326 2759/2740/2326
f 2758/2741/2327 2783/2680/2327 2785/2681/2327 2760/2733/2327
f 2755/2734/2328 2780/2677/2328 2786/2679/2328 2761/2738/2328
f 2757/2739/2329 2782/2673/2329 2787/2676/2329 2762/2735/2329
f 2679/2669/2330 2793/2756/2330 2790/2757/2330 2676/2671/2330
f 2685/2758/2331 2799/2749/2331 2791/2746/2331 2677/2728/2331
f 2683/2665/2332 2797/2753/2332 2792/2750/2332 2678/2670/2332
f 2682/2667/2333 2796/2755/2333 2795/2752/2333 2681/2664/2333
f 2742/2668/2334 2801/2745/2334 2793/2756/2334 2679/2669/2334
f 2684/2759/2335 2798/2751/2335 2794/2748/2335 2680/2760/2335
f 2675/2666/2336 2802/2754/2336 2796/2755/2336 2682/2667/2336
f 2681/2664/2337 2795/2752/2337 2797/2753/2337 2683/2665/2337
f 2678/2670/2338 2792/2750/2338 2798/2751/2338 2684/2759/2338
f 2680/2760/2339 2794/2748/2339 2799/2749/2339 2685/2758/2339
f 2677/2728/2340 2791/2746/2340 2800/2743/2340 2741/2729/2340
f 2741/2729/2312 2800/2743/2312 2801/2745/2312 2742/2668/2312
f 2877/2586/2341 2876/2589/2341 2833/2588/2341 2838/2587/2341
f 2945/2590/2342 2942/2593/2342 2810/2592/2342 2820/2591/2342
f 2940/2594/2343 2931/2597/2343 2956/2596/2343 2964/2595/2343
f 2895/2598/2344 2887/2601/2344 2809/2600/2344 2847/2599/2344
f 2869/2602/2345 2864/2605/2345 2824/2604/2345 2842/2603/2345
f 2893/2606/2346 2888/2609/2346 2818/2608/2346 2840/2607/2346
f 2878/2610/2347 2874/2613/2347 2825/2612/2347 2843/2611/2347
f 2949/2614/2348 2944/2617/2348 2821/2616/2348 2841/2615/2348
f 2948/2618/2349 2947/2621/2349 2831/2620/2349 2837/2619/2349
f 2921/2622/2350 2875/2625/2350 2826/2624/2350 2913/2623/2350
f 2953/2626/2351 2945/2590/2351 2820/2591/2351 2911/2627/2351
f 2865/2628/2352 2861/2631/2352 2819/2630/2352 2827/2629/2352
f 2919/2632/2353 2865/2628/2353 2827/2629/2353 2915/2633/2353
f 2925/2634/2354 2889/2637/2354 2814/2636/2354 2909/2635/2354
f 2894/2638/2355 2890/2641/2355 2828/2640/2355 2845/2639/2355
f 2950/2642/2356 2946/2645/2356 2829/2644/2356 2846/2643/2356
f 2892/2646/2357 2891/2649/2357 2806/2648/2357 2836/2647/2357
f 2868/2650/2358 2867/2653/2358 2832/2652/2358 2835/2651/2358
f 2863/2654/2359 2868/2650/2359 2835/2651/2359 2813/2655/2359
f 2886/2656/2360 2892/2646/2360 2836/2647/2360 2804/2657/2360
f 2941/2658/2361 2948/2618/2361 2837/2619/2361 2808/2659/2361
f 2873/2660/2362 2877/2586/2362 2838/2587/2362 2817/2661/2362
f 2947/2621/2363 2949/2614/2363 2841/2615/2363 2831/2620/2363
f 2876/2589/2364 2878/2610/2364 2843/2611/2364 2833/2588/2364
f 2891/2649/2365 2893/2606/2365 2840/2607/2365 2806/2648/2365
f 2867/2653/2366 2869/2602/2366 2842/2603/2366 2832/2652/2366
f 2944/2617/2367 2950/2642/2367 2846/2643/2367 2821/2616/2367
f 2888/2609/2368 2894/2638/2368 2845/2639/2368 2818/2608/2368
f 2890/2641/2369 2895/2598/2369 2847/2599/2369 2828/2640/2369
f 2946/2645/2356 2951/2663/2356 2848/2662/2356 2829/2644/2356
f 2833/2588/2370 2843/2611/2370 2858/2665/2370 2856/2664/2370
f 2817/2661/2371 2838/2587/2371 2857/2667/2371 2850/2666/2371
f 2913/2623/2372 2826/2624/2372 2854/2669/2372 2917/2668/2372
f 2838/2587/2373 2833/2588/2373 2856/2664/2373 2857/2667/2373
f 2843/2611/2374 2825/2612/2374 2853/2670/2374 2858/2665/2374
f 2826/2624/2375 2815/2672/2375 2851/2671/2375 2854/2669/2375
f 2957/2673/2376 2962/2676/2376 2871/2675/2376 2866/2674/2376
f 2955/2677/2377 2961/2679/2377 2870/2678/2377 2864/2605/2377
f 2958/2680/2378 2960/2681/2378 2869/2602/2378 2867/2653/2378
f 2910/2682/2379 2959/2683/2379 2868/2650/2379 2863/2654/2379
f 2959/2683/2380 2958/2680/2380 2867/2653/2380 2868/2650/2380
f 2961/2679/2381 2957/2673/2381 2866/2674/2381 2870/2678/2381
f 2964/2595/2382 2956/2596/2382 2865/2628/2382 2919/2632/2382
f 2956/2596/2383 2811/2684/2383 2861/2631/2383 2865/2628/2383
f 2960/2681/2384 2955/2677/2384 2864/2605/2384 2869/2602/2384
f 2962/2676/2385 2954/2686/2385 2862/2685/2385 2871/2675/2385
f 2900/2687/2386 2902/2688/2386 2878/2610/2386 2876/2589/2386
f 2905/2689/2387 2901/2690/2387 2877/2586/2387 2873/2660/2387
f 2927/2691/2388 2898/2692/2388 2875/2625/2388 2921/2622/2388
f 2902/2688/2389 2897/2693/2389 2874/2613/2389 2878/2610/2389
f 2901/2690/2390 2900/2687/2390 2876/2589/2390 2877/2586/2390
f 2832/2652/2391 2842/2603/2391 2885/2695/2391 2883/2694/2391
f 2813/2655/2392 2835/2651/2392 2884/2697/2392 2879/2696/2392
f 2835/2651/2393 2832/2652/2393 2883/2694/2393 2884/2697/2393
f 2915/2633/2394 2827/2629/2394 2882/2699/2394 2923/2698/2394
f 2842/2603/2395 2824/2604/2395 2881/2700/2395 2885/2695/2395
f 2883/2694/2396 2885/2695/2396 2893/2606/2396 2891/2649/2396
f 2879/2696/2397 2884/2697/2397 2892/2646/2397 2886/2656/2397
f 2884/2697/2398 2883/2694/2398 2891/2649/2398 2892/2646/2398
f 2923/2698/2399 2882/2699/2399 2889/2637/2399 2925/2634/2399
f 2885/2695/2400 2881/2700/2400 2888/2609/2400 2893/2606/2400
f 2834/2701/2401 2805/2702/2401 2900/2687/2401 2901/2690/2401
f 2849/2703/2402 2807/2706/2402 2896/2705/2402 2904/2704/2402
f 2839/2707/2403 2812/2708/2403 2897/2693/2403 2902/2688/2403
f 2906/2709/2404 2816/2710/2404 2898/2692/2404 2927/2691/2404
f 2844/2711/2405 2830/2714/2405 2899/2713/2405 2903/2712/2405
f 2803/2715/2406 2834/2701/2406 2901/2690/2406 2905/2689/2406
f 2805/2702/2407 2839/2707/2407 2902/2688/2407 2900/2687/2407
f 2812/2708/2408 2844/2711/2408 2903/2712/2408 2897/2693/2408
f 2830/2714/2409 2849/2703/2409 2904/2704/2409 2899/2713/2409
f 2807/2706/2410 2907/2717/2410 2926/2716/2410 2896/2705/2410
f 2907/2717/2411 2906/2709/2411 2927/2691/2411 2926/2716/2411
f 2880/2718/2412 2922/2720/2412 2924/2719/2412 2887/2601/2412
f 2922/2720/2413 2923/2698/2413 2925/2634/2413 2924/2719/2413
f 2823/2721/2414 2914/2722/2414 2922/2720/2414 2880/2718/2414
f 2914/2722/2415 2915/2633/2415 2923/2698/2415 2922/2720/2415
f 2896/2705/2416 2926/2716/2416 2920/2724/2416 2872/2723/2416
f 2926/2716/2417 2927/2691/2417 2921/2622/2417 2920/2724/2417
f 2954/2686/2418 2963/2726/2418 2918/2725/2418 2862/2685/2418
f 2963/2726/2343 2964/2595/2343 2919/2632/2343 2918/2725/2343
f 2822/2727/2419 2912/2730/2419 2916/2729/2419 2852/2728/2419
f 2912/2730/2420 2913/2623/2420 2917/2668/2420 2916/2729/2420
f 2887/2601/2421 2924/2719/2421 2908/2731/2421 2809/2600/2421
f 2924/2719/2422 2925/2634/2422 2909/2635/2422 2908/2731/2422
f 2862/2685/2423 2918/2725/2423 2914/2722/2423 2823/2721/2423
f 2918/2725/2424 2919/2632/2424 2915/2633/2424 2914/2722/2424
f 2931/2597/2425 2928/2732/2425 2811/2684/2425 2956/2596/2425
f 2935/2733/2426 2930/2734/2426 2955/2677/2426 2960/2681/2426
f 2872/2723/2427 2920/2724/2427 2912/2730/2427 2822/2727/2427
f 2920/2724/2428 2921/2622/2428 2913/2623/2428 2912/2730/2428
f 2937/2735/2429 2929/2736/2429 2954/2686/2429 2962/2676/2429
f 2929/2736/2430 2939/2737/2430 2963/2726/2430 2954/2686/2430
f 2939/2737/2343 2940/2594/2343 2964/2595/2343 2963/2726/2343
f 2841/2615/2431 2821/2616/2431 2930/2734/2431 2935/2733/2431
f 2820/2591/2432 2810/2592/2432 2928/2732/2432 2931/2597/2432
f 2911/2627/2343 2820/2591/2343 2931/2597/2343 2940/2594/2343
f 2846/2643/2429 2829/2644/2429 2932/2739/2429 2936/2738/2429
f 2837/2619/2433 2831/2620/2433 2933/2741/2433 2934/2740/2433
f 2808/2659/2434 2837/2619/2434 2934/2740/2434 2938/2742/2434
f 2831/2620/2435 2841/2615/2435 2935/2733/2435 2933/2741/2435
f 2821/2616/2436 2846/2643/2436 2936/2738/2436 2930/2734/2436
f 2829/2644/2429 2848/2662/2429 2937/2735/2429 2932/2739/2429
f 2975/2743/2351 2976/2745/2351 2953/2626/2351 2952/2744/2351
f 2966/2746/2437 2975/2743/2437 2952/2744/2437 2943/2747/2437
f 2969/2748/2356 2974/2749/2356 2951/2663/2356 2946/2645/2356
f 2967/2750/2438 2973/2751/2438 2950/2642/2438 2944/2617/2438
f 2970/2752/2439 2972/2753/2439 2949/2614/2439 2947/2621/2439
f 2977/2754/2440 2971/2755/2440 2948/2618/2440 2941/2658/2440
f 2973/2751/2441 2969/2748/2441 2946/2645/2441 2950/2642/2441
f 2976/2745/2351 2968/2756/2351 2945/2590/2351 2953/2626/2351
f 2971/2755/2442 2970/2752/2442 2947/2621/2442 2948/2618/2442
f 2972/2753/2443 2967/2750/2443 2944/2617/2443 2949/2614/2443
f 2974/2749/2356 2966/2746/2356 2943/2747/2356 2951/2663/2356
f 2968/2756/2444 2965/2757/2444 2942/2593/2444 2945/2590/2444
f 2936/2738/2445 2932/2739/2445 2957/2673/2445 2961/2679/2445
f 2934/2740/2446 2933/2741/2446 2958/2680/2446 2959/2683/2446
f 2938/2742/2447 2934/2740/2447 2959/2683/2447 2910/2682/2447
f 2933/2741/2448 2935/2733/2448 2960/2681/2448 2958/2680/2448
f 2930/2734/2449 2936/2738/2449 2961/2679/2449 2955/2677/2449
f 2932/2739/2429 2937/2735/2429 2962/2676/2429 2957/2673/2429
f 2854/2669/2450 2851/2671/2450 2965/2757/2450 2968/2756/2450
f 2860/2758/2451 2852/2728/2451 2966/2746/2451 2974/2749/2451
f 2858/2665/2452 2853/2670/2452 2967/2750/2452 2972/2753/2452
f 2857/2667/2453 2856/2664/2453 2970/2752/2453 2971/2755/2453
f 2917/2668/2454 2854/2669/2454 2968/2756/2454 2976/2745/2454
f 2859/2759/2455 2855/2760/2455 2969/2748/2455 2973/2751/2455
f 2850/2666/2456 2857/2667/2456 2971/2755/2456 2977/2754/2456
f 2856/2664/2457 2858/2665/2457 2972/2753/2457 2970/2752/2457
f 2853/2670/2458 2859/2759/2458 2973/2751/2458 2967/2750/2458
f 2855/2760/2459 2860/2758/2459 2974/2749/2459 2969/2748/2459
f 2852/2728/2460 2916/2729/2460 2975/2743/2460 2966/2746/2460
f 2916/2729/2351 2917/2668/2351 2976/2745/2351 2975/2743/2351
f 2628/2715/2461 2659/2701/2461 2834/2701/2461 2803/2715/2461
f 2629/2657/2462 2711/2656/2462 2886/2656/2462 2804/2657/2462
f 2631/2648/2463 2661/2647/2463 2836/2647/2463 2806/2648/2463
f 2632/2706/2464 2732/2717/2464 2907/2717/2464 2807/2706/2464
f 2633/2659/2465 2766/2658/2465 2941/2658/2465 2808/2659/2465
f 2634/2600/2466 2672/2599/2466 2847/2599/2466 2809/2600/2466
f 2635/2592/2467 2753/2732/2467 2928/2732/2467 2810/2592/2467
f 2637/2708/2468 2669/2711/2468 2844/2711/2468 2812/2708/2468
f 2638/2655/2469 2688/2654/2469 2863/2654/2469 2813/2655/2469
f 2639/2636/2470 2734/2635/2470 2909/2635/2470 2814/2636/2470
f 2640/2672/2471 2676/2671/2471 2851/2671/2471 2815/2672/2471
f 2630/2702/2472 2664/2707/2472 2839/2707/2472 2805/2702/2472
f 2642/2661/2473 2698/2660/2473 2873/2660/2473 2817/2661/2473
f 2643/2608/2474 2665/2607/2474 2840/2607/2474 2818/2608/2474
f 2677/2728/2475 2647/2727/2475 2822/2727/2475 2852/2728/2475
f 2705/2718/2476 2648/2721/2476 2823/2721/2476 2880/2718/2476
f 2649/2604/2477 2706/2700/2477 2881/2700/2477 2824/2604/2477
f 2650/2612/2478 2678/2670/2478 2853/2670/2478 2825/2612/2478
f 2651/2624/2479 2640/2672/2479 2815/2672/2479 2826/2624/2479
f 2641/2710/2480 2723/2692/2480 2898/2692/2480 2816/2710/2480
f 2644/2630/2481 2652/2629/2481 2827/2629/2481 2819/2630/2481
f 2652/2629/2482 2707/2699/2482 2882/2699/2482 2827/2629/2482
f 2653/2640/2483 2670/2639/2483 2845/2639/2483 2828/2640/2483
f 2655/2714/2484 2674/2703/2484 2849/2703/2484 2830/2714/2484
f 2659/2701/2485 2630/2702/2485 2805/2702/2485 2834/2701/2485
f 2661/2647/2486 2629/2657/2486 2804/2657/2486 2836/2647/2486
f 2664/2707/2487 2637/2708/2487 2812/2708/2487 2839/2707/2487
f 2665/2607/2488 2631/2648/2488 2806/2648/2488 2840/2607/2488
f 2669/2711/2489 2655/2714/2489 2830/2714/2489 2844/2711/2489
f 2670/2639/2490 2643/2608/2490 2818/2608/2490 2845/2639/2490
f 2672/2599/2491 2653/2640/2491 2828/2640/2491 2847/2599/2491
f 2674/2703/2492 2632/2706/2492 2807/2706/2492 2849/2703/2492
f 2673/2662/2493 2762/2735/2493 2937/2735/2493 2848/2662/2493
f 2675/2666/2494 2642/2661/2494 2817/2661/2494 2850/2666/2494
f 2676/2671/2495 2790/2757/2495 2965/2757/2495 2851/2671/2495
f 2680/2760/2496 2685/2758/2496 2860/2758/2496 2855/2760/2496
f 2678/2670/2497 2684/2759/2497 2859/2759/2497 2853/2670/2497
f 2684/2759/2498 2680/2760/2498 2855/2760/2498 2859/2759/2498
f 2685/2758/2499 2677/2728/2499 2852/2728/2499 2860/2758/2499
f 2686/2631/2500 2644/2630/2500 2819/2630/2500 2861/2631/2500
f 2648/2721/2501 2687/2685/2501 2862/2685/2501 2823/2721/2501
f 2688/2654/2502 2735/2682/2502 2910/2682/2502 2863/2654/2502
f 2689/2605/2503 2649/2604/2503 2824/2604/2503 2864/2605/2503
f 2696/2675/2504 2691/2674/2504 2866/2674/2504 2871/2675/2504
f 2695/2678/2505 2689/2605/2505 2864/2605/2505 2870/2678/2505
f 2691/2674/2506 2695/2678/2506 2870/2678/2506 2866/2674/2506
f 2687/2685/2507 2696/2675/2507 2871/2675/2507 2862/2685/2507
f 2647/2727/2508 2697/2723/2508 2872/2723/2508 2822/2727/2508
f 2698/2660/2509 2730/2689/2509 2905/2689/2509 2873/2660/2509
f 2699/2613/2510 2650/2612/2510 2825/2612/2510 2874/2613/2510
f 2700/2625/2511 2651/2624/2511 2826/2624/2511 2875/2625/2511
f 2704/2696/2512 2638/2655/2512 2813/2655/2512 2879/2696/2512
f 2712/2601/2513 2705/2718/2513 2880/2718/2513 2887/2601/2513
f 2706/2700/2514 2713/2609/2514 2888/2609/2514 2881/2700/2514
f 2707/2699/2515 2714/2637/2515 2889/2637/2515 2882/2699/2515
f 2711/2656/2516 2704/2696/2516 2879/2696/2516 2886/2656/2516
f 2714/2637/2517 2639/2636/2517 2814/2636/2517 2889/2637/2517
f 2715/2641/2518 2720/2598/2518 2895/2598/2518 2890/2641/2518
f 2713/2609/2519 2719/2638/2519 2894/2638/2519 2888/2609/2519
f 2719/2638/2520 2715/2641/2520 2890/2641/2520 2894/2638/2520
f 2720/2598/2521 2712/2601/2521 2887/2601/2521 2895/2598/2521
f 2697/2723/2522 2721/2705/2522 2896/2705/2522 2872/2723/2522
f 2722/2693/2523 2699/2613/2523 2874/2613/2523 2897/2693/2523
f 2723/2692/2524 2700/2625/2524 2875/2625/2524 2898/2692/2524
f 2730/2689/2525 2628/2715/2525 2803/2715/2525 2905/2689/2525
f 2721/2705/2526 2729/2704/2526 2904/2704/2526 2896/2705/2526
f 2724/2713/2527 2728/2712/2527 2903/2712/2527 2899/2713/2527
f 2728/2712/2528 2722/2693/2528 2897/2693/2528 2903/2712/2528
f 2729/2704/2529 2724/2713/2529 2899/2713/2529 2904/2704/2529
f 2731/2709/2530 2641/2710/2530 2816/2710/2530 2906/2709/2530
f 2732/2717/2531 2731/2709/2531 2906/2709/2531 2907/2717/2531
f 2733/2731/2532 2634/2600/2532 2809/2600/2532 2908/2731/2532
f 2734/2635/2533 2733/2731/2533 2908/2731/2533 2909/2635/2533
f 2765/2594/2534 2736/2627/2534 2911/2627/2534 2940/2594/2534
f 2753/2732/2535 2636/2684/2535 2811/2684/2535 2928/2732/2535
f 2763/2742/2536 2633/2659/2536 2808/2659/2536 2938/2742/2536
f 2764/2737/2537 2765/2594/2537 2940/2594/2537 2939/2737/2537
f 2754/2736/2538 2764/2737/2538 2939/2737/2538 2929/2736/2538
f 2762/2735/2539 2754/2736/2539 2929/2736/2539 2937/2735/2539
f 2766/2658/2540 2802/2754/2540 2977/2754/2540 2941/2658/2540
f 2767/2593/2541 2635/2592/2541 2810/2592/2541 2942/2593/2541
f 2636/2684/2542 2686/2631/2542 2861/2631/2542 2811/2684/2542
f 2776/2663/2543 2673/2662/2543 2848/2662/2543 2951/2663/2543
f 2735/2682/2544 2763/2742/2544 2938/2742/2544 2910/2682/2544
f 2736/2627/2545 2778/2626/2545 2953/2626/2545 2911/2627/2545
f 2778/2626/2546 2777/2744/2546 2952/2744/2546 2953/2626/2546
f 2777/2744/2547 2768/2747/2547 2943/2747/2547 2952/2744/2547
f 2768/2747/2548 2776/2663/2548 2951/2663/2548 2943/2747/2548
f 2790/2757/2549 2767/2593/2549 2942/2593/2549 2965/2757/2549
f 2802/2754/2550 2675/2666/2550 2850/2666/2550 2977/2754/2550
o RightEye.002
v -0.109211 1.537593 0.331061
v -0.127170 1.541552 0.327900
v -0.106130 1.545474 0.337031
v -0.118574 1.535848 0.326997
v -0.133204 1.549799 0.332933
v -0.106584 1.541071 0.334095
v -0.113490 1.535729 0.328527
v -0.130400 1.553723 0.336303
v -0.107939 1.549929 0.339285
v -0.123457 1.537926 0.326773
v -0.130273 1.545737 0.330043
v -0.117525 1.555517 0.340266
v -0.111565 1.553145 0.340153
v -0.125755 1.555732 0.339044
v -0.107682 1.538894 0.337564
v -0.110309 1.535416 0.334529
v -0.114588 1.533552 0.331996
v -0.109037 1.547752 0.342753
v -0.107228 1.543296 0.340499
v -0.124554 1.535748 0.330242
v -0.119672 1.533670 0.330466
v -0.131397 1.543509 0.333592
v -0.134395 1.547438 0.336695
v -0.117991 1.541045 0.335793
v -0.120323 1.548244 0.340064
v -0.115329 1.547439 0.340851
v -0.126846 1.548832 0.339378
v -0.131669 1.551620 0.340198
v -0.128268 1.539374 0.331368
v -0.118638 1.553236 0.343781
v -0.122385 1.542194 0.335118
v -0.113597 1.539896 0.336467
v -0.112605 1.550700 0.343452
v -0.126967 1.553442 0.342843
vn 0.1297 -0.8578 -0.4974
vn 0.3203 0.7281 0.6060
vn 0.9043 0.1687 0.3922
vn 0.5321 -0.7827 -0.3229
vn 0.9620 -0.2130 0.1708
vn 0.6023 0.5576 0.5712
vn -0.8051 -0.3530 -0.4766
vn 0.8292 -0.5526 -0.0844
vn -0.8450 -0.2898 -0.4494
vn -0.6675 -0.5170 -0.5359
vn -0.5045 0.8097 0.2997
vn -0.0460 0.8537 0.5188
vn -0.2381 -0.5398 0.8074
vn -0.1850 -0.6464 0.7402
vn -0.1910 -0.5814 0.7909
vn -0.2611 -0.5252 0.8099
vn -0.2408 -0.5558 0.7957
vn -0.2365 -0.5259 0.8170
vn -0.2443 -0.5304 0.8118
vn -0.2587 -0.5275 0.8092
vn -0.2279 -0.4990 0.8361
vn -0.1945 -0.5286 0.8263
vn -0.1191 -0.5822 0.8043
vn -0.1958 -0.5728 0.7960
vn -0.2985 -0.7630 -0.5734
vn -0.8420 0.5378 0.0432
vt 0.424782 0.661013
vt 0.426035 0.661368
vt 0.426079 0.669953
vt 0.424920 0.669583
vt 0.423762 0.669212
vt 0.423684 0.666361
vt 0.423530 0.660658
vt 0.423607 0.663509
vt 0.428539 0.662078
vt 0.428492 0.664950
vt 0.428444 0.667821
vt 0.427287 0.661723
vt 0.428397 0.670693
vt 0.427238 0.670323
vt 0.424828 0.663869
vt 0.424874 0.666726
vt 0.426064 0.667091
vt 0.426050 0.664229
vt 0.427271 0.664589
vt 0.427254 0.667456
s 0
usemtl Body
f 2984/2761/2551 2994/2761/2551 2998/2762/2551 2981/2762/2551
f 2989/2763/2552 3007/2763/2552 3010/2764/2552 2990/2764/2552
f 2986/2765/2553 2995/2765/2553 2996/2766/2553 2980/2766/2553
f 2978/2767/2554 2993/2767/2554 2994/2761/2554 2984/2761/2554
f 2980/2766/2555 2996/2766/2555 2992/2768/2555 2983/2768/2555
f 2990/2764/2556 3010/2764/2556 2995/2765/2556 2986/2765/2556
f 2979/2769/2557 3006/2769/2557 2999/2770/2557 2988/2770/2557
f 2983/2768/2558 2992/2768/2558 2993/2767/2558 2978/2767/2558
f 2988/2770/2559 2999/2770/2559 3000/2771/2559 2982/2771/2559
f 2987/2772/2560 2997/2772/2560 3006/2769/2560 2979/2769/2560
f 2985/2773/2561 3005/2773/2561 3011/2774/2561 2991/2774/2561
f 2991/2774/2562 3011/2774/2562 3007/2763/2562 2989/2763/2562
f 3009/2775/2563 3003/2776/2563 3002/2777/2563 3001/2778/2563
f 3008/2779/2564 3004/2780/2564 3000/2771/2564 2999/2770/2564
f 3001/2778/2565 3002/2777/2565 3004/2780/2565 3008/2779/2565
f 2998/2762/2566 3001/2778/2566 3008/2779/2566 2997/2772/2566
f 2997/2772/2567 3008/2779/2567 2999/2770/2567 3006/2769/2567
f 2992/2768/2568 2996/2766/2568 3003/2776/2568 3009/2775/2568
f 2993/2767/2569 2992/2768/2569 3009/2775/2569 2994/2761/2569
f 2994/2761/2570 3009/2775/2570 3001/2778/2570 2998/2762/2570
f 2996/2766/2571 2995/2765/2571 3010/2764/2571 3003/2776/2571
f 3003/2776/2572 3010/2764/2572 3007/2763/2572 3002/2777/2572
f 3002/2777/2573 3007/2763/2573 3011/2774/2573 3004/2780/2573
f 3004/2780/2574 3011/2774/2574 3005/2773/2574 3000/2771/2574
f 2981/2762/2575 2998/2762/2575 2997/2772/2575 2987/2772/2575
f 2982/2771/2576 3000/2771/2576 3005/2773/2576 2985/2773/2576
o RightEye.001
v -0.034575 1.545190 0.327151
v -0.018204 1.552644 0.322192
v -0.038542 1.552354 0.333490
v -0.025524 1.545319 0.322123
v -0.013463 1.561988 0.326660
v -0.037519 1.548101 0.330477
v -0.030294 1.544198 0.324169
v -0.016633 1.565304 0.330343
v -0.037443 1.557105 0.335591
v -0.021209 1.548334 0.321417
v -0.015800 1.557390 0.324046
v -0.029126 1.564515 0.335634
v -0.034467 1.560993 0.336114
v -0.021279 1.566367 0.333571
v -0.035653 1.546226 0.333790
v -0.032710 1.543315 0.330464
v -0.028428 1.542322 0.327482
v -0.035577 1.555229 0.338905
v -0.036677 1.550478 0.336803
v -0.019343 1.546458 0.324730
v -0.023658 1.543444 0.325436
v -0.013890 1.555470 0.327436
v -0.011439 1.559953 0.330254
v -0.026227 1.550386 0.330985
v -0.024960 1.557951 0.335068
v -0.029582 1.556167 0.336359
v -0.018795 1.559831 0.333718
v -0.014572 1.563539 0.334064
v -0.016338 1.550768 0.325505
v -0.027220 1.562541 0.338992
v -0.022247 1.552387 0.329872
v -0.030207 1.548385 0.332098
v -0.032621 1.558842 0.339262
v -0.019245 1.564407 0.337200
vn -0.0054 -0.8715 -0.4904
vn -0.3956 0.6552 0.6436
vn -0.8742 -0.0123 0.4854
vn -0.3945 -0.8770 -0.2744
vn -0.8766 -0.4002 0.2671
vn -0.6397 0.4312 0.6363
vn 0.8060 -0.1890 -0.5609
vn -0.7054 -0.7088 -0.0040
vn 0.8349 -0.1188 -0.5374
vn 0.6987 -0.3780 -0.6075
vn 0.3598 0.8977 0.2544
vn -0.0731 0.8509 0.5202
vn 0.4239 -0.4724 0.7728
vn 0.3867 -0.5882 0.7103
vn 0.3847 -0.5228 0.7607
vn 0.4437 -0.4535 0.7730
vn 0.4285 -0.4877 0.7606
vn 0.4205 -0.4591 0.7826
vn 0.4285 -0.4619 0.7766
vn 0.4417 -0.4562 0.7725
vn 0.4087 -0.4342 0.8028
vn 0.3812 -0.4700 0.7961
vn 0.3162 -0.5379 0.7815
vn 0.3881 -0.5134 0.7654
vn 0.3847 -0.6934 -0.6092
vn 0.7166 0.6964 -0.0385
vt 0.424782 0.661013
vt 0.426035 0.661368
vt 0.426079 0.669953
vt 0.424920 0.669583
vt 0.423762 0.669212
vt 0.423684 0.666361
vt 0.423530 0.660658
vt 0.423607 0.663509
vt 0.428539 0.662078
vt 0.428492 0.664950
vt 0.428444 0.667821
vt 0.427287 0.661723
vt 0.428397 0.670693
vt 0.427238 0.670323
vt 0.424828 0.663869
vt 0.424874 0.666726
vt 0.426064 0.667091
vt 0.426050 0.664229
vt 0.427271 0.664589
vt 0.427254 0.667456
s 0
usemtl Body
f 3018/2781/2577 3015/2782/2577 3032/2782/2577 3028/2781/2577
f 3023/2783/2578 3024/2784/2578 3044/2784/2578 3041/2783/2578
f 3020/2785/2579 3014/2786/2579 3030/2786/2579 3029/2785/2579
f 3012/2787/2580 3018/2781/2580 3028/2781/2580 3027/2787/2580
f 3014/2786/2581 3017/2788/2581 3026/2788/2581 3030/2786/2581
f 3024/2784/2582 3020/2785/2582 3029/2785/2582 3044/2784/2582
f 3013/2789/2583 3022/2790/2583 3033/2790/2583 3040/2789/2583
f 3017/2788/2584 3012/2787/2584 3027/2787/2584 3026/2788/2584
f 3022/2790/2585 3016/2791/2585 3034/2791/2585 3033/2790/2585
f 3021/2792/2586 3013/2789/2586 3040/2789/2586 3031/2792/2586
f 3019/2793/2587 3025/2794/2587 3045/2794/2587 3039/2793/2587
f 3025/2794/2588 3023/2783/2588 3041/2783/2588 3045/2794/2588
f 3043/2795/2589 3035/2798/2589 3036/2797/2589 3037/2796/2589
f 3042/2799/2590 3033/2790/2590 3034/2791/2590 3038/2800/2590
f 3035/2798/2591 3042/2799/2591 3038/2800/2591 3036/2797/2591
f 3032/2782/2592 3031/2792/2592 3042/2799/2592 3035/2798/2592
f 3031/2792/2593 3040/2789/2593 3033/2790/2593 3042/2799/2593
f 3026/2788/2594 3043/2795/2594 3037/2796/2594 3030/2786/2594
f 3027/2787/2595 3028/2781/2595 3043/2795/2595 3026/2788/2595
f 3028/2781/2596 3032/2782/2596 3035/2798/2596 3043/2795/2596
f 3030/2786/2597 3037/2796/2597 3044/2784/2597 3029/2785/2597
f 3037/2796/2598 3036/2797/2598 3041/2783/2598 3044/2784/2598
f 3036/2797/2599 3038/2800/2599 3045/2794/2599 3041/2783/2599
f 3038/2800/2600 3034/2791/2600 3039/2793/2600 3045/2794/2600
f 3015/2782/2601 3021/2792/2601 3031/2792/2601 3032/2782/2601
f 3016/2791/2602 3019/2793/2602 3039/2793/2602 3034/2791/2602
