# Blender 4.5.3 LTS
# www.blender.org
mtllib KidAttemptFive.mtl
o Shirt
v 0.170295 1.369043 0.026074
v 0.157947 1.423442 0.130004
v 0.076368 1.440611 0.005551
v 0.070333 1.437555 0.034554
v 0.173771 1.328358 -0.006645
v 0.172626 1.232275 0.138090
v 0.100991 0.866972 -0.009939
v 0.132746 1.038972 0.019951
v 0.149810 1.040893 0.142517
v 0.167085 1.336909 0.189575
v 0.179591 1.264753 0.031391
v 0.184775 1.395867 0.025947
v 0.200070 1.412882 0.115833
v 0.188688 1.326797 -0.006574
v 0.207658 1.335707 0.161001
v 0.194992 1.262959 0.031146
v 0.212260 1.254444 0.122132
v -0.018984 1.399055 -0.036471
v 0.029404 1.393074 0.160905
v 0.069422 1.430541 0.099086
v -0.018984 1.431311 -0.053632
v -0.018984 1.345562 -0.040527
v 0.031216 1.348413 0.199093
v -0.018984 1.219802 -0.006500
v 0.032315 1.222087 0.202981
v -0.018984 0.818971 -0.044552
v 0.025943 0.872031 0.173275
v -0.018984 1.039049 -0.013318
v 0.028210 1.040467 0.187519
v -0.018984 0.808008 -0.043143
v 0.073129 1.440056 0.017724
v 0.169683 1.227892 0.046801
v 0.112405 0.868266 0.048949
v 0.143983 1.039311 0.042189
v 0.155003 1.419209 0.038254
v 0.197625 1.409537 0.047054
v 0.209816 1.251098 0.053353
v 0.139718 0.809668 -0.017007
v 0.124198 0.869745 0.106184
v 0.049642 0.770975 0.166268
v 0.154144 0.786492 0.097296
v 0.423154 1.242468 0.106427
v 0.494306 1.334523 0.136666
v 0.488827 1.390235 0.104059
v 0.487078 1.387651 0.052478
v 0.421440 1.239493 0.050390
v 0.408362 1.271767 0.034912
v 0.490096 1.327479 0.002305
v 0.486694 1.387030 0.040490
v 0.159891 1.326346 -0.033478
v 0.154350 1.418270 0.017900
v 0.201684 1.327531 -0.007074
v 0.209273 1.250356 0.038095
v 0.197082 1.408794 0.031796
v 0.169029 1.226920 0.026549
v 0.110192 1.569034 -0.020356
v 0.104157 1.493118 0.008648
v 0.079820 1.486103 0.073179
v -0.018984 1.559734 -0.079539
v 0.106953 1.495619 -0.008183
v 0.030147 1.471746 0.139237
v 0.107098 1.545011 0.048126
v 0.148444 0.795650 0.052129
v -0.208263 1.369043 0.026074
v -0.195915 1.423442 0.130004
v -0.114336 1.440611 0.005551
v -0.108301 1.437555 0.034554
v -0.211739 1.328358 -0.006645
v -0.210594 1.232275 0.138090
v -0.138959 0.866972 -0.009939
v -0.170714 1.038972 0.019951
v -0.187778 1.040893 0.142516
v -0.205053 1.336909 0.189575
v -0.217559 1.264753 0.031391
v -0.222743 1.395867 0.025947
v -0.238037 1.412882 0.115833
v -0.226656 1.326797 -0.006574
v -0.245626 1.335707 0.161001
v -0.232960 1.262959 0.031146
v -0.250228 1.254444 0.122132
v -0.067372 1.393074 0.160905
v -0.107390 1.430541 0.099086
v -0.069184 1.348413 0.199093
v -0.070283 1.222087 0.202981
v -0.063911 0.872031 0.173275
v -0.066178 1.040467 0.187519
v -0.111097 1.440056 0.017724
v -0.207651 1.227892 0.046801
v -0.150373 0.868266 0.048949
v -0.181951 1.039311 0.042188
v -0.192971 1.419209 0.038254
v -0.235593 1.409536 0.047054
v -0.247784 1.251098 0.053353
v -0.177686 0.809668 -0.017007
v -0.162166 0.869745 0.106184
v -0.087610 0.770976 0.166268
v -0.192112 0.786492 0.097296
v -0.461122 1.242468 0.106427
v -0.532274 1.334523 0.136666
v -0.526795 1.390235 0.104059
v -0.525046 1.387651 0.052478
v -0.459408 1.239493 0.050390
v -0.446330 1.271767 0.034912
v -0.528064 1.327479 0.002305
v -0.524662 1.387030 0.040490
v -0.197859 1.326346 -0.033478
v -0.192318 1.418270 0.017900
v -0.239652 1.327531 -0.007074
v -0.247241 1.250356 0.038095
v -0.235050 1.408794 0.031796
v -0.206997 1.226920 0.026549
v -0.148160 1.569034 -0.020356
v -0.142126 1.493118 0.008648
v -0.117788 1.486103 0.073179
v -0.144921 1.495619 -0.008183
v -0.068115 1.471746 0.139237
v -0.145066 1.545011 0.048126
v -0.186412 0.795650 0.052129
v 0.116869 0.952972 0.005006
v -0.018984 0.929010 -0.028935
v 0.027076 0.956249 0.180397
v 0.128194 0.953789 0.045569
v 0.137004 0.955319 0.124350
v -0.154837 0.952972 0.005006
v -0.065044 0.956249 0.180397
v -0.166162 0.953789 0.045569
v -0.174972 0.955319 0.124350
v 0.161218 1.136584 0.140303
v 0.030262 1.131277 0.195250
v -0.018984 1.129425 -0.009909
v 0.156833 1.133602 0.044495
v 0.150888 1.132946 0.023250
v -0.199186 1.136584 0.140303
v -0.068230 1.131277 0.195250
v -0.194801 1.133602 0.044495
v -0.188856 1.132946 0.023250
v -0.018984 0.873990 -0.036744
v 0.026510 0.914140 0.176836
v 0.120299 0.911027 0.047259
v 0.130601 0.912532 0.115267
v -0.064478 0.914140 0.176836
v -0.158267 0.911028 0.047259
v -0.168569 0.912532 0.115267
v 0.108930 0.909972 -0.002466
v -0.146898 0.909972 -0.002467
v 0.120355 0.838320 -0.013473
v -0.018984 0.813490 -0.043848
v 0.139171 0.828118 0.101740
v 0.037793 0.821503 0.169772
v 0.130424 0.831958 0.050539
v -0.158323 0.838320 -0.013473
v -0.177139 0.828119 0.101740
v -0.075760 0.821504 0.169772
v -0.168392 0.831958 0.050539
v 0.387717 1.263377 0.031400
v 0.339256 1.252534 0.028669
v 0.362860 1.255867 0.028786
v 0.418170 1.408824 0.031519
v 0.460371 1.399734 0.035244
v 0.440207 1.406163 0.032598
v 0.402866 1.233713 0.112826
v 0.355345 1.227371 0.120825
v 0.378715 1.227440 0.118395
v 0.464260 1.328024 -0.009131
v 0.423045 1.328323 -0.016210
v 0.444673 1.328270 -0.014531
v 0.470172 1.336274 0.150457
v 0.427163 1.337411 0.160933
v 0.449987 1.337157 0.157862
v 0.463477 1.403287 0.111301
v 0.420279 1.413073 0.116653
v 0.442935 1.410215 0.115123
v 0.418340 1.409633 0.047400
v 0.461151 1.400315 0.049575
v 0.440702 1.406908 0.048053
v 0.352424 1.223691 0.047579
v 0.400941 1.230371 0.048701
v 0.376327 1.223784 0.047515
v -0.377224 1.252534 0.028669
v -0.425685 1.263377 0.031400
v -0.400828 1.255867 0.028786
v -0.498339 1.399734 0.035244
v -0.456138 1.408824 0.031519
v -0.478175 1.406163 0.032598
v -0.393312 1.227371 0.120825
v -0.440833 1.233714 0.112826
v -0.416683 1.227440 0.118396
v -0.461013 1.328323 -0.016209
v -0.502227 1.328024 -0.009131
v -0.482641 1.328270 -0.014531
v -0.465131 1.337411 0.160933
v -0.508140 1.336274 0.150457
v -0.487955 1.337157 0.157862
v -0.458247 1.413073 0.116653
v -0.501445 1.403287 0.111301
v -0.480902 1.410215 0.115123
v -0.499119 1.400315 0.049575
v -0.456308 1.409633 0.047400
v -0.478670 1.406908 0.048053
v -0.438909 1.230371 0.048701
v -0.390392 1.223691 0.047580
v -0.414295 1.223784 0.047516
v 0.124808 0.995972 0.012478
v -0.162776 0.995972 0.012478
v -0.018984 0.984029 -0.021127
v 0.027643 0.998358 0.183958
v 0.136089 0.996550 0.043879
v 0.143407 0.998106 0.133433
v -0.065611 0.998358 0.183958
v -0.174057 0.996550 0.043879
v -0.181375 0.998106 0.133433
v 0.110673 0.852646 -0.011706
v -0.148641 0.852646 -0.011706
v -0.018984 0.816230 -0.044200
v 0.131684 0.848932 0.103962
v 0.031868 0.846767 0.171523
v 0.121414 0.850112 0.049744
v -0.169652 0.848932 0.103962
v -0.069836 0.846768 0.171523
v -0.159382 0.850112 0.049744
v -0.018984 0.810749 -0.043495
v 0.146658 0.807305 0.099518
v 0.043717 0.796239 0.168020
v 0.139434 0.813804 0.051334
v -0.184626 0.807305 0.099518
v -0.081685 0.796239 0.168020
v -0.177402 0.813804 0.051334
v 0.130036 0.823994 -0.015240
v -0.168004 0.823994 -0.015240
v -0.018984 0.809379 -0.043319
v 0.150401 0.796898 0.098407
v 0.046680 0.783608 0.167144
v 0.143939 0.804727 0.051731
v -0.188369 0.796898 0.098407
v -0.084648 0.783608 0.167144
v -0.181907 0.804727 0.051731
v 0.134877 0.816831 -0.016123
v -0.172845 0.816831 -0.016123
v 0.125195 0.831157 -0.014356
v -0.163163 0.831157 -0.014356
v -0.018984 0.812119 -0.043671
v 0.142914 0.817712 0.100629
v 0.040755 0.808871 0.168896
v 0.134929 0.822881 0.050936
v -0.180882 0.817712 0.100629
v -0.078723 0.808871 0.168896
v -0.172897 0.822881 0.050936
v 0.087245 1.465336 0.021601
v 0.074621 1.458322 0.086132
v 0.090041 1.467837 0.004771
v 0.093280 1.504823 -0.007402
v -0.018984 1.495523 -0.066586
v 0.029776 1.432410 0.150071
v -0.125213 1.465336 0.021601
v -0.112589 1.458322 0.086132
v -0.128009 1.467837 0.004771
v -0.131248 1.504823 -0.007402
v -0.067744 1.432410 0.150071
v 0.097864 1.482779 0.013468
v 0.100660 1.485280 -0.003362
v 0.103898 1.545139 -0.015535
v -0.018984 1.535839 -0.074719
v 0.030009 1.457108 0.143269
v -0.135832 1.482779 0.013468
v -0.138628 1.485280 -0.003362
v -0.141866 1.545139 -0.015535
v -0.067977 1.457108 0.143269
v 0.077885 1.475765 0.077999
v -0.115853 1.475765 0.077999
v 0.072022 1.444431 0.092609
v -0.109990 1.444431 0.092609
v 0.078789 1.451446 0.028078
v 0.081585 1.453947 0.011247
v 0.084824 1.472717 -0.000925
v -0.018984 1.463417 -0.060109
v 0.029590 1.412742 0.155488
v -0.116757 1.451446 0.028078
v -0.119553 1.453947 0.011247
v -0.122792 1.472717 -0.000925
v -0.067558 1.412742 0.155488
vn 0.2591 0.9658 0.0092
vn -0.0364 0.9463 0.3213
vn 0.0789 0.5999 0.7962
vn 0.5267 -0.1674 0.8334
vn 0.2547 -0.1882 0.9485
vn 0.9660 -0.1649 -0.1991
vn 0.9218 -0.1410 -0.3610
vn 0.3685 -0.0541 0.9281
vn 0.4506 0.5133 0.7304
vn 0.5230 -0.3493 0.7775
vn -0.0619 -0.5143 -0.8554
vn 0.2321 0.9712 -0.0536
vn 0.4965 -0.8677 0.0252
vn -0.3893 0.4512 -0.8031
vn 0.2021 0.0157 -0.9792
vn 0.1608 0.1718 -0.9719
vn 0.0880 -0.3809 -0.9204
vn 0.2235 0.1324 -0.9657
vn 0.1605 0.3569 -0.9202
vn 0.3842 0.0505 -0.9219
vn 0.4975 -0.8671 0.0251
vn 0.2287 0.9720 -0.0536
vn 0.9908 -0.1265 -0.0486
vn 0.9745 -0.1483 -0.1684
vn 0.2124 0.9771 -0.0159
vn 0.5414 0.0854 0.8364
vn 0.8855 0.2903 -0.3628
vn -0.0174 -0.5079 -0.8612
vn -0.0394 0.4268 -0.9035
vn 0.2085 -0.0255 -0.9777
vn 0.8771 -0.1859 -0.4429
vn 0.2403 -0.0222 -0.9704
vn 0.9274 -0.2324 0.2932
vn 0.8663 -0.4945 0.0704
vn -0.2924 -0.1581 -0.9431
vn 0.4274 -0.2325 -0.8736
vn 0.7745 0.1533 0.6138
vn 0.9867 -0.0168 0.1614
vn 0.9191 0.3909 -0.0494
vn 0.8547 0.4964 -0.1522
vn -0.2591 0.9658 0.0092
vn 0.0364 0.9463 0.3213
vn -0.0789 0.5999 0.7962
vn -0.5267 -0.1674 0.8334
vn -0.2547 -0.1882 0.9485
vn -0.9660 -0.1649 -0.1991
vn -0.9218 -0.1410 -0.3610
vn -0.3685 -0.0541 0.9281
vn -0.4506 0.5133 0.7304
vn -0.5230 -0.3493 0.7775
vn 0.0618 -0.5143 -0.8554
vn -0.2321 0.9712 -0.0536
vn -0.4965 -0.8677 0.0252
vn 0.3893 0.4512 -0.8031
vn -0.2021 0.0157 -0.9792
vn -0.1608 0.1718 -0.9719
vn -0.0880 -0.3809 -0.9204
vn -0.2235 0.1324 -0.9657
vn -0.1605 0.3569 -0.9202
vn -0.3842 0.0505 -0.9219
vn -0.4975 -0.8671 0.0251
vn -0.2287 0.9720 -0.0536
vn -0.9908 -0.1265 -0.0486
vn -0.9745 -0.1483 -0.1684
vn -0.2124 0.9771 -0.0159
vn -0.5414 0.0854 0.8364
vn -0.8855 0.2903 -0.3628
vn 0.0174 -0.5079 -0.8612
vn 0.0394 0.4268 -0.9035
vn -0.2085 -0.0255 -0.9777
vn -0.8771 -0.1859 -0.4429
vn -0.2403 -0.0222 -0.9704
vn -0.9274 -0.2324 0.2932
vn -0.8663 -0.4945 0.0704
vn 0.2924 -0.1581 -0.9431
vn -0.4274 -0.2325 -0.8736
vn -0.7745 0.1533 0.6138
vn -0.9747 -0.1561 0.1597
vn -0.9191 0.3909 -0.0494
vn -0.8547 0.4964 -0.1522
vn -0.9834 -0.1565 -0.0914
vn -0.2165 0.1332 -0.9671
vn -0.9434 -0.1544 -0.2934
vn -0.4203 -0.1673 0.8918
vn 0.9834 -0.1565 -0.0914
vn 0.2165 0.1332 -0.9671
vn 0.9434 -0.1544 -0.2934
vn 0.4203 -0.1673 0.8918
vn -0.9914 -0.1266 -0.0339
vn -0.1814 0.0179 -0.9833
vn -0.4061 -0.0563 0.9121
vn -0.9764 -0.1563 -0.1491
vn 0.9914 -0.1266 -0.0339
vn 0.1814 0.0179 -0.9833
vn 0.4061 -0.0563 0.9121
vn 0.9764 -0.1563 -0.1491
vn -0.9803 -0.1531 -0.1245
vn -0.2198 0.1329 -0.9665
vn -0.9580 -0.1609 -0.2375
vn -0.4733 -0.1677 0.8648
vn 0.9803 -0.1531 -0.1245
vn 0.2198 0.1329 -0.9665
vn 0.9580 -0.1609 -0.2375
vn 0.4733 -0.1677 0.8648
vn -0.8633 0.4990 -0.0757
vn -0.9092 0.3902 -0.1454
vn -0.5539 0.0898 0.8277
vn -0.1837 0.1843 -0.9656
vn 0.8633 0.4990 -0.0757
vn 0.9092 0.3902 -0.1454
vn 0.5539 0.0898 0.8277
vn 0.1837 0.1843 -0.9656
vn 0.2523 0.5151 -0.8191
vn 0.0859 0.5156 -0.8525
vn 0.2583 -0.9652 0.0418
vn 0.0061 -0.9987 0.0506
vn 0.2991 -0.4922 0.8175
vn 0.1068 -0.3993 0.9106
vn 0.3180 0.5016 0.8045
vn 0.1211 0.5097 0.8518
vn 0.2361 -0.6909 -0.6833
vn 0.0738 -0.5697 -0.8186
vn 0.3100 0.9491 -0.0555
vn 0.1222 0.9912 -0.0517
vn 0.3098 0.9491 -0.0572
vn 0.1219 0.9911 -0.0528
vn 0.1869 -0.4160 -0.8900
vn 0.0380 -0.5131 -0.8575
vn -0.0859 0.5156 -0.8525
vn -0.2523 0.5151 -0.8191
vn -0.0061 -0.9987 0.0506
vn -0.2583 -0.9652 0.0418
vn -0.1068 -0.3993 0.9106
vn -0.2991 -0.4922 0.8175
vn -0.1211 0.5097 0.8518
vn -0.3180 0.5016 0.8045
vn -0.0738 -0.5697 -0.8186
vn -0.2361 -0.6909 -0.6833
vn -0.1223 0.9911 -0.0517
vn -0.3100 0.9491 -0.0555
vn -0.1219 0.9911 -0.0528
vn -0.3098 0.9491 -0.0572
vn -0.0380 -0.5131 -0.8575
vn -0.1869 -0.4160 -0.8900
vn -0.1068 -0.7885 -0.6057
vn -0.0418 -0.4913 -0.8700
vn 0.2615 -0.3469 -0.9007
vn 0.3121 -0.7582 -0.5724
vn -0.0003 0.9988 -0.0497
vn 0.3768 0.5081 -0.7745
vn -0.0196 0.4710 -0.8819
vn 0.4436 0.8942 -0.0604
vn 0.4046 -0.9138 0.0358
vn -0.0227 -0.3747 0.9269
vn 0.4161 -0.5488 0.7250
vn -0.1857 -0.9810 0.0555
vn -0.0036 0.5048 0.8632
vn 0.4609 0.4816 0.7454
vn -0.0005 0.9988 -0.0491
vn 0.4434 0.8943 -0.0598
vn 0.1068 -0.7885 -0.6057
vn -0.3121 -0.7582 -0.5724
vn 0.0418 -0.4913 -0.8700
vn -0.2615 -0.3469 -0.9007
vn 0.0003 0.9988 -0.0497
vn 0.0196 0.4710 -0.8819
vn -0.4436 0.8942 -0.0604
vn -0.3768 0.5081 -0.7745
vn -0.4046 -0.9138 0.0358
vn 0.0227 -0.3747 0.9269
vn 0.1857 -0.9810 0.0555
vn -0.4161 -0.5489 0.7250
vn 0.0037 0.5048 0.8632
vn -0.4609 0.4816 0.7454
vn 0.0005 0.9988 -0.0491
vn -0.4434 0.8943 -0.0598
vn 0.3682 -0.1665 0.9147
vn 0.9134 -0.1430 -0.3810
vn 0.2136 0.1336 -0.9677
vn 0.9851 -0.1590 -0.0656
vn -0.3682 -0.1665 0.9147
vn -0.9134 -0.1430 -0.3810
vn -0.2136 0.1336 -0.9677
vn -0.9851 -0.1590 -0.0656
vn 0.1944 0.1901 -0.9623
vn 0.5599 0.0919 0.8235
vn 0.9035 0.3891 -0.1799
vn -0.1944 0.1901 -0.9623
vn -0.5599 0.0919 0.8235
vn -0.9035 0.3891 -0.1799
vn -0.8603 0.4983 -0.1074
vn 0.8603 0.4983 -0.1074
vn 0.8657 0.4993 -0.0361
vn -0.8657 0.4993 -0.0361
vn -0.9154 0.3910 -0.0956
vn -0.5468 0.0873 0.8327
vn -0.1708 0.1772 -0.9692
vn 0.9154 0.3910 -0.0956
vn 0.5468 0.0873 0.8327
vn 0.1708 0.1772 -0.9692
vn -0.8664 0.4991 -0.0173
vn 0.8664 0.4991 -0.0173
vn -0.9174 0.3911 -0.0733
vn -0.5441 0.0864 0.8346
vn -0.1658 0.1745 -0.9706
vn 0.9174 0.3911 -0.0733
vn 0.5441 0.0864 0.8346
vn 0.1658 0.1745 -0.9706
vn 0.1759 0.1800 -0.9678
vn 0.5496 0.0883 0.8307
vn 0.9131 0.3908 -0.1165
vn -0.1759 0.1800 -0.9678
vn -0.5496 0.0883 0.8307
vn -0.9131 0.3908 -0.1165
vn 0.8647 0.4993 -0.0555
vn -0.8647 0.4993 -0.0555
vn -0.7814 0.1499 0.6058
vn -0.4825 -0.2338 -0.8441
vn -0.4816 -0.3971 -0.7813
vn -0.9399 -0.3246 0.1059
vn 0.7814 0.1499 0.6058
vn 0.4825 -0.2338 -0.8441
vn 0.4816 -0.3971 -0.7813
vn 0.9399 -0.3246 0.1059
vn 0.9714 -0.1762 0.1592
vn -0.7775 0.1518 0.6103
vn -0.4519 -0.2332 -0.8611
vn 0.0971 -0.2365 -0.9668
vn -0.9383 -0.2769 0.2069
vn 0.7775 0.1518 0.6103
vn 0.4519 -0.2332 -0.8611
vn -0.0972 -0.2365 -0.9668
vn 0.9383 -0.2769 0.2069
vn 0.9315 -0.3633 0.0159
vn 0.9352 -0.3526 -0.0311
vn 0.5128 -0.2342 -0.8260
vn 0.7853 0.1479 0.6012
vn -0.9315 -0.3633 0.0159
vn -0.9352 -0.3526 -0.0311
vn -0.5128 -0.2342 -0.8260
vn -0.7853 0.1479 0.6012
vt 0.755602 0.651115
vt 0.684567 0.704507
vt 0.678391 0.690687
vt 0.750259 0.636154
vt 0.772575 0.746545
vt 0.783287 0.850021
vt 0.690103 0.762833
vt 0.761122 0.670389
vt 0.737178 0.903837
vt 0.645682 0.816150
vt 0.193899 0.997371
vt 0.141559 0.999906
vt 0.119551 0.842349
vt 0.181710 0.840699
vt 0.585808 0.978024
vt 0.550605 0.803495
vt 0.162873 0.748808
vt 0.105341 0.758417
vt 0.086224 0.673961
vt 0.150313 0.679804
vt 0.437902 0.718011
vt 0.328613 0.723574
vt 0.323629 0.694054
vt 0.435419 0.695079
vt 0.467138 0.992922
vt 0.350276 0.996243
vt 0.348211 0.840542
vt 0.453595 0.823740
vt 0.633754 0.788639
vt 0.666251 0.751783
vt 0.578643 0.773255
vt 0.619999 0.682164
vt 0.618731 0.692212
vt 0.577322 0.711262
vt 0.575689 0.701435
vt 0.662505 0.718461
vt 0.660302 0.713855
vt 0.536347 0.719204
vt 0.570403 0.730112
vt 0.647364 0.692936
vt 0.656384 0.705130
vt 0.309843 0.500000
vt 0.417039 0.500000
vt 0.010258 0.701576
vt 0.000094 0.705350
vt 0.014046 0.500000
vt 0.015849 0.500000
vt 0.618699 0.661995
vt 0.538589 0.699074
vt 0.517540 0.500000
vt 0.673359 0.500000
vt 0.028141 0.500000
vt 0.093392 0.500000
vt 0.750421 0.500000
vt 0.779026 0.500000
vt 0.572214 0.723161
vt 0.034719 0.994993
vt 0.018823 0.994846
vt 0.001346 0.840923
vt 0.015282 0.841022
vt 0.619125 0.699037
vt 0.817381 0.705452
vt 0.812135 0.633982
vt 0.823700 0.625585
vt 0.827624 0.696058
vt 0.810133 0.617489
vt 0.822352 0.609508
vt 0.853067 0.576986
vt 0.876569 0.563460
vt 0.841004 0.500000
vt 0.855172 0.500000
vt 0.836475 0.798993
vt 0.848634 0.787328
vt 0.006568 0.787290
vt 0.018535 0.783947
vt 0.063486 0.682107
vt 0.079890 0.766167
vt 0.755601 0.348886
vt 0.750258 0.363846
vt 0.678390 0.309314
vt 0.684566 0.295494
vt 0.772574 0.253456
vt 0.761120 0.329612
vt 0.690103 0.237168
vt 0.783285 0.149981
vt 0.645682 0.183852
vt 0.737177 0.096166
vt 0.193899 0.002629
vt 0.181710 0.159301
vt 0.119551 0.157651
vt 0.141559 0.000094
vt 0.550606 0.196506
vt 0.585808 0.021978
vt 0.162874 0.251192
vt 0.150313 0.320196
vt 0.086224 0.326039
vt 0.105342 0.241583
vt 0.437902 0.281990
vt 0.435419 0.304921
vt 0.323629 0.305947
vt 0.328613 0.276426
vt 0.467139 0.007079
vt 0.453596 0.176261
vt 0.348211 0.159459
vt 0.350277 0.003758
vt 0.666251 0.248218
vt 0.633754 0.211363
vt 0.578643 0.226745
vt 0.619999 0.317837
vt 0.575689 0.298566
vt 0.577322 0.288738
vt 0.618731 0.307789
vt 0.660301 0.286146
vt 0.662504 0.281540
vt 0.536346 0.280797
vt 0.570403 0.269888
vt 0.647364 0.307065
vt 0.656383 0.294871
vt 0.010258 0.298425
vt 0.000094 0.294650
vt 0.618698 0.338006
vt 0.538588 0.300927
vt 0.572214 0.276839
vt 0.034719 0.005007
vt 0.015282 0.158978
vt 0.001346 0.159077
vt 0.018823 0.005154
vt 0.619125 0.300964
vt 0.817379 0.294548
vt 0.827622 0.303942
vt 0.823699 0.374415
vt 0.812134 0.366018
vt 0.822351 0.390492
vt 0.810132 0.382511
vt 0.876569 0.436539
vt 0.853067 0.423014
vt 0.836473 0.201008
vt 0.848632 0.212673
vt 0.886745 0.353963
vt 0.018535 0.216053
vt 0.006568 0.212710
vt 0.063486 0.317893
vt 0.079890 0.233833
vt 0.295413 0.159318
vt 0.275609 0.269145
vt 0.220262 0.260574
vt 0.239835 0.159463
vt 0.268254 0.310629
vt 0.239245 0.500000
vt 0.166723 0.500000
vt 0.210588 0.315301
vt 0.298281 0.003912
vt 0.246199 0.003522
vt 0.295412 0.840683
vt 0.239834 0.840537
vt 0.220262 0.739426
vt 0.275609 0.730856
vt 0.268254 0.689371
vt 0.210588 0.684699
vt 0.298280 0.996088
vt 0.246198 0.996478
vt 0.030585 0.305973
vt 0.042471 0.222740
vt 0.054438 0.226083
vt 0.040749 0.309748
vt 0.088322 0.158166
vt 0.057093 0.158682
vt 0.111982 0.002329
vt 0.082406 0.004564
vt 0.024699 0.500000
vt 0.021258 0.500000
vt 0.030585 0.694027
vt 0.040749 0.690253
vt 0.054438 0.773917
vt 0.042470 0.777261
vt 0.088322 0.841834
vt 0.057093 0.841318
vt 0.111982 0.997671
vt 0.082406 0.995435
vt 0.613283 0.739318
vt 0.613311 0.739133
vt 0.613372 0.739099
vt 0.613350 0.739356
vt 0.613455 0.739052
vt 0.613481 0.739406
vt 0.613139 0.738856
vt 0.612932 0.738933
vt 0.612850 0.738880
vt 0.613134 0.738746
vt 0.612751 0.738828
vt 0.613124 0.738586
vt 0.613005 0.739224
vt 0.612946 0.739206
vt 0.612870 0.739183
vt 0.613069 0.739361
vt 0.613026 0.739413
vt 0.612966 0.739491
vt 0.613300 0.738882
vt 0.613376 0.738778
vt 0.613500 0.738661
vt 0.613242 0.739343
vt 0.613275 0.739411
vt 0.613301 0.739534
vt 0.613481 0.260595
vt 0.613455 0.260949
vt 0.613372 0.260902
vt 0.613350 0.260645
vt 0.613311 0.260868
vt 0.613283 0.260683
vt 0.613124 0.261414
vt 0.612752 0.261173
vt 0.612850 0.261121
vt 0.613134 0.261254
vt 0.612932 0.261068
vt 0.613139 0.261145
vt 0.612871 0.260818
vt 0.612946 0.260795
vt 0.613005 0.260777
vt 0.612966 0.260510
vt 0.613026 0.260588
vt 0.613069 0.260640
vt 0.613500 0.261340
vt 0.613376 0.261223
vt 0.613300 0.261119
vt 0.613301 0.260468
vt 0.613275 0.260591
vt 0.613242 0.260658
vt 0.613256 0.738946
vt 0.613141 0.738929
vt 0.613247 0.739165
vt 0.613233 0.739276
vt 0.613206 0.739284
vt 0.612989 0.738976
vt 0.613065 0.739243
vt 0.613105 0.739308
vt 0.613256 0.261054
vt 0.613247 0.260836
vt 0.613141 0.261072
vt 0.613233 0.260725
vt 0.613206 0.260717
vt 0.612989 0.261025
vt 0.613065 0.260758
vt 0.613106 0.260693
vt 0.020421 0.697801
vt 0.030503 0.780604
vt 0.030503 0.219397
vt 0.020421 0.302199
vt 0.043156 0.158781
vt 0.029219 0.158880
vt 0.066510 0.004712
vt 0.050615 0.004859
vt 0.019455 0.500000
vt 0.017652 0.500000
vt 0.043156 0.841219
vt 0.029219 0.841121
vt 0.066510 0.995288
vt 0.050614 0.995141
vt 0.799622 0.165654
vt 0.815958 0.181327
vt 0.800098 0.278699
vt 0.786336 0.266077
vt 0.781836 0.382020
vt 0.813413 0.400193
vt 0.817099 0.500000
vt 0.798062 0.500000
vt 0.772288 0.359287
vt 0.788976 0.369689
vt 0.776765 0.340812
vt 0.792410 0.352013
vt 0.799624 0.834348
vt 0.786337 0.733923
vt 0.800100 0.721302
vt 0.815961 0.818674
vt 0.781836 0.617980
vt 0.813414 0.599807
vt 0.772289 0.640713
vt 0.788977 0.630311
vt 0.776766 0.659188
vt 0.792411 0.647987
vt 0.886747 0.646037
s 0
usemtl ShirtCloth
f 31/1/1 35/2/1 51/3/1 3/4/1
f 20/5/2 19/6/2 2/7/2 4/8/2
f 19/6/3 23/9/3 10/10/3 2/7/3
f 138/11/4 27/12/4 39/13/4 140/14/4
f 23/9/5 25/15/5 6/16/5 10/10/5
f 139/17/6 33/18/6 7/19/6 144/20/6
f 131/21/7 34/22/7 8/23/7 132/24/7
f 129/25/8 29/26/8 9/27/8 128/28/8
f 10/10/9 15/29/9 13/30/9 2/7/9
f 6/16/10 17/31/10 15/29/10 10/10/10
f 5/32/11 14/33/11 16/34/11 11/35/11
f 35/2/12 36/36/12 54/37/12 51/3/12
f 32/38/13 37/39/13 17/31/13 6/16/13
f 1/40/14 12/41/14 14/33/14 5/32/14
f 132/24/15 8/23/15 28/42/15 130/43/15
f 237/44/16 38/45/16 30/46/16 230/47/16
f 50/48/17 55/49/17 24/50/17 22/51/17
f 144/20/18 7/19/18 26/52/18 137/53/18
f 51/3/19 50/48/19 22/51/19 18/54/19
f 3/4/20 51/3/20 18/54/20 21/55/20
f 55/49/21 53/56/21 37/39/21 32/38/21
f 2/7/22 13/30/22 36/36/22 35/2/22
f 128/28/23 9/27/23 34/22/23 131/21/23
f 140/14/24 39/13/24 33/18/24 139/17/24
f 4/8/25 2/7/25 35/2/25 31/1/25
f 232/57/26 40/58/26 41/59/26 231/60/26
f 1/40/27 5/32/27 50/48/27 51/3/27
f 16/34/28 14/33/28 52/61/28 53/56/28
f 14/33/29 12/41/29 54/37/29 52/61/29
f 11/35/30 16/34/30 53/56/30 55/49/30
f 5/32/31 11/35/31 55/49/31 50/48/31
f 12/41/32 1/40/32 51/3/32 54/37/32
f 268/62/33 259/63/33 57/64/33 58/65/33
f 259/63/34 260/66/34 60/67/34 57/64/34
f 260/66/35 261/68/35 56/69/35 60/67/35
f 261/68/36 262/70/36 59/71/36 56/69/36
f 263/72/37 268/62/37 58/65/37 61/73/37
f 57/64/38 60/67/38 56/69/38
f 231/60/39 41/59/39 63/74/39 233/75/39
f 212/76/40 7/19/40 33/18/40 217/77/40
f 87/78/41 66/79/41 107/80/41 91/81/41
f 82/82/42 67/83/42 65/84/42 81/85/42
f 81/85/43 65/84/43 73/86/43 83/87/43
f 141/88/44 143/89/44 95/90/44 85/91/44
f 83/87/45 73/86/45 69/92/45 84/93/45
f 142/94/46 145/95/46 70/96/46 89/97/46
f 135/98/47 136/99/47 71/100/47 90/101/47
f 134/102/48 133/103/48 72/104/48 86/105/48
f 73/86/49 65/84/49 76/106/49 78/107/49
f 69/92/50 73/86/50 78/107/50 80/108/50
f 68/109/51 74/110/51 79/111/51 77/112/51
f 91/81/52 107/80/52 110/113/52 92/114/52
f 88/115/53 69/92/53 80/108/53 93/116/53
f 64/117/54 68/109/54 77/112/54 75/118/54
f 136/99/55 130/43/55 28/42/55 71/100/55
f 238/119/56 230/47/56 30/46/56 94/120/56
f 106/121/57 22/51/57 24/50/57 111/122/57
f 145/95/58 137/53/58 26/52/58 70/96/58
f 107/80/59 18/54/59 22/51/59 106/121/59
f 66/79/60 21/55/60 18/54/60 107/80/60
f 111/122/61 88/115/61 93/116/61 109/123/61
f 65/84/62 91/81/62 92/114/62 76/106/62
f 133/103/63 135/98/63 90/101/63 72/104/63
f 143/89/64 142/94/64 89/97/64 95/90/64
f 67/83/65 87/78/65 91/81/65 65/84/65
f 235/124/66 234/125/66 97/126/66 96/127/66
f 64/117/67 107/80/67 106/121/67 68/109/67
f 79/111/68 109/123/68 108/128/68 77/112/68
f 77/112/69 108/128/69 110/113/69 75/118/69
f 74/110/70 111/122/70 109/123/70 79/111/70
f 68/109/71 106/121/71 111/122/71 74/110/71
f 75/118/72 110/113/72 107/80/72 64/117/72
f 269/129/73 114/130/73 113/131/73 264/132/73
f 264/132/74 113/131/74 115/133/74 265/134/74
f 265/134/75 115/133/75 112/135/75 266/136/75
f 266/136/76 112/135/76 59/71/76 262/70/76
f 267/137/77 116/138/77 114/130/77 269/129/77
f 114/130/78 117/139/78 112/135/78 115/133/78 113/131/78
f 234/125/79 236/140/79 118/141/79 97/126/79
f 213/142/80 220/143/80 89/97/80 70/96/80
f 211/144/81 210/145/81 126/146/81 127/147/81
f 204/148/82 205/149/82 120/150/82 124/151/82
f 210/145/83 204/148/83 124/151/83 126/146/83
f 209/152/84 211/144/84 127/147/84 125/153/84
f 208/154/85 123/155/85 122/156/85 207/157/85
f 203/158/86 119/159/86 120/150/86 205/149/86
f 207/157/87 122/156/87 119/159/87 203/158/87
f 206/160/88 121/161/88 123/155/88 208/154/88
f 69/92/89 88/115/89 135/98/89 133/103/89
f 111/122/90 24/50/90 130/43/90 136/99/90
f 84/93/91 69/92/91 133/103/91 134/102/91
f 88/115/92 111/122/92 136/99/92 135/98/92
f 6/16/93 128/28/93 131/21/93 32/38/93
f 55/49/94 132/24/94 130/43/94 24/50/94
f 25/15/95 129/25/95 128/28/95 6/16/95
f 32/38/96 131/21/96 132/24/96 55/49/96
f 127/147/97 126/146/97 142/94/97 143/89/97
f 124/151/98 120/150/98 137/53/98 145/95/98
f 126/146/99 124/151/99 145/95/99 142/94/99
f 125/153/100 127/147/100 143/89/100 141/88/100
f 123/155/101 140/14/101 139/17/101 122/156/101
f 119/159/102 144/20/102 137/53/102 120/150/102
f 122/156/103 139/17/103 144/20/103 119/159/103
f 121/161/104 138/11/104 140/14/104 123/155/104
f 240/162/105 247/163/105 154/164/105 151/165/105
f 218/166/106 220/143/106 154/164/106 152/167/106
f 219/168/107 218/166/107 152/167/107 153/169/107
f 213/142/108 214/170/108 147/171/108 151/165/108
f 239/172/109 146/173/109 150/174/109 244/175/109
f 215/176/110 148/177/110 150/174/110 217/77/110
f 216/178/111 149/179/111 148/177/111 215/176/111
f 212/76/112 146/173/112 147/171/112 214/170/112
f 159/180/113 164/181/113 166/182/113 160/183/113
f 160/183/114 166/182/114 165/184/114 158/185/114
f 177/186/115 161/187/115 163/188/115 178/189/115
f 178/189/116 163/188/116 162/190/116 176/191/116
f 161/187/117 167/192/117 169/193/117 163/188/117
f 163/188/118 169/193/118 168/194/118 162/190/118
f 167/192/119 170/195/119 172/196/119 169/193/119
f 169/193/120 172/196/120 171/197/120 168/194/120
f 164/181/121 155/198/121 157/199/121 166/182/121
f 166/182/122 157/199/122 156/200/122 165/184/122
f 174/201/123 159/180/123 160/183/123 175/202/123
f 175/202/124 160/183/124 158/185/124 173/203/124
f 170/195/125 174/201/125 175/202/125 172/196/125
f 172/196/126 175/202/126 173/203/126 171/197/126
f 155/198/127 177/186/127 178/189/127 157/199/127
f 157/199/128 178/189/128 176/191/128 156/200/128
f 183/204/129 188/205/129 190/206/129 184/207/129
f 184/207/130 190/206/130 189/208/130 182/209/130
f 201/210/131 185/211/131 187/212/131 202/213/131
f 202/213/132 187/212/132 186/214/132 200/215/132
f 185/211/133 191/216/133 193/217/133 187/212/133
f 187/212/134 193/217/134 192/218/134 186/214/134
f 191/216/135 194/219/135 196/220/135 193/217/135
f 193/217/136 196/220/136 195/221/136 192/218/136
f 188/205/137 179/222/137 181/223/137 190/206/137
f 190/206/138 181/223/138 180/224/138 189/208/138
f 198/225/139 183/204/139 184/207/139 199/226/139
f 199/226/140 184/207/140 182/209/140 197/227/140
f 194/219/141 198/225/141 199/226/141 196/220/141
f 196/220/142 199/226/142 197/227/142 195/221/142
f 179/222/143 201/210/143 202/213/143 181/223/143
f 181/223/144 202/213/144 200/215/144 180/224/144
f 53/56/145 156/200/145 176/191/145 37/39/145
f 52/61/146 165/184/146 156/200/146 53/56/146
f 155/198/147 47/228/147 46/229/147 177/186/147
f 164/181/148 48/230/148 47/228/148 155/198/148
f 36/36/149 173/203/149 158/185/149 54/37/149
f 159/180/150 49/231/150 48/230/150 164/181/150
f 54/37/151 158/185/151 165/184/151 52/61/151
f 174/201/152 45/232/152 49/231/152 159/180/152
f 177/186/153 46/229/153 42/233/153 161/187/153
f 17/31/154 162/190/154 168/194/154 15/29/154
f 161/187/155 42/233/155 43/234/155 167/192/155
f 37/39/156 176/191/156 162/190/156 17/31/156
f 15/29/157 168/194/157 171/197/157 13/30/157
f 167/192/158 43/234/158 44/235/158 170/195/158
f 13/30/159 171/197/159 173/203/159 36/36/159
f 170/195/160 44/235/160 45/232/160 174/201/160
f 109/123/161 93/116/161 201/210/161 179/222/161
f 189/208/162 180/224/162 103/236/162 104/237/162
f 108/128/163 109/123/163 179/222/163 188/205/163
f 180/224/164 200/215/164 102/238/164 103/236/164
f 92/114/165 110/113/165 183/204/165 198/225/165
f 110/113/166 108/128/166 188/205/166 183/204/166
f 197/227/167 182/209/167 105/239/167 101/240/167
f 182/209/168 189/208/168 104/237/168 105/239/168
f 200/215/169 186/214/169 98/241/169 102/238/169
f 80/108/170 78/107/170 191/216/170 185/211/170
f 93/116/171 80/108/171 185/211/171 201/210/171
f 186/214/172 192/218/172 99/242/172 98/241/172
f 78/107/173 76/106/173 194/219/173 191/216/173
f 192/218/174 195/221/174 100/243/174 99/242/174
f 76/106/175 92/114/175 198/225/175 194/219/175
f 195/221/176 197/227/176 101/240/176 100/243/176
f 29/26/177 206/160/177 208/154/177 9/27/177
f 34/22/178 207/157/178 203/158/178 8/23/178
f 8/23/179 203/158/179 205/149/179 28/42/179
f 9/27/180 208/154/180 207/157/180 34/22/180
f 86/105/181 72/104/181 211/144/181 209/152/181
f 90/101/182 71/100/182 204/148/182 210/145/182
f 71/100/183 28/42/183 205/149/183 204/148/183
f 72/104/184 90/101/184 210/145/184 211/144/184
f 7/19/185 212/76/185 214/170/185 26/52/185
f 27/12/186 216/178/186 215/176/186 39/13/186
f 39/13/187 215/176/187 217/77/187 33/18/187
f 70/96/188 26/52/188 214/170/188 213/142/188
f 85/91/189 95/90/189 218/166/189 219/168/189
f 95/90/190 89/97/190 220/143/190 218/166/190
f 151/165/191 154/164/191 220/143/191 213/142/191
f 146/173/192 212/76/192 217/77/192 150/174/192
f 237/44/193 228/244/193 224/245/193 233/75/193
f 238/119/194 236/140/194 227/246/194 229/247/194
f 245/248/195 247/163/195 227/246/195 225/249/195
f 246/250/196 245/248/196 225/249/196 226/251/196
f 240/162/197 241/252/197 221/253/197 229/247/197
f 242/254/198 222/255/198 224/245/198 244/175/198
f 243/256/199 223/257/199 222/255/199 242/254/199
f 239/172/200 228/244/200 221/253/200 241/252/200
f 94/120/201 118/141/201 236/140/201 238/119/201
f 38/45/202 237/44/202 233/75/202 63/74/202
f 225/249/203 227/246/203 236/140/203 234/125/203
f 226/251/204 225/249/204 234/125/204 235/124/204
f 229/247/205 221/253/205 230/47/205 238/119/205
f 222/255/206 231/60/206 233/75/206 224/245/206
f 223/257/207 232/57/207 231/60/207 222/255/207
f 228/244/208 237/44/208 230/47/208 221/253/208
f 146/173/209 239/172/209 241/252/209 147/171/209
f 149/179/210 243/256/210 242/254/210 148/177/210
f 148/177/211 242/254/211 244/175/211 150/174/211
f 151/165/212 147/171/212 241/252/212 240/162/212
f 153/169/213 152/167/213 245/248/213 246/250/213
f 152/167/214 154/164/214 247/163/214 245/248/214
f 228/244/215 239/172/215 244/175/215 224/245/215
f 229/247/216 227/246/216 247/163/216 240/162/216
f 280/258/217 258/259/217 255/260/217 271/261/217
f 279/262/218 257/263/218 252/264/218 275/265/218
f 278/266/219 256/267/219 257/263/219 279/262/219
f 277/268/74 254/269/74 256/267/74 278/266/74
f 271/261/220 255/260/220 254/269/220 277/268/220
f 276/270/221 270/271/221 249/272/221 253/273/221
f 274/274/222 275/265/222 252/264/222 251/275/222
f 273/276/223 274/274/223 251/275/223 250/277/223
f 272/278/34 273/276/34 250/277/34 248/279/34
f 270/271/224 272/278/224 248/279/224 249/272/224
f 58/65/225 57/64/225 56/69/225 62/280/225
f 258/259/226 267/137/226 269/129/226 255/260/226
f 257/263/227 266/136/227 262/70/227 252/264/227
f 256/267/228 265/134/228 266/136/228 257/263/228
f 254/269/74 264/132/74 265/134/74 256/267/74
f 255/260/229 269/129/229 264/132/229 254/269/229
f 253/273/230 249/272/230 268/62/230 263/72/230
f 251/275/231 252/264/231 262/70/231 261/68/231
f 250/277/232 251/275/232 261/68/232 260/66/232
f 248/279/34 250/277/34 260/66/34 259/63/34
f 249/272/233 248/279/233 259/63/233 268/62/233
f 20/5/234 4/8/234 272/278/234 270/271/234
f 4/8/34 31/1/34 273/276/34 272/278/34
f 31/1/235 3/4/235 274/274/235 273/276/235
f 3/4/236 21/55/236 275/265/236 274/274/236
f 19/6/237 20/5/237 270/271/237 276/270/237
f 82/82/238 271/261/238 277/268/238 67/83/238
f 67/83/74 277/268/74 278/266/74 87/78/74
f 87/78/239 278/266/239 279/262/239 66/79/239
f 66/79/240 279/262/240 275/265/240 21/55/240
f 81/85/241 280/258/241 271/261/241 82/82/241
o SheathWrap
v 0.068062 1.440924 -0.032461
v 0.022771 1.339298 0.194839
v -0.092662 1.207474 0.208021
v -0.207170 1.111851 0.123813
v -0.130363 1.169192 0.213674
v -0.217562 1.100598 0.126956
v -0.235463 1.134420 0.054494
v -0.226326 1.190019 0.022109
v -0.231698 1.161039 0.039146
v -0.230570 1.102982 0.099545
v -0.198854 1.107225 0.154335
v 0.087137 1.406517 0.165931
v 0.109030 1.439422 0.094662
v -0.190150 1.117457 0.147983
v 0.090390 1.447931 -0.003593
v 0.042109 1.431475 -0.056889
v -0.200736 1.271474 -0.013478
v -0.236062 1.114288 0.074559
v 0.048670 1.440744 -0.065655
v -0.064099 1.367657 -0.100400
v -0.104177 1.335531 -0.104339
v -0.139313 1.305640 -0.090379
v -0.152522 1.150971 0.189476
v -0.024366 1.392222 -0.084541
v 0.026491 1.340324 0.204258
v -0.224001 1.125910 0.076986
v -0.219102 1.114674 0.099396
v -0.142420 1.305434 -0.101796
v -0.216150 1.230221 0.007845
v -0.178702 1.122223 0.179897
v -0.157007 1.143484 0.199705
v 0.047916 1.365227 0.194400
v 0.116524 1.453890 0.057667
v 0.076013 1.450724 -0.038794
v -0.194108 1.274320 -0.005429
v 0.069413 1.386898 0.185021
v 0.098704 1.422963 0.133443
v 0.017128 1.424089 -0.083915
v 0.063326 1.383552 0.175566
v 0.079682 1.401491 0.157844
v 0.012307 1.415971 -0.073859
v -0.103327 1.333757 -0.093940
v 0.105874 1.444260 0.057953
v -0.064767 1.364025 -0.089937
v -0.093639 1.202982 0.218023
v -0.218038 1.196690 0.028722
v -0.004458 1.303450 0.203947
v 0.090131 1.416325 0.128003
v -0.222477 1.169545 0.044854
v -0.048896 1.252175 0.209822
v -0.172101 1.131132 0.170900
v -0.208544 1.234873 0.015493
v -0.170414 1.291368 -0.051408
v -0.021872 1.398192 -0.095073
v 0.098657 1.430709 0.092822
v 0.104693 1.450413 0.026602
v 0.043179 1.363190 0.184741
v -0.127949 1.174988 0.203121
v -0.224612 1.144735 0.058871
v -0.001705 1.302998 0.213214
v -0.048337 1.249447 0.218966
v -0.175619 1.288771 -0.062300
v 0.099933 1.458012 -0.007333
v 0.115093 1.460526 0.024513
v -0.024773 1.392162 -0.084501
v -0.207588 1.111751 0.123861
v -0.139710 1.305638 -0.090413
v -0.170842 1.291404 -0.051350
v -0.104553 1.335511 -0.104369
v 0.108574 1.439318 0.094673
v -0.217994 1.100480 0.127003
v -0.236499 1.114160 0.074573
v -0.232094 1.160929 0.039113
v -0.226716 1.189918 0.022059
v -0.128288 1.174948 0.203175
v 0.042854 1.363213 0.184653
v -0.103704 1.333739 -0.093969
v -0.157331 1.143420 0.199775
v 0.047582 1.365250 0.194297
v -0.022283 1.398121 -0.095031
v -0.064484 1.367619 -0.100380
v -0.218423 1.196596 0.028668
v -0.219529 1.114568 0.099425
v -0.093051 1.207395 0.208068
v 0.089750 1.416295 0.127957
v -0.176045 1.288790 -0.062268
v -0.142815 1.305419 -0.101854
v -0.216554 1.230090 0.007728
v -0.199253 1.107123 0.154398
v 0.099488 1.457901 -0.007282
v -0.190522 1.117372 0.148038
v 0.062972 1.383566 0.175448
v 0.079321 1.401487 0.157756
v -0.225014 1.144629 0.058853
v 0.022456 1.339293 0.194814
v 0.098236 1.430635 0.092828
v -0.222859 1.169446 0.044814
v -0.201151 1.271412 -0.013524
v -0.094026 1.202902 0.218081
v 0.069044 1.386906 0.184892
v 0.016739 1.424021 -0.083845
v 0.105440 1.444166 0.057979
v 0.067651 1.440845 -0.032393
v -0.065152 1.363994 -0.089919
v -0.235890 1.134298 0.054487
v -0.231012 1.102857 0.099577
v 0.086752 1.406495 0.165839
v 0.114654 1.460416 0.024558
v 0.075584 1.450630 -0.038725
v 0.048274 1.440673 -0.065576
v -0.224424 1.125802 0.076993
v -0.049332 1.252040 0.209840
v -0.004831 1.303353 0.203963
v -0.179051 1.122139 0.179967
v -0.048772 1.249315 0.218982
v 0.116080 1.453780 0.057703
v -0.172433 1.131062 0.170960
v 0.104256 1.450310 0.026643
v 0.089947 1.447828 -0.003548
v 0.098295 1.422908 0.133394
v 0.011927 1.415913 -0.073797
v 0.041725 1.431415 -0.056815
v -0.152835 1.150918 0.189535
v -0.208948 1.234751 0.015383
v -0.194523 1.274259 -0.005468
v 0.026173 1.340322 0.204222
v -0.002079 1.302902 0.213222
v -0.130704 1.169152 0.213729
v 0.089020 1.418909 0.127796
v 0.097683 1.425527 0.133193
v 0.108422 1.442415 0.094266
v 0.097948 1.433697 0.092439
v -0.140314 1.308592 -0.090885
v -0.104387 1.336799 -0.094478
v -0.065794 1.366963 -0.090573
v -0.025371 1.395331 -0.085194
v 0.011339 1.419171 -0.074519
v 0.041203 1.434688 -0.057521
v 0.067156 1.444064 -0.032970
v 0.089588 1.451005 -0.003939
v 0.104018 1.453479 0.026317
v 0.105321 1.447349 0.057673
v 0.078430 1.403980 0.157743
v 0.062133 1.386053 0.175663
v 0.041837 1.365721 0.184642
v 0.021362 1.342030 0.194453
v -0.005630 1.306682 0.203449
v -0.049733 1.255558 0.209384
v -0.093700 1.210581 0.207388
v -0.129105 1.177930 0.202325
v -0.153603 1.154015 0.188537
v -0.173025 1.134299 0.169911
v -0.190979 1.120651 0.147091
v -0.208061 1.114982 0.123118
v -0.220043 1.117696 0.098912
v -0.225292 1.128790 0.076784
v -0.225772 1.146379 0.058900
v -0.223224 1.170147 0.044877
v -0.219574 1.199364 0.028946
v -0.209764 1.238119 0.016078
v -0.195090 1.277281 -0.005686
v -0.171282 1.293836 -0.052355
v -0.237260 1.117072 0.074311
v 0.085935 1.408932 0.165805
v -0.236181 1.135019 0.054485
v 0.068262 1.389274 0.185088
v -0.232924 1.162636 0.039240
v 0.046639 1.367551 0.194282
v -0.105105 1.337906 -0.104816
v -0.227888 1.192749 0.022264
v 0.025186 1.342705 0.203899
v -0.065074 1.370431 -0.101053
v -0.217362 1.233511 0.008404
v -0.002778 1.305727 0.212781
v -0.022812 1.401128 -0.095742
v -0.201699 1.274349 -0.013762
v -0.049141 1.252394 0.218530
v 0.016253 1.427163 -0.084625
v -0.143303 1.307688 -0.102138
v -0.176468 1.291093 -0.063210
v -0.094634 1.205849 0.217324
v 0.047839 1.443890 -0.066333
v -0.131462 1.172032 0.212835
v 0.075201 1.453865 -0.039346
v -0.157980 1.146516 0.198677
v 0.099138 1.461054 -0.007712
v -0.179491 1.125396 0.178841
v 0.114421 1.463554 0.024209
v -0.199528 1.110446 0.153388
v 0.116001 1.456966 0.057357
v -0.231460 1.105933 0.099034
v -0.218405 1.103704 0.126256
v -0.232451 1.161645 0.039165
v -0.223716 1.171136 0.044968
v -0.225373 1.145437 0.058873
v -0.236557 1.135996 0.054487
vn 0.7092 -0.6886 -0.1516
vn 0.7458 -0.5039 -0.4356
vn 0.6637 -0.7282 -0.1712
vn 0.7190 -0.6515 -0.2419
vn 0.6541 -0.6174 -0.4370
vn 0.6509 -0.7040 -0.2840
vn 0.5824 -0.7523 -0.3079
vn 0.6570 -0.7408 -0.1397
vn 0.6560 -0.7389 -0.1538
vn 0.4943 -0.8672 -0.0597
vn 0.6615 -0.5248 -0.5357
vn 0.6432 -0.6668 -0.3765
vn 0.6981 -0.6748 -0.2392
vn 0.6539 -0.7413 -0.1510
vn 0.6555 -0.7417 -0.1422
vn 0.5810 -0.7421 -0.3342
vn 0.6618 -0.7303 -0.1691
vn 0.3995 -0.9161 -0.0338
vn 0.6002 -0.7826 -0.1651
vn 0.6740 -0.6990 -0.2388
vn 0.7389 -0.4339 -0.5156
vn 0.5957 -0.7258 -0.3441
vn 0.7015 -0.6837 -0.2012
vn 0.7330 -0.6569 -0.1766
vn 0.6212 -0.7573 -0.2016
vn 0.6286 -0.7119 -0.3132
vn 0.7528 -0.3779 -0.5390
vn 0.7534 -0.6470 -0.1174
vn 0.7448 -0.6231 -0.2389
vn 0.6513 -0.7159 -0.2517
vn 0.5813 -0.7695 -0.2644
vn 0.6890 -0.4174 -0.5925
vn -0.9031 -0.0356 0.4279
vn -0.9014 -0.0361 0.4315
vn -0.8286 0.0625 0.5563
vn -0.7897 -0.0126 0.6134
vn -0.8090 0.1001 0.5792
vn -0.6925 0.0340 0.7206
vn -0.7288 0.1114 0.6756
vn -0.5293 0.0945 0.8432
vn -0.5641 0.1384 0.8140
vn -0.3580 0.1373 0.9236
vn 0.8149 0.2659 0.5150
vn -0.2931 0.1964 0.9357
vn -0.2408 0.1613 0.9571
vn 0.7205 0.1048 0.6855
vn -0.1900 0.1636 0.9681
vn -0.2098 0.1405 0.9676
vn 0.6548 0.0909 0.7503
vn -0.0411 0.1422 0.9890
vn -0.0240 0.1560 0.9875
vn 0.7293 0.2564 0.6344
vn 0.0851 0.1716 0.9815
vn 0.9004 0.3190 0.2957
vn 0.2406 0.1681 0.9559
vn 0.9715 0.2056 -0.1182
vn 0.3235 0.0828 0.9426
vn 0.8985 0.0535 -0.4358
vn 0.6230 0.1815 0.7608
vn -0.6974 -0.2816 -0.6591
vn 0.8188 -0.0318 -0.5732
vn 0.8582 0.2631 0.4407
vn 0.7080 0.3002 0.6392
vn 0.7999 -0.0545 -0.5977
vn -0.7127 0.6840 0.1556
vn -0.7443 0.5154 0.4246
vn -0.2723 -0.1189 0.9548
vn -0.6615 0.7296 0.1734
vn -0.7109 0.6466 0.2766
vn -0.6567 0.6095 0.4441
vn -0.6524 0.7006 0.2889
vn -0.5831 0.7572 0.2946
vn -0.6518 0.7449 0.1426
vn -0.6533 0.7410 0.1553
vn -0.4948 0.8677 0.0481
vn -0.6951 0.5287 0.4871
vn -0.6457 0.6633 0.3781
vn -0.6943 0.6694 0.2645
vn -0.6493 0.7438 0.1586
vn -0.6515 0.7447 0.1451
vn -0.5792 0.7473 0.3257
vn -0.6560 0.7325 0.1820
vn -0.4295 0.9030 0.0098
vn -0.6093 0.7850 0.1120
vn -0.6730 0.6950 0.2530
vn -0.7127 0.4171 0.5639
vn -0.5933 0.7298 0.3397
vn -0.6919 0.6868 0.2225
vn -0.7342 0.6534 0.1845
vn -0.6245 0.7628 0.1676
vn -0.6261 0.7145 0.3121
vn -0.7527 0.3745 0.5415
vn -0.7563 0.6426 0.1226
vn -0.7333 0.6240 0.2700
vn -0.6491 0.7175 0.2528
vn -0.5840 0.7725 0.2493
vn 0.3350 0.2467 -0.9093
vn -0.6942 0.4133 0.5893
vn -0.3408 -0.2404 0.9089
vn 0.2629 0.1291 -0.9561
vn -0.9982 -0.0533 0.0292
vn -0.9739 -0.1778 0.1408
vn -0.9673 -0.0895 -0.2375
vn -0.9068 -0.2851 -0.3104
vn 0.6808 0.3134 0.6620
vn -0.9298 -0.1969 -0.3111
vn -0.6998 -0.2598 -0.6654
vn 0.0468 -0.1445 -0.9884
vn -0.8508 -0.2853 -0.4413
vn -0.6467 -0.0981 -0.7564
vn 0.2211 -0.1586 -0.9623
vn -0.6238 -0.1861 -0.7591
vn -0.7069 -0.1026 -0.6999
vn 0.2494 -0.1785 -0.9518
vn -0.3353 -0.0863 -0.9382
vn -0.8169 -0.2666 -0.5114
vn 0.3687 -0.1612 -0.9155
vn -0.2623 -0.1730 -0.9493
vn -0.6550 -0.3147 -0.6870
vn 0.5449 -0.1217 -0.8296
vn -0.1006 -0.1728 -0.9798
vn 0.7113 -0.0593 -0.7004
vn 0.0252 -0.1360 -0.9904
vn 0.7976 -0.0076 -0.6032
vn 0.1815 -0.1367 -0.9738
vn 0.9011 0.0301 -0.4327
vn 0.2861 -0.1661 -0.9437
vn 0.9983 0.0453 -0.0362
vn 0.5607 -0.1036 -0.8215
vn 0.9728 0.0625 0.2232
vn 0.7232 -0.0670 -0.6873
vn 0.9337 0.1590 0.3209
vn 0.0079 -0.9240 -0.3823
vn 0.0537 -0.9493 -0.3099
vn 0.2828 -0.5209 -0.8054
vn 0.2971 -0.3859 -0.8734
vn 0.2288 -0.5247 -0.8200
vn 0.1866 -0.5107 -0.8393
vn 0.1966 -0.6952 -0.6914
vn 0.2273 -0.8676 -0.4423
vn 0.2459 -0.9487 -0.1990
vn 0.2623 -0.9635 0.0543
vn 0.2810 -0.9079 0.3110
vn 0.2857 -0.7929 0.5382
vn 0.2369 -0.6415 0.7296
vn 0.1975 -0.3334 0.9219
vn 0.1259 -0.1421 0.9818
vn -0.0001 0.1069 0.9943
vn -0.0791 0.2890 0.9541
vn -0.1662 0.4840 0.8591
vn -0.2338 0.5726 0.7858
vn -0.1931 0.7682 0.6104
vn -0.1582 0.9026 0.4004
vn -0.1838 0.9216 0.3420
vn -0.2029 0.9252 0.3207
vn -0.2196 0.9547 0.2006
vn -0.2386 0.9704 0.0371
vn -0.2341 0.9711 -0.0464
vn -0.2193 0.9662 -0.1358
vn -0.2333 0.8848 -0.4034
vn -0.2138 0.6402 -0.7378
vn -0.1177 0.3269 -0.9377
vn 0.0043 0.1173 -0.9931
vn 0.1210 -0.2349 -0.9645
vn 0.0502 0.9246 0.3777
vn -0.0197 0.9403 0.3398
vn -0.2640 0.5247 0.8093
vn -0.2851 0.3769 0.8813
vn -0.2314 0.5248 0.8192
vn -0.1918 0.4955 0.8471
vn -0.1856 0.6785 0.7108
vn -0.1960 0.8588 0.4733
vn -0.2130 0.9533 0.2141
vn -0.2346 0.9703 -0.0598
vn -0.2552 0.9054 -0.3394
vn -0.2539 0.7825 -0.5685
vn -0.2185 0.6412 -0.7356
vn -0.1833 0.3383 -0.9230
vn -0.1175 0.1544 -0.9810
vn -0.0143 -0.1015 -0.9947
vn 0.0533 -0.2842 -0.9573
vn 0.1378 -0.4838 -0.8643
vn 0.2101 -0.5673 -0.7963
vn 0.1681 -0.7660 -0.6204
vn 0.1156 -0.9050 -0.4094
vn 0.1382 -0.9281 -0.3456
vn 0.1700 -0.9300 -0.3260
vn 0.2011 -0.9598 -0.1959
vn 0.2251 -0.9740 -0.0268
vn 0.2169 -0.9738 0.0686
vn 0.1986 -0.9665 0.1626
vn 0.2128 -0.8782 0.4283
vn 0.1918 -0.6338 0.7493
vn 0.1069 -0.3330 0.9368
vn -0.0056 -0.1250 0.9921
vn -0.0843 0.2307 0.9694
vt 0.353848 0.030627
vt 0.355036 0.018179
vt 0.394609 0.017817
vt 0.390281 0.029370
vt 0.277767 0.297511
vt 0.267903 0.295080
vt 0.268383 0.245350
vt 0.278647 0.242556
vt 0.612203 0.508125
vt 0.619695 0.518251
vt 0.584423 0.543019
vt 0.580696 0.531130
vt 0.558087 0.137803
vt 0.566374 0.132581
vt 0.603400 0.179369
vt 0.595766 0.185334
vt 0.292229 0.076533
vt 0.279281 0.072538
vt 0.297847 0.047646
vt 0.306647 0.056055
vt 0.325583 0.040231
vt 0.322193 0.028835
vt 0.424909 0.555170
vt 0.419659 0.564836
vt 0.376002 0.546473
vt 0.383593 0.538664
vt 0.674115 0.392542
vt 0.685152 0.392717
vt 0.673389 0.440355
vt 0.662477 0.435684
vt 0.640851 0.475130
vt 0.650889 0.483034
vt 0.272672 0.365258
vt 0.262666 0.358800
vt 0.278880 0.104510
vt 0.265102 0.104775
vt 0.516633 0.093982
vt 0.525552 0.088542
vt 0.672657 0.340489
vt 0.682796 0.336797
vt 0.460148 0.559557
vt 0.458186 0.570996
vt 0.655426 0.284221
vt 0.664164 0.278261
vt 0.275817 0.421766
vt 0.266734 0.421252
vt 0.297991 0.466259
vt 0.289345 0.470327
vt 0.471529 0.058542
vt 0.480236 0.051486
vt 0.275082 0.189932
vt 0.264593 0.194645
vt 0.260771 0.148384
vt 0.272801 0.143379
vt 0.498508 0.557549
vt 0.498413 0.570016
vt 0.629035 0.233619
vt 0.636642 0.227062
vt 0.429282 0.037812
vt 0.436426 0.028468
vt 0.338385 0.507325
vt 0.329845 0.513703
vt 0.541756 0.547987
vt 0.542635 0.560671
vt 0.272973 0.143731
vt 0.260429 0.147845
vt 0.265210 0.106364
vt 0.279060 0.103451
vt 0.000120 0.001123
vt 0.000126 0.001121
vt 0.000161 0.001180
vt 0.000155 0.001181
vt 0.587322 0.548739
vt 0.588680 0.552055
vt 0.543766 0.565770
vt 0.542988 0.562542
vt 0.000102 0.001050
vt 0.000108 0.001048
vt 0.498986 0.573526
vt 0.498474 0.570283
vt 0.000102 0.000966
vt 0.000109 0.000965
vt 0.458379 0.576729
vt 0.458126 0.573307
vt 0.000122 0.000879
vt 0.000128 0.000878
vt 0.418715 0.569856
vt 0.418832 0.566458
vt 0.000158 0.000780
vt 0.000165 0.000779
vt 0.374737 0.550058
vt 0.375178 0.546772
vt 0.261274 0.358812
vt 0.258957 0.360395
vt 0.266801 0.297307
vt 0.268903 0.295723
vt 0.000209 0.000665
vt 0.000215 0.000665
vt 0.328774 0.516755
vt 0.329572 0.513673
vt 0.264446 0.247901
vt 0.266668 0.245203
vt 0.000269 0.000548
vt 0.000275 0.000547
vt 0.288037 0.473920
vt 0.289299 0.470842
vt 0.259487 0.196839
vt 0.261552 0.194227
vt 0.000334 0.000432
vt 0.000340 0.000431
vt 0.261024 0.424172
vt 0.263373 0.421965
vt 0.260086 0.148521
vt 0.260461 0.147808
vt 0.000397 0.000320
vt 0.000403 0.000319
vt 0.265409 0.105609
vt 0.264902 0.105953
vt 0.274972 0.073332
vt 0.278257 0.072335
vt 0.000461 0.000212
vt 0.000468 0.000211
vt 0.292964 0.045517
vt 0.296196 0.046342
vt 0.000532 0.000103
vt 0.000539 0.000102
vt 0.319783 0.025794
vt 0.321841 0.028328
vt 0.056150 0.954527
vt 0.059841 0.955273
vt 0.003973 0.999899
vt 0.000102 0.999368
vt 0.000270 0.001263
vt 0.000269 0.001257
vt 0.000350 0.001157
vt 0.000350 0.001160
vt 0.354533 0.015356
vt 0.354910 0.018631
vt 0.102820 0.913375
vt 0.106321 0.914226
vt 0.261182 0.146997
vt 0.260801 0.147523
vt 0.263957 0.107027
vt 0.264486 0.106208
vt 0.395051 0.014128
vt 0.393868 0.017339
vt 0.348262 0.001800
vt 0.392674 0.000101
vt 0.256876 0.299037
vt 0.254034 0.246244
vt 0.264323 0.106203
vt 0.251377 0.099893
vt 0.251800 0.097743
vt 0.635212 0.532770
vt 0.598078 0.563102
vt 0.624042 0.523877
vt 0.576872 0.122988
vt 0.615520 0.172154
vt 0.607475 0.178157
vt 0.570321 0.130864
vt 0.262029 0.063129
vt 0.281157 0.034245
vt 0.310076 0.013371
vt 0.417931 0.582208
vt 0.371740 0.561283
vt 0.702186 0.396953
vt 0.689428 0.447539
vt 0.676794 0.443111
vt 0.689595 0.394665
vt 0.665558 0.492958
vt 0.653336 0.486007
vt 0.248104 0.366345
vt 0.252554 0.097107
vt 0.534178 0.076416
vt 0.529118 0.086331
vt 0.698259 0.337617
vt 0.686382 0.337755
vt 0.459310 0.589631
vt 0.679000 0.276181
vt 0.668019 0.278445
vt 0.251485 0.430173
vt 0.280647 0.481147
vt 0.486506 0.036374
vt 0.483282 0.048278
vt 0.248255 0.193251
vt 0.248104 0.144039
vt 0.502351 0.586328
vt 0.650352 0.222261
vt 0.640735 0.226367
vt 0.438891 0.011007
vt 0.438322 0.024383
vt 0.323390 0.526411
vt 0.549949 0.577886
vt 0.248419 0.141787
vt 0.249102 0.141017
vt 0.260290 0.147805
vt 0.622335 0.520867
vt 0.000211 0.001225
vt 0.000205 0.001226
vt 0.651728 0.483165
vt 0.000271 0.001262
vt 0.674918 0.440573
vt 0.000352 0.001162
vt 0.002919 0.001069
vt 0.048386 0.040567
vt 0.044199 0.040531
vt 0.184498 0.299532
vt 0.187475 0.300275
vt 0.210143 0.369676
vt 0.207039 0.368900
vt 0.687207 0.392394
vt 0.102844 0.082061
vt 0.098171 0.082264
vt 0.228375 0.441583
vt 0.224855 0.440686
vt 0.683555 0.335887
vt 0.153213 0.132823
vt 0.149385 0.132221
vt 0.241160 0.510968
vt 0.237555 0.510041
vt 0.664876 0.277348
vt 0.173087 0.220154
vt 0.169991 0.218706
vt 0.247901 0.571120
vt 0.244249 0.570214
vt 0.637536 0.225991
vt 0.246026 0.621324
vt 0.242335 0.620351
vt 0.604159 0.178122
vt 0.235541 0.671315
vt 0.231839 0.670248
vt 0.566965 0.131154
vt 0.221589 0.725312
vt 0.218053 0.724316
vt 0.525805 0.087153
vt 0.204829 0.778056
vt 0.201393 0.777039
vt 0.480220 0.049890
vt 0.181154 0.824647
vt 0.177632 0.823660
vt 0.435921 0.026921
vt 0.147209 0.870365
vt 0.143562 0.869534
vt 0.273020 0.421967
vt 0.271891 0.363099
vt 0.272061 0.362660
vt 0.272819 0.421727
vt 0.281498 0.296600
vt 0.282215 0.296379
vt 0.279895 0.242182
vt 0.280333 0.241967
vt 0.274712 0.190345
vt 0.274956 0.190248
vt 0.274563 0.145207
vt 0.275055 0.145288
vt 0.278537 0.106421
vt 0.278824 0.106666
vt 0.289253 0.076788
vt 0.289213 0.076936
vt 0.304350 0.054490
vt 0.304270 0.054568
vt 0.325389 0.037596
vt 0.325354 0.037619
vt 0.355582 0.029452
vt 0.355602 0.029610
vt 0.392005 0.028983
vt 0.391942 0.029133
vt 0.430702 0.038188
vt 0.430549 0.038309
vt 0.472431 0.059546
vt 0.472167 0.059617
vt 0.516713 0.095193
vt 0.516349 0.095187
vt 0.557694 0.138807
vt 0.557294 0.138736
vt 0.594886 0.186183
vt 0.594439 0.186089
vt 0.628320 0.233829
vt 0.627895 0.233667
vt 0.654916 0.283925
vt 0.654527 0.283684
vt 0.672534 0.339865
vt 0.672210 0.339581
vt 0.675044 0.392634
vt 0.674869 0.392445
vt 0.662500 0.436412
vt 0.662222 0.436299
vt 0.639823 0.475111
vt 0.639424 0.474887
vt 0.611366 0.507703
vt 0.611011 0.507425
vt 0.579655 0.530618
vt 0.579280 0.530331
vt 0.540597 0.546008
vt 0.540216 0.545541
vt 0.498583 0.556048
vt 0.498379 0.555639
vt 0.460573 0.560213
vt 0.460437 0.560064
vt 0.424390 0.555630
vt 0.424148 0.555453
vt 0.383129 0.537979
vt 0.382874 0.537624
vt 0.339120 0.506706
vt 0.339052 0.506326
vt 0.298919 0.466993
vt 0.298956 0.466752
vt 0.262092 0.359110
vt 0.265237 0.421872
vt 0.264768 0.421672
vt 0.261779 0.358824
vt 0.268537 0.295640
vt 0.268326 0.295489
vt 0.267690 0.245492
vt 0.267292 0.245314
vt 0.263241 0.194631
vt 0.262768 0.194463
vt 0.260796 0.148010
vt 0.260485 0.147825
vt 0.265205 0.105968
vt 0.264881 0.105789
vt 0.278888 0.072631
vt 0.278527 0.072391
vt 0.297129 0.047165
vt 0.296734 0.046867
vt 0.322108 0.028744
vt 0.321793 0.028477
vt 0.355013 0.018554
vt 0.354763 0.018328
vt 0.394237 0.017705
vt 0.394006 0.017415
vt 0.436153 0.027798
vt 0.435966 0.027437
vt 0.480200 0.050779
vt 0.480048 0.050381
vt 0.525641 0.087924
vt 0.525526 0.087515
vt 0.566622 0.131934
vt 0.566565 0.131519
vt 0.603718 0.178811
vt 0.603714 0.178400
vt 0.637004 0.226590
vt 0.637074 0.226184
vt 0.664409 0.277852
vt 0.664550 0.277460
vt 0.683029 0.336346
vt 0.683297 0.336024
vt 0.686024 0.392475
vt 0.686450 0.392369
vt 0.674022 0.440301
vt 0.674431 0.440413
vt 0.651223 0.482881
vt 0.651558 0.483118
vt 0.620994 0.519308
vt 0.621341 0.519778
vt 0.585948 0.545622
vt 0.586138 0.546323
vt 0.542977 0.561378
vt 0.542877 0.561860
vt 0.498637 0.569977
vt 0.498472 0.570294
vt 0.458377 0.572041
vt 0.458141 0.572385
vt 0.419514 0.565628
vt 0.419149 0.565811
vt 0.375908 0.546712
vt 0.375467 0.546678
vt 0.330016 0.513852
vt 0.329620 0.513715
vt 0.289581 0.470804
vt 0.289244 0.470631
s 0
usemtl SheathWrap
f 291/281/242 294/282/242 331/283/242 310/284/242
f 297/285/243 315/286/243 332/287/243 309/288/243
f 313/289/244 323/290/244 336/291/244 344/292/244
f 341/293/245 330/294/245 327/295/245 340/296/245
f 298/297/246 306/298/246 307/299/246 290/300/246
f 286/301/247 284/302/247 294/282/247 291/281/247
f 318/303/248 321/304/248 304/305/248 334/306/248
f 292/307/249 320/308/249 328/309/249 317/310/249
f 293/311/250 335/312/250 323/290/250 313/289/250
f 342/313/251 333/314/251 315/286/251 297/285/251
f 287/315/252 339/316/252 306/298/252 298/297/252
f 290/300/253 307/299/253 284/302/253 286/301/253
f 325/317/254 283/318/254 330/294/254 341/293/254
f 316/319/255 319/320/255 320/308/255 292/307/255
f 317/310/256 328/309/256 335/312/256 293/311/256
f 299/321/257 296/322/257 321/304/257 318/303/257
f 312/323/258 337/324/258 319/320/258 316/319/258
f 308/325/259 302/326/259 333/314/259 342/313/259
f 301/327/260 322/328/260 302/326/260 308/325/260
f 285/329/261 338/330/261 283/318/261 325/317/261
f 288/331/262 326/332/262 329/333/262 289/334/262
f 314/335/263 281/336/263 296/322/263 299/321/263
f 305/337/264 282/338/264 337/324/264 312/323/264
f 311/339/265 303/340/265 338/330/265 285/329/265
f 300/341/266 324/342/266 322/328/266 301/327/266
f 343/343/267 295/344/267 281/336/267 314/335/267
f 309/288/268 332/287/268 326/332/268 288/331/268
f 310/284/269 331/283/269 303/340/269 311/339/269
f 340/296/270 327/295/270 282/338/270 305/337/270
f 344/292/271 336/291/271 295/344/271 343/343/271
f 334/306/272 304/305/272 324/342/272 300/341/272
f 289/345/273 329/346/273 339/347/273 287/348/273
f 351/349/274 472/350/274 471/351/274 386/352/274
f 398/353/275 421/354/275 420/355/275 399/356/275
f 369/357/276 469/358/276 472/350/276 351/349/276
f 399/356/277 420/355/277 419/359/277 383/360/277
f 394/361/278 467/362/278 469/358/278 369/357/278
f 383/360/279 419/359/279 418/363/279 402/364/279
f 358/365/280 465/366/280 467/362/280 394/361/280
f 402/364/281 418/363/281 417/367/281 401/368/281
f 408/369/282 463/370/282 465/366/282 358/365/282
f 401/368/283 417/367/283 416/371/283 345/372/283
f 348/373/284 442/374/284 441/375/284 405/376/284
f 379/377/285 461/378/285 463/370/285 408/369/285
f 345/372/286 416/371/286 415/379/286 384/380/286
f 405/376/287 441/375/287 440/381/287 404/382/287
f 395/383/288 457/384/288 461/378/288 379/377/288
f 384/380/289 415/379/289 414/385/289 357/386/289
f 404/382/290 440/381/290 439/387/290 362/388/290
f 407/389/291 454/390/291 457/384/291 395/383/291
f 357/386/292 414/385/292 413/391/292 347/392/292
f 362/388/293 439/387/293 438/393/293 377/394/293
f 406/395/294 451/396/294 454/390/294 407/389/294
f 374/397/295 437/398/295 436/399/295 391/400/295
f 359/401/296 448/402/296 451/396/296 406/395/296
f 391/400/297 436/399/297 435/403/297 363/404/297
f 380/405/298 446/406/298 448/402/298 359/401/298
f 363/404/299 435/403/299 434/407/299 346/408/299
f 387/409/300 444/410/300 446/411/300 380/412/300
f 385/413/301 476/414/301 473/415/301 353/416/301
f 346/408/302 434/407/302 433/417/302 371/418/302
f 400/419/303 410/420/303 444/410/303 387/409/303
f 377/421/304 474/422/304 475/423/304 374/424/304
f 371/418/305 433/417/305 432/425/305 397/426/305
f 469/427/306 467/428/306 432/425/306 433/417/306
f 456/429/307 453/430/307 440/381/307 441/375/307
f 374/431/308 475/423/308 476/432/308 385/433/308
f 470/434/309 468/435/309 421/354/309 422/436/309
f 457/437/310 454/438/310 427/439/310 428/440/310
f 443/441/311 471/442/311 435/403/311 436/399/311
f 472/443/312 469/427/312 433/417/312 434/407/312
f 458/444/313 455/445/313 416/371/313 417/367/313
f 444/446/314 410/447/314 409/448/314 423/449/314
f 411/450/315 470/434/315 422/436/315 412/451/315
f 460/452/316 456/429/316 441/375/316 442/374/316
f 445/453/317 443/441/317 436/399/317 437/398/317
f 471/442/318 472/443/318 434/407/318 435/403/318
f 461/454/319 457/437/319 428/440/319 429/455/319
f 446/456/320 444/446/320 423/449/320 424/457/320
f 410/447/321 411/450/321 412/451/321 409/448/321
f 462/458/322 458/444/322 417/367/322 418/363/322
f 448/459/323 446/456/323 424/457/323 425/460/323
f 459/461/324 460/452/324 442/374/324 413/391/324
f 449/462/325 459/461/325 413/391/325 414/385/325
f 463/463/326 461/454/326 429/455/326 430/464/326
f 450/465/327 447/466/327 438/393/327 439/387/327
f 464/467/328 462/458/328 418/363/328 419/359/328
f 451/468/329 448/459/329 425/460/329 426/469/329
f 465/470/330 463/463/330 430/464/330 431/471/330
f 452/472/331 449/462/331 414/385/331 415/379/331
f 466/473/332 464/467/332 419/359/332 420/355/332
f 453/430/333 450/465/333 439/387/333 440/381/333
f 467/428/334 465/470/334 431/471/334 432/425/334
f 454/438/335 451/468/335 426/469/335 427/439/335
f 468/435/336 466/473/336 420/355/336 421/354/336
f 455/445/337 452/472/337 415/379/337 416/371/337
f 353/474/338 473/475/338 474/422/338 377/476/338
f 473/475/339 476/432/339 475/423/339 474/422/339
f 447/466/340 353/474/340 377/476/340 438/393/340
f 437/398/341 374/431/341 385/433/341 445/453/341
f 382/477/342 422/436/342 421/354/342 398/353/342
f 386/352/343 471/351/343 443/478/343 352/479/343
f 376/480/344 412/451/344 422/436/344 382/477/344
f 352/479/345 443/478/345 445/481/345 385/413/345
f 347/392/346 413/391/346 442/374/346 348/373/346
f 365/482/347 409/448/347 412/451/347 376/480/347
f 353/483/348 447/484/348 450/485/348 354/486/348
f 367/487/349 459/488/349 449/489/349 349/490/349
f 373/491/350 423/449/350 409/448/350 365/482/350
f 354/486/351 450/485/351 453/492/351 368/493/351
f 349/490/352 449/489/352 452/494/352 361/495/352
f 372/496/353 424/457/353 423/449/353 373/491/353
f 368/493/354 453/492/354 456/497/354 378/498/354
f 361/495/355 452/494/355 455/499/355 360/500/355
f 356/501/356 425/460/356 424/457/356 372/496/356
f 378/498/357 456/497/357 460/502/357 366/503/357
f 360/500/358 455/499/358 458/504/358 381/505/358
f 375/506/359 426/469/359 425/460/359 356/501/359
f 366/503/360 460/502/360 459/488/360 367/487/360
f 381/505/361 458/504/361 462/507/361 390/508/361
f 393/509/362 427/439/362 426/469/362 375/506/362
f 390/508/363 462/507/363 464/510/363 389/511/363
f 392/512/364 428/440/364 427/439/364 393/509/364
f 389/511/365 464/510/365 466/513/365 370/514/365
f 364/515/366 429/455/366 428/440/366 392/512/366
f 370/514/367 466/513/367 468/516/367 388/517/367
f 355/518/368 430/464/368 429/455/368 364/515/368
f 388/517/369 468/516/369 470/519/369 396/520/369
f 403/521/370 431/471/370 430/464/370 355/518/370
f 396/520/371 470/519/371 411/522/371 350/523/371
f 397/426/372 432/425/372 431/471/372 403/521/372
f 350/523/373 411/522/373 410/420/373 400/419/373
f 308/524/374 342/525/374 366/526/374 367/527/374
f 342/525/375 297/528/375 378/529/375 366/526/375
f 297/528/376 309/530/376 368/531/376 378/529/376
f 309/530/377 288/532/377 354/533/377 368/531/377
f 288/532/378 289/534/378 353/535/378 354/533/378
f 289/534/379 287/536/379 385/537/379 353/535/379
f 287/536/380 298/538/380 352/539/380 385/537/380
f 298/538/381 290/540/381 386/541/381 352/539/381
f 290/540/382 286/542/382 351/543/382 386/541/382
f 286/542/383 291/544/383 369/545/383 351/543/383
f 291/544/384 310/546/384 394/547/384 369/545/384
f 310/546/385 311/548/385 358/549/385 394/547/385
f 311/548/386 285/550/386 408/551/386 358/549/386
f 285/550/387 325/552/387 379/553/387 408/551/387
f 325/552/388 341/554/388 395/555/388 379/553/388
f 341/554/389 340/556/389 407/557/389 395/555/389
f 340/556/390 305/558/390 406/559/390 407/557/390
f 305/558/391 312/560/391 359/561/391 406/559/391
f 312/560/392 316/562/392 380/563/392 359/561/392
f 316/562/393 292/564/393 387/565/393 380/563/393
f 292/564/394 317/566/394 400/567/394 387/565/394
f 317/566/395 293/568/395 350/569/395 400/567/395
f 293/568/396 313/570/396 396/571/396 350/569/396
f 313/570/397 344/572/397 388/573/397 396/571/397
f 344/572/398 343/574/398 370/575/398 388/573/398
f 343/574/399 314/576/399 389/577/399 370/575/399
f 314/576/400 299/578/400 390/579/400 389/577/400
f 299/578/401 318/580/401 381/581/401 390/579/401
f 318/580/402 334/582/402 360/583/402 381/581/402
f 334/582/403 300/584/403 361/585/403 360/583/403
f 300/584/404 301/586/404 349/587/404 361/585/404
f 301/586/405 308/524/405 367/527/405 349/587/405
f 333/588/406 302/589/406 347/590/406 348/591/406
f 315/592/407 333/588/407 348/591/407 405/593/407
f 332/594/408 315/592/408 405/593/408 404/595/408
f 326/596/409 332/594/409 404/595/409 362/597/409
f 329/598/410 326/596/410 362/597/410 377/599/410
f 339/600/411 329/598/411 377/599/411 374/601/411
f 306/602/412 339/600/412 374/601/412 391/603/412
f 307/604/413 306/602/413 391/603/413 363/605/413
f 284/606/414 307/604/414 363/605/414 346/607/414
f 294/608/415 284/606/415 346/607/415 371/609/415
f 331/610/416 294/608/416 371/609/416 397/611/416
f 303/612/417 331/610/417 397/611/417 403/613/417
f 338/614/418 303/612/418 403/613/418 355/615/418
f 283/616/419 338/614/419 355/615/419 364/617/419
f 330/618/420 283/616/420 364/617/420 392/619/420
f 327/620/421 330/618/421 392/619/421 393/621/421
f 282/622/422 327/620/422 393/621/422 375/623/422
f 337/624/423 282/622/423 375/623/423 356/625/423
f 319/626/424 337/624/424 356/625/424 372/627/424
f 320/628/425 319/626/425 372/627/425 373/629/425
f 328/630/426 320/628/426 373/629/426 365/631/426
f 335/632/427 328/630/427 365/631/427 376/633/427
f 323/634/428 335/632/428 376/633/428 382/635/428
f 336/636/429 323/634/429 382/635/429 398/637/429
f 295/638/430 336/636/430 398/637/430 399/639/430
f 281/640/431 295/638/431 399/639/431 383/641/431
f 296/642/432 281/640/432 383/641/432 402/643/432
f 321/644/433 296/642/433 402/643/433 401/645/433
f 304/646/434 321/644/434 401/645/434 345/647/434
f 324/648/435 304/646/435 345/647/435 384/649/435
f 322/650/436 324/648/436 384/649/436 357/651/436
f 302/589/437 322/650/437 357/651/437 347/590/437
o Boots
v 0.072960 0.065759 0.010627
v 0.136314 0.062031 0.031431
v 0.163290 0.109139 0.094907
v 0.059414 0.120172 0.162543
v 0.125451 0.118577 0.153258
v 0.011292 0.125293 0.115771
v 0.017320 0.064905 0.048162
v 0.133510 -0.004405 0.036001
v 0.156870 -0.004405 0.091047
v 0.070156 -0.004405 0.017961
v 0.008488 -0.003742 0.109139
v 0.014516 -0.004405 0.050511
v 0.059414 0.076746 0.363584
v 0.159674 0.076746 0.329676
v 0.125451 0.076746 0.345499
v 0.011292 0.076746 0.354185
v 0.008488 -0.004407 0.354184
v 0.156870 -0.004407 0.329675
v 0.056610 -0.004407 0.401337
v 0.058279 0.063684 0.393830
v 0.155594 0.063684 0.367172
v 0.126586 0.063684 0.390761
v 0.122647 -0.004407 0.383252
v 0.016829 0.063684 0.392197
v 0.014025 -0.004407 0.392196
v 0.153600 -0.004407 0.367171
v 0.125451 0.087195 0.309701
v 0.151805 0.087194 0.280621
v 0.011292 0.087195 0.297791
v 0.059414 0.087195 0.322770
v 0.008488 -0.004075 0.294957
v 0.149001 -0.004407 0.277787
v 0.057949 -0.004407 0.346015
v 0.107410 -0.004407 0.337845
v 0.107410 -0.004296 0.280757
v 0.057949 -0.004186 0.287857
v 0.120456 0.097367 0.244172
v 0.021044 0.103215 0.221870
v 0.148277 -0.000781 0.190406
v 0.150920 0.101807 0.198829
v 0.062950 0.098756 0.254777
v 0.018401 0.009525 0.210387
v 0.122260 0.140050 0.152664
v 0.058627 0.140227 0.162075
v 0.156709 0.146116 0.096666
v 0.134397 0.106514 0.040679
v 0.074027 0.110047 0.021164
v 0.013457 0.144970 0.114719
v 0.016770 0.110157 0.055839
v 0.057780 0.186799 0.161571
v 0.153517 0.197374 0.098560
v 0.132333 0.154423 0.036077
v 0.075176 0.157747 0.017949
v 0.015790 0.191136 0.113585
v 0.016178 0.158894 0.049544
v 0.118823 0.188148 0.152025
v 0.059940 0.009951 0.203727
v 0.101478 0.006127 0.197066
v 0.107410 -0.004184 0.097078
v 0.057949 -0.003963 0.103109
v 0.047899 0.421160 0.225903
v 0.132983 0.395505 0.048201
v 0.082020 0.397778 0.037054
v -0.002228 0.404146 0.053148
v 0.152260 0.455313 0.108092
v 0.006401 0.431602 0.148984
v 0.107598 0.430190 0.215678
v 0.135014 0.449290 0.152140
v 0.112943 0.376458 0.208670
v 0.110977 0.357330 0.196517
v 0.110557 0.366384 0.198898
v 0.047737 0.368939 0.219724
v 0.050889 0.350240 0.206436
v 0.050503 0.359379 0.208944
v 0.152637 0.377916 0.105232
v 0.159016 0.399576 0.105077
v 0.152591 0.387317 0.105579
v 0.132787 0.322667 0.044538
v 0.137605 0.339301 0.039398
v 0.132812 0.331952 0.045005
v 0.080717 0.341850 0.025566
v 0.079957 0.325422 0.031295
v 0.080216 0.334503 0.032018
v 0.015649 0.352869 0.156168
v 0.010271 0.372230 0.165003
v 0.015641 0.362208 0.158627
v 0.003299 0.330503 0.052066
v -0.004594 0.347176 0.046849
v 0.002624 0.339495 0.052198
v -0.110928 0.065759 0.010627
v -0.174282 0.062031 0.031431
v -0.201258 0.109139 0.094907
v -0.097382 0.120172 0.162544
v -0.163419 0.118577 0.153258
v -0.049260 0.125293 0.115771
v -0.055288 0.064905 0.048162
v -0.171478 -0.004405 0.036001
v -0.194838 -0.004405 0.091047
v -0.108124 -0.004405 0.017961
v -0.046456 -0.003742 0.109140
v -0.052484 -0.004405 0.050511
v -0.097382 0.076746 0.363584
v -0.197642 0.076746 0.329676
v -0.163419 0.076746 0.345499
v -0.049260 0.076746 0.354185
v -0.046456 -0.004407 0.354184
v -0.194838 -0.004407 0.329675
v -0.094579 -0.004407 0.401337
v -0.096247 0.063684 0.393830
v -0.193562 0.063684 0.367172
v -0.164554 0.063684 0.390761
v -0.160615 -0.004407 0.383252
v -0.054797 0.063684 0.392197
v -0.051993 -0.004407 0.392196
v -0.191568 -0.004407 0.367171
v -0.163419 0.087194 0.309701
v -0.189773 0.087194 0.280621
v -0.049260 0.087194 0.297791
v -0.097382 0.087194 0.322770
v -0.046456 -0.004075 0.294957
v -0.186970 -0.004407 0.277788
v -0.095917 -0.004407 0.346015
v -0.145378 -0.004407 0.337845
v -0.145378 -0.004296 0.280757
v -0.095917 -0.004186 0.287857
v -0.158424 0.097367 0.244172
v -0.059012 0.103215 0.221870
v -0.186245 -0.000781 0.190406
v -0.188888 0.101807 0.198829
v -0.100918 0.098756 0.254777
v -0.056369 0.009525 0.210387
v -0.160228 0.140050 0.152664
v -0.096595 0.140227 0.162075
v -0.194678 0.146116 0.096666
v -0.172365 0.106514 0.040679
v -0.111995 0.110048 0.021164
v -0.051425 0.144970 0.114719
v -0.054738 0.110157 0.055839
v -0.095748 0.186799 0.161571
v -0.191485 0.197374 0.098560
v -0.170301 0.154423 0.036077
v -0.113144 0.157747 0.017949
v -0.053758 0.191136 0.113585
v -0.054146 0.158894 0.049544
v -0.156791 0.188148 0.152025
v -0.097908 0.009951 0.203727
v -0.139446 0.006127 0.197066
v -0.145377 -0.004184 0.097078
v -0.095917 -0.003963 0.103109
v -0.085867 0.421160 0.225903
v -0.170951 0.395505 0.048201
v -0.119988 0.397779 0.037054
v -0.035740 0.404147 0.053148
v -0.190228 0.455313 0.108092
v -0.044369 0.431602 0.148984
v -0.145566 0.430190 0.215678
v -0.172982 0.449290 0.152140
v -0.150911 0.376458 0.208671
v -0.148945 0.357330 0.196517
v -0.148525 0.366385 0.198898
v -0.085705 0.368939 0.219724
v -0.088857 0.350240 0.206436
v -0.088471 0.359379 0.208944
v -0.190605 0.377916 0.105232
v -0.196984 0.399576 0.105077
v -0.190559 0.387317 0.105579
v -0.170755 0.322668 0.044538
v -0.175573 0.339301 0.039398
v -0.170780 0.331953 0.045005
v -0.118685 0.341850 0.025566
v -0.117925 0.325422 0.031295
v -0.118184 0.334503 0.032018
v -0.053617 0.352869 0.156168
v -0.048239 0.372230 0.165004
v -0.053609 0.362208 0.158627
v -0.041267 0.330503 0.052066
v -0.033374 0.347176 0.046849
v -0.040593 0.339495 0.052198
vn 0.3141 0.2094 -0.9260
vn -0.7066 0.0515 0.7057
vn 0.1431 0.0390 0.9889
vn -0.5323 -0.0373 -0.8457
vn 0.0620 0.9629 0.2626
vn -0.9935 0.0305 -0.1096
vn -0.9944 0.0349 -0.0997
vn 0.8689 0.1542 -0.4704
vn -0.5316 0.1718 -0.8294
vn 0.8398 0.1299 0.5271
vn -0.0749 0.9749 0.2096
vn 0.2892 -0.0949 -0.9525
vn 0.9262 -0.0489 -0.3739
vn -0.0443 0.9321 0.3596
vn 0.9872 -0.0295 -0.1570
vn -0.9995 0.0325 0.0030
vn -0.1269 0.0588 0.9902
vn 0.1555 -0.0064 0.9878
vn 0.1642 0.9612 0.2215
vn 0.5504 -0.0699 0.8320
vn 0.9952 -0.0320 0.0920
vn -0.9879 0.0371 0.1503
vn 0.0514 0.9438 0.3265
vn -0.9927 0.0381 -0.1146
vn 0.9995 -0.0273 -0.0125
vn -0.0682 0.9810 0.1817
vn 0.1881 0.9347 0.3017
vn -0.0043 -1.0000 0.0018
vn -0.0275 -0.9925 0.1193
vn 0.0418 0.9862 0.1601
vn -0.0643 -0.9876 -0.1430
vn -0.0018 -1.0000 -0.0047
vn 0.1322 0.9783 0.1593
vn -0.0000 -1.0000 -0.0000
vn 0.3190 0.9332 0.1651
vn 0.0600 0.9721 0.2267
vn -0.0905 0.9715 0.2191
vn 0.9937 -0.0474 0.1016
vn -0.9953 0.0166 0.0951
vn 0.8413 0.0493 0.5383
vn -0.4942 -0.0825 -0.8654
vn 0.9289 0.0392 -0.3683
vn -0.9991 0.0153 -0.0384
vn 0.1501 0.0187 0.9885
vn -0.7367 0.0237 0.6758
vn 0.3002 -0.0749 -0.9509
vn -0.0024 -1.0000 0.0039
vn 0.0008 -1.0000 0.0078
vn 0.0207 -0.9910 0.1322
vn -0.0652 -0.9958 0.0649
vn -0.0213 -0.9863 -0.1637
vn -0.0874 -0.9931 -0.0782
vn -0.0016 -1.0000 -0.0029
vn -0.0013 -1.0000 -0.0009
vn -0.1292 0.9677 0.2165
vn 0.9132 -0.0369 0.4057
vn 0.8482 -0.4504 0.2788
vn -0.2540 0.0399 -0.9664
vn -0.2240 -0.6619 -0.7154
vn 0.9463 0.0151 -0.3230
vn 0.8776 -0.4600 0.1350
vn -0.9898 -0.0554 0.1311
vn -0.7889 -0.5737 0.2200
vn 0.1870 -0.2473 0.9507
vn 0.1964 -0.7072 0.6792
vn -0.8131 -0.1672 0.5576
vn -0.6539 -0.6338 0.4133
vn 0.2438 0.0589 -0.9680
vn 0.1499 -0.6589 -0.7372
vn 0.8874 -0.0450 0.4588
vn 0.1814 -0.1127 0.9769
vn 0.9132 0.0530 0.4040
vn 0.1705 -0.2486 0.9535
vn -0.8566 0.0170 0.5156
vn -0.7797 -0.1783 0.6002
vn 0.8972 0.1356 -0.4204
vn 0.9449 0.0153 -0.3270
vn 0.2296 0.1799 -0.9565
vn 0.2768 0.0580 -0.9592
vn -0.3585 0.0351 -0.9329
vn -0.2021 0.1588 -0.9664
vn -0.9939 -0.0037 0.1100
vn -0.9949 -0.0507 0.0872
vn -0.3141 0.2094 -0.9260
vn 0.7066 0.0515 0.7057
vn -0.1431 0.0390 0.9889
vn 0.5323 -0.0373 -0.8457
vn -0.0620 0.9629 0.2626
vn 0.9935 0.0305 -0.1096
vn 0.9944 0.0349 -0.0997
vn -0.8689 0.1542 -0.4704
vn 0.5316 0.1718 -0.8294
vn -0.8398 0.1299 0.5271
vn 0.0749 0.9749 0.2096
vn -0.2892 -0.0949 -0.9525
vn -0.9262 -0.0489 -0.3739
vn 0.0443 0.9321 0.3596
vn -0.9872 -0.0295 -0.1570
vn 0.9995 0.0325 0.0030
vn 0.1269 0.0588 0.9902
vn -0.1555 -0.0064 0.9878
vn -0.1642 0.9612 0.2215
vn -0.5504 -0.0699 0.8320
vn -0.9952 -0.0320 0.0920
vn 0.9879 0.0371 0.1503
vn -0.0514 0.9438 0.3265
vn 0.9927 0.0381 -0.1146
vn -0.9995 -0.0273 -0.0125
vn 0.0682 0.9810 0.1817
vn -0.1881 0.9347 0.3017
vn 0.0043 -1.0000 0.0018
vn 0.0275 -0.9925 0.1193
vn -0.0418 0.9862 0.1601
vn 0.0643 -0.9876 -0.1430
vn 0.0018 -1.0000 -0.0047
vn -0.1322 0.9783 0.1593
vn -0.3190 0.9332 0.1652
vn -0.0600 0.9721 0.2267
vn 0.0905 0.9715 0.2191
vn -0.9937 -0.0474 0.1016
vn 0.9953 0.0166 0.0951
vn -0.8413 0.0493 0.5383
vn 0.4942 -0.0825 -0.8654
vn -0.9289 0.0392 -0.3683
vn 0.9991 0.0153 -0.0384
vn -0.1501 0.0187 0.9885
vn 0.7367 0.0237 0.6758
vn -0.3002 -0.0749 -0.9509
vn 0.0024 -1.0000 0.0039
vn -0.0008 -1.0000 0.0078
vn -0.0207 -0.9910 0.1322
vn 0.0652 -0.9958 0.0649
vn 0.0213 -0.9863 -0.1637
vn 0.0874 -0.9931 -0.0782
vn 0.0016 -1.0000 -0.0029
vn 0.0013 -1.0000 -0.0009
vn 0.1292 0.9677 0.2165
vn -0.9132 -0.0369 0.4057
vn -0.8482 -0.4504 0.2788
vn 0.2540 0.0399 -0.9664
vn 0.2240 -0.6619 -0.7154
vn -0.9463 0.0151 -0.3230
vn -0.8776 -0.4600 0.1350
vn 0.9898 -0.0554 0.1311
vn 0.7889 -0.5737 0.2200
vn -0.1870 -0.2473 0.9507
vn -0.1964 -0.7072 0.6792
vn 0.8131 -0.1672 0.5576
vn 0.6539 -0.6338 0.4133
vn -0.2438 0.0589 -0.9680
vn -0.1499 -0.6589 -0.7372
vn -0.8874 -0.0450 0.4588
vn -0.1814 -0.1127 0.9769
vn -0.9132 0.0530 0.4040
vn -0.1705 -0.2486 0.9535
vn 0.8566 0.0170 0.5156
vn 0.7797 -0.1783 0.6002
vn -0.8972 0.1356 -0.4203
vn -0.9449 0.0153 -0.3270
vn -0.2296 0.1799 -0.9565
vn -0.2768 0.0580 -0.9592
vn 0.3585 0.0351 -0.9329
vn 0.2021 0.1588 -0.9664
vn 0.9939 -0.0037 0.1100
vn 0.9949 -0.0507 0.0872
vt 0.675950 0.178328
vt 0.649676 0.142910
vt 0.716259 0.121971
vt 0.718765 0.159759
vt 0.764508 0.225082
vt 0.781024 0.225103
vt 0.752042 0.279836
vt 0.744005 0.262907
vt 0.688246 0.277815
vt 0.700004 0.262297
vt 0.713052 0.000206
vt 0.846234 0.042447
vt 0.787972 0.136925
vt 0.778169 0.467601
vt 0.780556 0.513418
vt 0.709393 0.502081
vt 0.701776 0.462480
vt 0.935400 0.121997
vt 0.764403 0.176126
vt 0.680712 0.226929
vt 0.652976 0.224083
vt 0.835313 0.437111
vt 0.831860 0.502474
vt 0.586709 0.060745
vt 0.505337 0.150075
vt 0.823876 0.541429
vt 0.784228 0.549461
vt 0.661913 0.435277
vt 0.669911 0.494387
vt 0.581561 0.570375
vt 0.528991 0.491952
vt 0.969516 0.471893
vt 0.923412 0.562910
vt 0.875823 0.609040
vt 0.807295 0.640556
vt 0.690874 0.637995
vt 0.715591 0.547792
vt 0.634152 0.613377
vt 0.683753 0.531953
vt 0.969516 0.313626
vt 0.814351 0.339766
vt 0.656848 0.332462
vt 0.485065 0.338452
vt 0.767177 0.387938
vt 0.163921 0.982500
vt 0.142058 0.931005
vt 0.189179 0.925687
vt 0.235192 0.826046
vt 0.236311 0.920438
vt 0.195725 0.832180
vt 0.696231 0.384747
vt 0.189449 0.753753
vt 0.236492 0.746817
vt 0.283197 0.684703
vt 0.283497 0.739956
vt 0.236156 0.692591
vt 0.237124 0.640970
vt 0.277723 0.649266
vt 0.713029 0.239745
vt 0.704465 0.225480
vt 0.719407 0.189382
vt 0.743581 0.196724
vt 0.698455 0.197190
vt 0.740825 0.222720
vt 0.731668 0.239425
vt 0.224095 0.999794
vt 0.283493 0.915145
vt 0.277320 0.969841
vt 0.274563 0.819887
vt 0.150815 0.838372
vt 0.149884 0.756807
vt 0.189108 0.700504
vt 0.142058 0.708435
vt 0.174333 0.658225
vt 0.144948 0.673420
vt 0.642786 0.713351
vt 0.662577 0.758466
vt 0.573048 0.750145
vt 0.604916 0.698100
vt 0.721796 0.218858
vt 0.721719 0.218882
vt 0.721722 0.218869
vt 0.721787 0.218847
vt 0.721722 0.218853
vt 0.721779 0.218835
vt 0.721618 0.218793
vt 0.721682 0.218713
vt 0.721686 0.218726
vt 0.721628 0.218800
vt 0.721691 0.218740
vt 0.721636 0.218805
vt 0.721639 0.218918
vt 0.721649 0.218900
vt 0.721659 0.218880
vt 0.721759 0.218727
vt 0.721758 0.218740
vt 0.721758 0.218755
vt 0.721785 0.218791
vt 0.721783 0.218792
vt 0.721777 0.218795
vt 0.585427 0.640970
vt 0.685431 0.659564
vt 0.717099 0.801670
vt 0.664294 0.788896
vt 0.500710 0.704998
vt 0.692487 0.911919
vt 0.666793 0.851993
vt 0.614652 0.925758
vt 0.617842 0.858521
vt 0.500710 0.879234
vt 0.554131 0.827944
vt 0.293820 0.178371
vt 0.251006 0.159789
vt 0.253520 0.121995
vt 0.320105 0.142956
vt 0.205245 0.225110
vt 0.225744 0.262941
vt 0.217702 0.279868
vt 0.188726 0.225125
vt 0.269746 0.262340
vt 0.281500 0.277858
vt 0.181790 0.136934
vt 0.123529 0.042419
vt 0.256761 0.000206
vt 0.191551 0.467622
vt 0.267938 0.462508
vt 0.260317 0.502103
vt 0.189161 0.513435
vt 0.034338 0.121986
vt 0.205357 0.176148
vt 0.289048 0.226975
vt 0.316784 0.224134
vt 0.134412 0.437130
vt 0.137861 0.502490
vt 0.383104 0.060803
vt 0.464444 0.150168
vt 0.185488 0.549474
vt 0.145844 0.541442
vt 0.307800 0.435313
vt 0.440688 0.492007
vt 0.388113 0.570393
vt 0.299794 0.494413
vt 0.000206 0.471910
vt 0.046314 0.562925
vt 0.162424 0.640557
vt 0.093902 0.609048
vt 0.254116 0.547807
vt 0.278827 0.637994
vt 0.285951 0.531972
vt 0.335534 0.613381
vt 0.000206 0.313637
vt 0.155382 0.339789
vt 0.312885 0.332509
vt 0.484653 0.338544
vt 0.202550 0.387965
vt 0.119777 0.982502
vt 0.094519 0.925689
vt 0.141641 0.931007
vt 0.048509 0.826046
vt 0.087976 0.832181
vt 0.047388 0.920438
vt 0.273494 0.384784
vt 0.094254 0.753754
vt 0.047211 0.746817
vt 0.000507 0.684702
vt 0.047548 0.692591
vt 0.000206 0.739955
vt 0.046581 0.640970
vt 0.005982 0.649265
vt 0.256727 0.239787
vt 0.265295 0.225524
vt 0.250359 0.189418
vt 0.226180 0.196755
vt 0.271310 0.197232
vt 0.228933 0.222756
vt 0.238088 0.239463
vt 0.059602 0.999794
vt 0.000206 0.915144
vt 0.006378 0.969840
vt 0.009138 0.819886
vt 0.132886 0.838374
vt 0.133818 0.756809
vt 0.094596 0.700505
vt 0.141646 0.708437
vt 0.109372 0.658226
vt 0.138757 0.673422
vt 0.358222 0.713351
vt 0.396091 0.698100
vt 0.427960 0.750145
vt 0.338430 0.758465
vt 0.247967 0.218904
vt 0.247977 0.218896
vt 0.248047 0.218924
vt 0.248047 0.218932
vt 0.247985 0.218887
vt 0.248049 0.218913
vt 0.248145 0.218838
vt 0.248137 0.218846
vt 0.248078 0.218772
vt 0.248082 0.218757
vt 0.248131 0.218853
vt 0.248074 0.218788
vt 0.248117 0.218947
vt 0.248125 0.218963
vt 0.248109 0.218929
vt 0.248005 0.218785
vt 0.248004 0.218771
vt 0.248006 0.218802
vt 0.247978 0.218837
vt 0.247980 0.218840
vt 0.247986 0.218843
vt 0.315576 0.659564
vt 0.415580 0.640969
vt 0.336713 0.788896
vt 0.283909 0.801670
vt 0.500298 0.704998
vt 0.334214 0.851993
vt 0.308520 0.911919
vt 0.383166 0.858521
vt 0.386356 0.925758
vt 0.446876 0.827944
vt 0.500298 0.879234
s 0
usemtl Boots
f 522/652/438 478/653/438 477/654/438 523/655/438
f 524/656/439 482/657/439 480/658/439 520/659/439
f 520/659/440 480/658/440 481/660/440 519/661/440
f 477/654/441 486/662/441 488/663/441 483/664/441
f 506/665/442 489/666/442 491/667/442 503/668/442
f 483/664/443 488/663/443 487/669/443 482/657/443
f 525/670/444 483/664/444 482/657/444 524/656/444
f 521/671/445 479/672/445 478/653/445 522/652/445
f 523/655/446 477/654/446 483/664/446 525/670/446
f 519/661/447 481/660/447 479/672/447 521/671/447
f 505/673/448 492/674/448 489/666/448 506/665/448
f 478/653/449 484/675/449 486/662/449 477/654/449
f 479/672/450 485/676/450 484/675/450 478/653/450
f 492/674/451 500/677/451 496/678/451 489/666/451
f 504/679/452 490/680/452 494/681/452 508/682/452
f 507/683/453 493/684/453 492/674/453 505/673/453
f 500/677/454 501/685/454 495/686/454 496/678/454
f 496/678/455 495/686/455 499/687/455 498/688/455
f 503/668/456 491/667/456 490/680/456 504/679/456
f 498/688/457 499/687/457 502/689/457 497/690/457
f 490/680/458 497/690/458 502/689/458 494/681/458
f 493/684/459 501/685/459 500/677/459 492/674/459
f 489/666/460 496/678/460 498/688/460 491/667/460
f 518/691/461 507/683/461 505/673/461 514/692/461
f 516/693/462 504/679/462 508/682/462 515/694/462
f 514/692/463 505/673/463 506/665/463 517/695/463
f 491/667/464 498/688/464 497/690/464 490/680/464
f 484/696/465 485/697/465 535/698/465
f 533/699/466 536/700/466 535/698/466 534/701/466
f 517/695/467 506/665/467 503/668/467 513/702/467
f 511/703/468 512/704/468 533/699/468 534/701/468
f 493/705/469 507/706/469 512/704/469 509/707/469
f 513/702/470 503/668/470 504/679/470 516/693/470
f 495/708/471 501/709/471 493/705/471 509/707/471
f 481/660/472 513/702/472 516/693/472 479/672/472
f 480/658/473 517/695/473 513/702/473 481/660/473
f 482/657/474 514/692/474 517/695/474 480/658/474
f 479/672/475 516/693/475 515/694/475 485/676/475
f 487/669/476 518/691/476 514/692/476 482/657/476
f 532/710/477 519/661/477 521/671/477 527/711/477
f 529/712/478 523/655/478 525/670/478 531/713/478
f 527/711/479 521/671/479 522/652/479 528/714/479
f 531/713/480 525/670/480 524/656/480 530/715/480
f 526/716/481 520/659/481 519/661/481 532/710/481
f 530/715/482 524/656/482 520/659/482 526/716/482
f 528/714/483 522/652/483 523/655/483 529/712/483
f 486/717/484 484/696/484 535/698/484 536/700/484
f 487/718/485 488/719/485 486/717/485 536/700/485
f 533/699/486 518/720/486 487/718/486 536/700/486
f 485/697/487 515/721/487 534/701/487 535/698/487
f 533/699/488 512/704/488 507/706/488 518/720/488
f 508/722/489 511/703/489 534/701/489 515/721/489
f 509/707/490 512/704/490 511/703/490 510/723/490
f 508/722/491 494/724/491 510/723/491 511/703/491
f 499/725/471 495/708/471 509/707/471 510/723/471
f 494/724/471 502/726/471 499/725/471 510/723/471
f 543/727/492 544/728/492 542/729/492 537/730/492
f 546/731/493 551/732/493 553/733/493 547/734/493
f 547/734/494 553/733/494 552/735/494 545/736/494
f 558/737/495 563/738/495 565/739/495 559/740/495
f 559/740/496 565/739/496 564/741/496 557/742/496
f 551/732/497 554/743/497 556/744/497 553/733/497
f 553/733/498 556/744/498 555/745/498 552/735/498
f 563/738/499 560/746/499 562/747/499 565/739/499
f 565/739/500 562/747/500 561/748/500 564/741/500
f 549/749/501 546/731/501 547/734/501 550/750/501
f 550/750/502 547/734/502 545/736/502 548/751/502
f 560/746/503 549/749/503 550/750/503 562/747/503
f 562/747/504 550/750/504 548/751/504 561/748/504
f 554/743/505 558/737/505 559/740/505 556/744/505
f 556/744/506 559/740/506 557/742/506 555/745/506
f 546/731/507 532/710/507 527/711/507 551/732/507
f 537/730/508 548/752/508 545/753/508 543/727/508
f 543/727/509 545/753/509 552/754/509 541/755/509 544/728/509
f 549/749/510 526/716/510 532/710/510 546/731/510
f 542/729/511 561/756/511 548/752/511 537/730/511
f 560/746/512 530/715/512 526/716/512 549/749/512
f 541/755/513 552/754/513 555/757/513 538/758/513
f 551/732/514 527/711/514 528/714/514 554/743/514
f 538/758/515 555/757/515 557/759/515 539/760/515
f 554/743/516 528/714/516 529/712/516 558/737/516
f 558/737/517 529/712/517 531/713/517 563/738/517
f 539/760/518 557/759/518 564/761/518 540/762/518
f 540/762/519 564/761/519 561/756/519 542/729/519
f 563/738/520 531/713/520 530/715/520 560/746/520
f 611/763/521 612/764/521 566/765/521 567/766/521
f 613/767/522 609/768/522 569/769/522 571/770/522
f 609/768/523 608/771/523 570/772/523 569/769/523
f 566/765/524 572/773/524 577/774/524 575/775/524
f 595/776/525 592/777/525 580/778/525 578/779/525
f 572/773/526 571/770/526 576/780/526 577/774/526
f 614/781/527 613/767/527 571/770/527 572/773/527
f 610/782/528 611/763/528 567/766/528 568/783/528
f 612/764/529 614/781/529 572/773/529 566/765/529
f 608/771/530 610/782/530 568/783/530 570/772/530
f 594/784/531 595/776/531 578/779/531 581/785/531
f 567/766/532 566/765/532 575/775/532 573/786/532
f 568/783/533 567/766/533 573/786/533 574/787/533
f 581/785/534 578/779/534 585/788/534 589/789/534
f 593/790/535 597/791/535 583/792/535 579/793/535
f 596/794/536 594/784/536 581/785/536 582/795/536
f 589/789/537 585/788/537 584/796/537 590/797/537
f 585/788/538 587/798/538 588/799/538 584/796/538
f 592/777/539 593/790/539 579/793/539 580/778/539
f 587/798/540 586/800/540 591/801/540 588/799/540
f 579/793/541 583/792/541 591/801/541 586/800/541
f 582/795/542 581/785/542 589/789/542 590/797/542
f 578/779/543 580/778/543 587/798/543 585/788/543
f 607/802/544 603/803/544 594/784/544 596/794/544
f 605/804/545 604/805/545 597/791/545 593/790/545
f 603/803/546 606/806/546 595/776/546 594/784/546
f 580/778/547 579/793/547 586/800/547 587/798/547
f 573/807/548 624/808/548 574/809/548
f 622/810/549 623/811/549 624/808/549 625/812/549
f 606/806/550 602/813/550 592/777/550 595/776/550
f 600/814/551 623/811/551 622/810/551 601/815/551
f 582/816/552 598/817/552 601/815/552 596/818/552
f 602/813/553 605/804/553 593/790/553 592/777/553
f 584/819/471 598/817/471 582/816/471 590/820/471
f 570/772/554 568/783/554 605/804/554 602/813/554
f 569/769/555 570/772/555 602/813/555 606/806/555
f 571/770/556 569/769/556 606/806/556 603/803/556
f 568/783/557 574/787/557 604/805/557 605/804/557
f 576/780/558 571/770/558 603/803/558 607/802/558
f 621/821/559 616/822/559 610/782/559 608/771/559
f 618/823/560 620/824/560 614/781/560 612/764/560
f 616/822/561 617/825/561 611/763/561 610/782/561
f 620/824/562 619/826/562 613/767/562 614/781/562
f 615/827/563 621/821/563 608/771/563 609/768/563
f 619/826/564 615/827/564 609/768/564 613/767/564
f 617/825/565 618/823/565 612/764/565 611/763/565
f 575/828/566 625/812/566 624/808/566 573/807/566
f 576/829/567 625/812/567 575/828/567 577/830/567
f 622/810/568 625/812/568 576/829/568 607/831/568
f 574/809/569 624/808/569 623/811/569 604/832/569
f 622/810/570 607/831/570 596/818/570 601/815/570
f 597/833/571 604/832/571 623/811/571 600/814/571
f 598/817/572 599/834/572 600/814/572 601/815/572
f 597/833/573 600/814/573 599/834/573 583/835/573
f 588/836/471 599/834/471 598/817/471 584/819/471
f 583/835/471 599/834/471 588/836/471 591/837/471
f 632/838/574 626/839/574 631/840/574 633/841/574
f 635/842/575 636/843/575 642/844/575 640/845/575
f 636/843/576 634/846/576 641/847/576 642/844/576
f 647/848/577 648/849/577 654/850/577 652/851/577
f 648/849/578 646/852/578 653/853/578 654/850/578
f 640/845/579 642/844/579 645/854/579 643/855/579
f 642/844/580 641/847/580 644/856/580 645/854/580
f 652/851/581 654/850/581 651/857/581 649/858/581
f 654/850/582 653/853/582 650/859/582 651/857/582
f 638/860/583 639/861/583 636/843/583 635/842/583
f 639/861/584 637/862/584 634/846/584 636/843/584
f 649/858/585 651/857/585 639/861/585 638/860/585
f 651/857/586 650/859/586 637/862/586 639/861/586
f 643/855/587 645/854/587 648/849/587 647/848/587
f 645/854/588 644/856/588 646/852/588 648/849/588
f 635/842/589 640/845/589 616/822/589 621/821/589
f 626/839/590 632/838/590 634/863/590 637/864/590
f 632/838/591 633/841/591 630/865/591 641/866/591 634/863/591
f 638/860/592 635/842/592 621/821/592 615/827/592
f 631/840/593 626/839/593 637/864/593 650/867/593
f 649/858/594 638/860/594 615/827/594 619/826/594
f 630/865/595 627/868/595 644/869/595 641/866/595
f 640/845/596 643/855/596 617/825/596 616/822/596
f 627/868/597 628/870/597 646/871/597 644/869/597
f 643/855/598 647/848/598 618/823/598 617/825/598
f 647/848/599 652/851/599 620/824/599 618/823/599
f 628/870/600 629/872/600 653/873/600 646/871/600
f 629/872/601 631/840/601 650/867/601 653/873/601
f 652/851/602 649/858/602 619/826/602 620/824/602
o FishingRod
v -0.264354 1.654749 -0.105210
v -0.264354 1.654749 -0.045617
v -0.293149 1.636310 -0.045617
v -0.211341 1.567230 -0.100761
v 0.291420 0.766049 -0.077003
v 0.292953 0.749602 -0.077003
v 0.285038 0.761962 -0.078546
v 0.295148 0.756112 -0.077003
v 0.293293 0.757186 -0.077894
v 0.290635 0.753222 -0.078094
v 0.289551 0.764852 -0.078094
v 0.285038 0.761962 -0.072281
v 0.292953 0.749602 -0.073825
v 0.291420 0.766049 -0.073825
v 0.290635 0.753222 -0.072733
v 0.293293 0.757186 -0.072934
v 0.295148 0.756112 -0.073825
v 0.289551 0.764852 -0.072733
v 0.280239 0.758889 -0.078546
v 0.288154 0.746529 -0.077003
v 0.285836 0.750149 -0.078094
v 0.282151 0.747789 -0.077894
v 0.281772 0.742442 -0.077003
v 0.275726 0.755999 -0.078094
v 0.280239 0.758889 -0.072281
v 0.273857 0.754802 -0.073825
v 0.288154 0.746529 -0.073825
v 0.275726 0.755999 -0.072733
v 0.282151 0.747789 -0.072934
v 0.281772 0.742442 -0.073825
v 0.285836 0.750149 -0.072733
v -0.140214 1.460250 -0.084159
v -0.146596 1.456163 -0.092649
v -0.142083 1.459053 -0.090162
v -0.146596 1.456163 -0.058179
v -0.140214 1.460250 -0.066669
v -0.142083 1.459053 -0.060666
v -0.160552 1.447226 -0.092649
v -0.166934 1.443139 -0.084159
v -0.165065 1.444336 -0.090162
v -0.160552 1.447226 -0.058179
v -0.165065 1.444336 -0.060666
v -0.107056 1.394418 -0.058179
v -0.100674 1.398504 -0.066669
v -0.102543 1.397308 -0.060666
v -0.061593 1.323423 -0.058179
v -0.055211 1.327510 -0.066669
v -0.057080 1.326313 -0.060666
v -0.017252 1.251858 -0.058179
v -0.010870 1.255945 -0.066669
v -0.012740 1.254748 -0.060666
v 0.029333 1.181434 -0.058179
v 0.035715 1.185521 -0.066669
v 0.033846 1.184324 -0.060666
v 0.075624 1.110597 -0.058179
v 0.082006 1.114684 -0.066669
v 0.080137 1.113487 -0.060666
v 0.120259 1.039444 -0.058179
v 0.126641 1.043531 -0.066669
v 0.124771 1.042334 -0.060666
v 0.164820 0.967128 -0.058179
v 0.171202 0.971215 -0.066669
v 0.169333 0.970018 -0.060666
v 0.211185 0.897455 -0.058179
v 0.217567 0.901542 -0.066669
v 0.215697 0.900345 -0.060666
v 0.264195 0.832037 -0.066669
v 0.257813 0.827950 -0.058179
v 0.262326 0.830840 -0.060666
v -0.121012 1.385481 -0.092649
v -0.127394 1.381394 -0.084159
v -0.125525 1.382591 -0.090162
v -0.075549 1.314486 -0.092649
v -0.081931 1.310399 -0.084159
v -0.080062 1.311596 -0.090162
v -0.031208 1.242921 -0.092649
v -0.037590 1.238834 -0.084159
v -0.035721 1.240031 -0.090162
v 0.015377 1.172497 -0.092649
v 0.010864 1.169607 -0.090162
v 0.061668 1.101660 -0.092649
v 0.057155 1.098771 -0.090162
v 0.106303 1.030507 -0.092649
v 0.101790 1.027617 -0.090162
v 0.150864 0.958191 -0.092649
v 0.144482 0.954105 -0.084159
v 0.146351 0.955302 -0.090162
v 0.197229 0.888518 -0.092649
v 0.190847 0.884431 -0.084159
v 0.192716 0.885628 -0.090162
v 0.243857 0.819013 -0.092649
v 0.239344 0.816123 -0.090162
v 0.257813 0.827950 -0.092649
v 0.264195 0.832037 -0.084159
v 0.262326 0.830840 -0.090162
v 0.211184 0.897455 -0.092649
v 0.217566 0.901542 -0.084159
v 0.215697 0.900345 -0.090162
v 0.164820 0.967128 -0.092649
v 0.171202 0.971215 -0.084159
v 0.169333 0.970018 -0.090162
v 0.120259 1.039444 -0.092649
v 0.126641 1.043531 -0.084159
v 0.124771 1.042334 -0.090162
v 0.075624 1.110597 -0.092649
v 0.082006 1.114684 -0.084159
v 0.080137 1.113487 -0.090162
v 0.029333 1.181434 -0.092649
v 0.035715 1.185521 -0.084159
v 0.033846 1.184324 -0.090162
v -0.017252 1.251858 -0.092649
v -0.010870 1.255945 -0.084159
v -0.012740 1.254748 -0.090162
v -0.061593 1.323423 -0.092649
v -0.055211 1.327510 -0.084159
v -0.057080 1.326313 -0.090162
v -0.100674 1.398504 -0.084159
v -0.107056 1.394418 -0.092649
v -0.102543 1.397308 -0.090162
v 0.243857 0.819013 -0.058179
v 0.239344 0.816124 -0.060666
v 0.197228 0.888518 -0.058179
v 0.192716 0.885628 -0.060666
v 0.150864 0.958191 -0.058179
v 0.144482 0.954105 -0.066669
v 0.146351 0.955302 -0.060666
v 0.106303 1.030507 -0.058179
v 0.099921 1.026420 -0.066669
v 0.101790 1.027617 -0.060666
v 0.061668 1.101660 -0.058179
v 0.055286 1.097574 -0.066669
v 0.057155 1.098771 -0.060666
v 0.015377 1.172497 -0.058179
v 0.008995 1.168410 -0.066669
v 0.010864 1.169607 -0.060666
v -0.031208 1.242921 -0.058179
v -0.037590 1.238834 -0.066669
v -0.035721 1.240031 -0.060666
v -0.075549 1.314486 -0.058179
v -0.080062 1.311596 -0.060666
v -0.121012 1.385481 -0.058179
v -0.125525 1.382591 -0.060666
v 0.273857 0.754802 -0.077003
v 0.237475 0.814927 -0.084159
v -0.166934 1.443139 -0.066669
v -0.127394 1.381394 -0.066669
v 0.008995 1.168410 -0.084159
v 0.055286 1.097574 -0.084159
v 0.099921 1.026420 -0.084159
v 0.237475 0.814927 -0.066669
v 0.190847 0.884431 -0.066669
v -0.081931 1.310399 -0.066669
v -0.270593 1.605820 -0.050066
v -0.270593 1.605820 -0.100761
v -0.246098 1.621505 -0.100761
v -0.246097 1.621505 -0.050066
v -0.293149 1.636310 -0.105210
v -0.205484 1.431748 -0.074286
v -0.201345 1.434398 -0.074286
v -0.201345 1.434398 -0.076525
v -0.205484 1.431748 -0.076525
v 0.263248 0.771369 -0.076525
v 0.263248 0.771369 -0.074286
v 0.259809 0.776740 -0.076525
v 0.259809 0.776740 -0.074286
v 0.222432 0.763515 -0.076525
v 0.241595 0.757502 -0.076525
v 0.241595 0.757502 -0.074286
v 0.231435 0.758570 -0.074286
v 0.231435 0.758570 -0.076525
v 0.234986 0.753270 -0.076525
v 0.227153 0.757396 -0.076525
v 0.231748 0.753646 -0.076525
v 0.234986 0.753270 -0.074286
v 0.222432 0.763515 -0.074286
v 0.231748 0.753646 -0.074286
v 0.227153 0.757396 -0.074286
v 0.150492 0.875856 -0.076525
v 0.078553 0.988196 -0.076525
v 0.006613 1.100537 -0.076525
v -0.065326 1.212877 -0.076525
v -0.137266 1.325217 -0.076525
v -0.137266 1.325217 -0.074286
v -0.065326 1.212877 -0.074286
v 0.006613 1.100536 -0.074286
v 0.078553 0.988196 -0.074286
v 0.150492 0.875856 -0.074286
v -0.132316 1.326602 -0.076525
v -0.059566 1.212996 -0.076525
v 0.013184 1.099389 -0.076525
v 0.085935 0.985783 -0.076525
v 0.158685 0.872177 -0.076525
v -0.132316 1.326602 -0.074286
v -0.059566 1.212996 -0.074286
v 0.013184 1.099389 -0.074286
v 0.085935 0.985783 -0.074286
v 0.158685 0.872177 -0.074286
v -0.191338 1.440806 -0.098081
v -0.191338 1.440806 -0.052746
v -0.215786 1.478984 -0.098081
v -0.215786 1.478984 -0.052746
v -0.221839 1.442111 -0.080535
v -0.207771 1.430283 -0.098081
v -0.213153 1.431517 -0.094140
v -0.221839 1.442111 -0.070293
v -0.207771 1.430283 -0.052746
v -0.213153 1.431517 -0.056687
v -0.223848 1.445249 -0.080535
v -0.232219 1.468461 -0.098081
v -0.233350 1.463057 -0.094140
v -0.223848 1.445249 -0.070293
v -0.232219 1.468461 -0.052746
v -0.233350 1.463057 -0.056687
v -0.219633 1.438666 -0.084625
v -0.229568 1.454181 -0.084625
v -0.229568 1.454181 -0.066202
v -0.219633 1.438666 -0.066202
v -0.226487 1.439135 -0.080535
v -0.236925 1.436874 -0.080535
v -0.236926 1.436874 -0.070293
v -0.226487 1.439135 -0.070293
v -0.237946 1.431797 -0.080535
v -0.243469 1.440421 -0.080535
v -0.243469 1.440421 -0.070293
v -0.237946 1.431797 -0.070293
v -0.247564 1.453487 -0.080535
v -0.247564 1.453487 -0.070293
v -0.250593 1.451547 -0.080535
v -0.250593 1.451547 -0.070293
v -0.211341 1.567231 -0.050066
v -0.235836 1.551545 -0.100761
v -0.235836 1.551545 -0.050066
v -0.195596 1.570037 -0.037850
v -0.187998 1.574902 -0.047454
v -0.193453 1.571409 -0.044536
v -0.190223 1.573477 -0.040663
v -0.127421 1.480306 -0.047454
v -0.135019 1.475440 -0.037850
v -0.133215 1.476595 -0.044952
v -0.129646 1.478881 -0.040663
v -0.241693 1.540518 -0.112977
v -0.249291 1.535652 -0.103374
v -0.243836 1.539145 -0.106292
v -0.247065 1.537077 -0.110164
v -0.188714 1.441055 -0.103374
v -0.181116 1.445921 -0.112977
v -0.182920 1.444766 -0.105875
v -0.186489 1.442480 -0.110164
v -0.181116 1.445921 -0.037850
v -0.188714 1.441055 -0.047454
v -0.182920 1.444766 -0.044952
v -0.186489 1.442480 -0.040663
v -0.135019 1.475440 -0.112977
v -0.127421 1.480306 -0.103374
v -0.133215 1.476595 -0.105875
v -0.129646 1.478881 -0.110164
v -0.187998 1.574902 -0.103374
v -0.195596 1.570037 -0.112977
v -0.193453 1.571409 -0.106292
v -0.190223 1.573477 -0.110164
v -0.249291 1.535652 -0.047454
v -0.241693 1.540518 -0.037850
v -0.243836 1.539145 -0.044536
v -0.247065 1.537077 -0.040663
v 0.159030 0.861384 -0.073726
v 0.164204 0.864697 -0.077084
v 0.164204 0.864697 -0.073726
v 0.163125 0.866382 -0.077084
v 0.163125 0.866382 -0.073726
v 0.157951 0.863068 -0.073726
v 0.159030 0.861384 -0.077084
v 0.157951 0.863068 -0.077084
v 0.158517 0.860758 -0.073305
v 0.157168 0.862864 -0.073305
v 0.164988 0.864902 -0.073305
v 0.163639 0.867008 -0.073305
v 0.158517 0.860758 -0.077505
v 0.157168 0.862864 -0.077505
v 0.164988 0.864902 -0.077505
v 0.163639 0.867008 -0.077505
v 0.207239 0.797494 -0.077084
v 0.208318 0.795809 -0.077084
v 0.207239 0.797494 -0.073726
v 0.203144 0.792496 -0.077084
v 0.208318 0.795809 -0.073726
v 0.203144 0.792496 -0.073726
v 0.202065 0.794180 -0.073726
v 0.202065 0.794180 -0.077084
v 0.202630 0.791869 -0.073305
v 0.201281 0.793976 -0.073305
v 0.209102 0.796014 -0.073305
v 0.207753 0.798120 -0.073305
v 0.202630 0.791869 -0.077505
v 0.201281 0.793976 -0.077505
v 0.209102 0.796014 -0.077505
v 0.207753 0.798120 -0.077505
v 0.113567 0.932379 -0.077084
v 0.118741 0.935692 -0.077084
v 0.117662 0.937376 -0.077084
v 0.117662 0.937376 -0.073726
v 0.113567 0.932379 -0.073726
v 0.112489 0.934063 -0.073726
v 0.118741 0.935692 -0.073726
v 0.112489 0.934063 -0.077084
v 0.113054 0.931752 -0.073305
v 0.111705 0.933859 -0.073305
v 0.119525 0.935896 -0.073305
v 0.118176 0.938003 -0.073305
v 0.113054 0.931752 -0.077505
v 0.111705 0.933859 -0.077505
v 0.119525 0.935896 -0.077505
v 0.118176 0.938003 -0.077505
v 0.073278 1.006687 -0.077084
v 0.067026 1.005058 -0.073726
v 0.072200 1.008371 -0.073726
v 0.068104 1.003374 -0.073726
v 0.072200 1.008371 -0.077084
v 0.073278 1.006687 -0.073726
v 0.068104 1.003374 -0.077084
v 0.067026 1.005058 -0.077084
v 0.067591 1.002747 -0.073305
v 0.066242 1.004853 -0.073305
v 0.074062 1.006891 -0.073305
v 0.072713 1.008997 -0.073305
v 0.067591 1.002747 -0.077505
v 0.066242 1.004853 -0.077505
v 0.074062 1.006891 -0.077505
v 0.072713 1.008997 -0.077505
v 0.027815 1.077681 -0.077084
v 0.027815 1.077681 -0.073726
v 0.021563 1.076052 -0.077084
v 0.022641 1.074368 -0.073726
v 0.021563 1.076052 -0.073726
v 0.026737 1.079366 -0.077084
v 0.026737 1.079366 -0.073726
v 0.022641 1.074368 -0.077084
v 0.022128 1.073742 -0.073305
v 0.020779 1.075848 -0.073305
v 0.028599 1.077886 -0.073305
v 0.027250 1.079992 -0.073305
v 0.022128 1.073742 -0.077505
v 0.020779 1.075848 -0.077505
v 0.028599 1.077886 -0.077505
v 0.027250 1.079992 -0.077505
v -0.018726 1.150360 -0.077084
v -0.017648 1.148676 -0.077084
v -0.022822 1.145363 -0.073726
v -0.022822 1.145363 -0.077084
v -0.023900 1.147047 -0.073726
v -0.017648 1.148676 -0.073726
v -0.018726 1.150360 -0.073726
v -0.023900 1.147047 -0.077084
v -0.023335 1.144736 -0.073305
v -0.024684 1.146843 -0.073305
v -0.016864 1.148880 -0.073305
v -0.018213 1.150987 -0.073305
v -0.023335 1.144736 -0.077505
v -0.024684 1.146843 -0.077505
v -0.016864 1.148880 -0.077505
v -0.018213 1.150987 -0.077505
v -0.063111 1.219671 -0.077084
v -0.068285 1.216357 -0.073726
v -0.069363 1.218042 -0.073726
v -0.068285 1.216357 -0.077084
v -0.069363 1.218042 -0.077084
v -0.064189 1.221355 -0.077084
v -0.063111 1.219671 -0.073726
v -0.064189 1.221355 -0.073726
v -0.068798 1.215731 -0.073305
v -0.070147 1.217837 -0.073305
v -0.062327 1.219875 -0.073305
v -0.063676 1.221982 -0.073305
v -0.068798 1.215731 -0.077505
v -0.070147 1.217837 -0.077505
v -0.062327 1.219875 -0.077505
v -0.063676 1.221982 -0.077505
v -0.114826 1.289036 -0.073726
v -0.113747 1.287352 -0.077084
v -0.114826 1.289036 -0.077084
v -0.109652 1.292350 -0.073726
v -0.113747 1.287352 -0.073726
v -0.108574 1.290665 -0.073726
v -0.108574 1.290665 -0.077084
v -0.109652 1.292350 -0.077084
v -0.114261 1.286726 -0.073305
v -0.115610 1.288832 -0.073305
v -0.107790 1.290870 -0.073305
v -0.109139 1.292976 -0.073305
v -0.114261 1.286726 -0.077505
v -0.115610 1.288832 -0.077505
v -0.107790 1.290870 -0.077505
v -0.109139 1.292976 -0.077505
v -0.154036 1.361660 -0.077084
v -0.160289 1.360031 -0.073726
v -0.154036 1.361660 -0.073726
v -0.155115 1.363344 -0.073726
v -0.160289 1.360031 -0.077084
v -0.159210 1.358347 -0.073726
v -0.159210 1.358347 -0.077084
v -0.155115 1.363344 -0.077084
v -0.159724 1.357720 -0.073305
v -0.161073 1.359827 -0.073305
v -0.153253 1.361864 -0.073305
v -0.154602 1.363971 -0.073305
v -0.159724 1.357720 -0.077505
v -0.161073 1.359827 -0.077505
v -0.153253 1.361864 -0.077505
v -0.154602 1.363971 -0.077505
v -0.089715 1.590073 -0.075414
v -0.182509 1.570678 -0.075414
v -0.067638 1.554451 -0.075414
v -0.128961 1.487058 -0.075414
v -0.087151 1.513832 -0.075414
v -0.136832 1.597537 -0.075414
v -0.085612 1.543635 -0.075414
v -0.134289 1.495377 -0.075414
v -0.071478 1.533945 -0.075414
v -0.109815 1.510252 -0.075414
v -0.093657 1.526054 -0.075414
v -0.104863 1.581184 -0.075414
v -0.129761 1.583553 -0.075414
v -0.174567 1.558276 -0.075414
v -0.152164 1.570915 -0.075414
v -0.109045 1.598637 -0.075414
v -0.116050 1.584871 -0.075414
v -0.074204 1.575002 -0.075414
v -0.089721 1.565269 -0.075414
v -0.085593 1.555182 -0.075414
v -0.088078 1.534048 -0.075414
v -0.096798 1.574440 -0.075414
v -0.118867 1.601298 -0.075414
v -0.098901 1.595708 -0.075414
v -0.081239 1.583746 -0.075414
v -0.069802 1.564845 -0.075414
v -0.068281 1.543372 -0.075414
v -0.077092 1.523219 -0.075414
v -0.107038 1.498855 -0.075414
v -0.157140 1.586924 -0.075414
v -0.089715 1.590073 -0.083940
v -0.182509 1.570678 -0.083940
v -0.067638 1.554451 -0.083940
v -0.128961 1.487058 -0.083940
v -0.087151 1.513832 -0.083940
v -0.136832 1.597537 -0.083940
v -0.085612 1.543635 -0.083940
v -0.134289 1.495377 -0.083940
v -0.071478 1.533945 -0.083940
v -0.109815 1.510252 -0.083940
v -0.093657 1.526054 -0.083940
v -0.104863 1.581184 -0.083940
v -0.129761 1.583553 -0.083940
v -0.174567 1.558276 -0.083940
v -0.152164 1.570915 -0.083940
v -0.109045 1.598637 -0.083940
v -0.116050 1.584871 -0.083940
v -0.074204 1.575002 -0.083940
v -0.089721 1.565269 -0.083940
v -0.085593 1.555182 -0.083940
v -0.088078 1.534048 -0.083940
v -0.096798 1.574440 -0.083940
v -0.118867 1.601298 -0.083940
v -0.098901 1.595708 -0.083940
v -0.081239 1.583746 -0.083940
v -0.069802 1.564845 -0.083940
v -0.068281 1.543372 -0.083940
v -0.077092 1.523219 -0.083940
v -0.107038 1.498855 -0.083940
v -0.157140 1.586924 -0.083940
v -0.142867 1.471004 -0.051566
v -0.174697 1.450621 -0.051566
v -0.139676 1.473047 -0.095017
v -0.139676 1.473047 -0.055811
v -0.142867 1.471004 -0.099262
v -0.174697 1.450621 -0.099262
v -0.177888 1.448577 -0.055811
v -0.177888 1.448577 -0.095017
v -0.140611 1.472449 -0.098019
v -0.176954 1.449176 -0.052809
v -0.141272 1.472025 -0.053688
v -0.176954 1.449176 -0.098019
v 0.261529 0.774054 -0.076525
v 0.236515 0.758036 -0.076525
v 0.229294 0.757983 -0.076525
v 0.226933 0.761043 -0.076525
v 0.154589 0.874016 -0.076525
v 0.082244 0.986989 -0.076525
v 0.009899 1.099963 -0.076525
v -0.062446 1.212936 -0.076525
v -0.134791 1.325910 -0.076525
v -0.203415 1.433073 -0.076525
v 0.231592 0.756108 -0.076525
vn -0.8039 -0.5947 -0.0000
vn 0.4570 0.1840 -0.8702
vn 0.3078 -0.1246 -0.9432
vn 0.0832 0.0078 -0.9965
vn 0.0832 0.0078 0.9965
vn 0.3078 -0.1246 0.9432
vn 0.4570 0.1840 0.8702
vn -0.0377 -0.0651 -0.9972
vn 0.1042 -0.1931 -0.9756
vn -0.2659 -0.1946 -0.9442
vn -0.0377 -0.0651 0.9972
vn -0.2659 -0.1946 0.9442
vn 0.1042 -0.1931 0.9756
vn 0.3367 -0.0476 0.9404
vn 0.8150 0.2609 0.5175
vn 0.9476 -0.3194 -0.0000
vn 0.9363 0.3512 -0.0000
vn 0.0235 -0.0366 -0.9991
vn 0.1327 -0.2072 -0.9693
vn 0.0235 -0.0366 0.9991
vn -0.8421 -0.5393 -0.0000
vn 0.5393 -0.8421 -0.0000
vn -0.1275 -0.2840 -0.9503
vn -0.6855 -0.4995 -0.5298
vn 0.3545 0.2270 -0.9071
vn 0.7899 0.5058 -0.3468
vn -0.3545 -0.2270 0.9071
vn -0.7899 -0.5058 0.3468
vn 0.3545 0.2270 0.9071
vn 0.7899 0.5058 0.3468
vn 0.3578 0.2217 0.9071
vn 0.7973 0.4940 0.3468
vn 0.3511 0.2322 0.9071
vn 0.7823 0.5175 0.3468
vn 0.3524 0.2303 0.9071
vn 0.7852 0.5131 0.3468
vn 0.3566 0.2237 0.9071
vn 0.7946 0.4984 0.3468
vn 0.3584 0.2208 0.9071
vn 0.7985 0.4921 0.3467
vn 0.3505 0.2332 0.9071
vn 0.7809 0.5196 0.3467
vn 0.3496 0.2345 0.9071
vn 0.7789 0.5226 0.3467
vn -0.3545 -0.2270 -0.9071
vn -0.7899 -0.5058 -0.3468
vn -0.3578 -0.2217 -0.9071
vn -0.7973 -0.4940 -0.3468
vn -0.3511 -0.2322 -0.9071
vn -0.7823 -0.5175 -0.3468
vn -0.3524 -0.2303 -0.9071
vn -0.7852 -0.5131 -0.3468
vn -0.3566 -0.2237 -0.9071
vn -0.7946 -0.4984 -0.3468
vn -0.3584 -0.2208 -0.9071
vn -0.7985 -0.4921 -0.3467
vn -0.3505 -0.2332 -0.9071
vn -0.7809 -0.5196 -0.3467
vn -0.3496 -0.2345 -0.9071
vn -0.7789 -0.5226 -0.3467
vn 0.3367 -0.0476 -0.9404
vn 0.8150 0.2609 -0.5175
vn 0.3496 0.2345 -0.9071
vn 0.7789 0.5226 -0.3467
vn 0.3505 0.2332 -0.9071
vn 0.7809 0.5196 -0.3467
vn 0.3584 0.2208 -0.9071
vn 0.7985 0.4921 -0.3467
vn 0.3566 0.2237 -0.9071
vn 0.7946 0.4984 -0.3468
vn 0.3524 0.2303 -0.9071
vn 0.7852 0.5131 -0.3468
vn 0.3511 0.2322 -0.9071
vn 0.7823 0.5175 -0.3468
vn 0.3578 0.2217 -0.9071
vn 0.7973 0.4940 -0.3468
vn -0.1275 -0.2840 0.9503
vn -0.6855 -0.4995 0.5298
vn -0.3496 -0.2345 0.9071
vn -0.7789 -0.5226 0.3467
vn -0.3505 -0.2332 0.9071
vn -0.7809 -0.5196 0.3467
vn -0.3584 -0.2208 0.9071
vn -0.7985 -0.4921 0.3467
vn -0.3566 -0.2237 0.9071
vn -0.7946 -0.4984 0.3468
vn -0.3524 -0.2303 0.9071
vn -0.7852 -0.5131 0.3468
vn -0.3511 -0.2322 0.9071
vn -0.7823 -0.5175 0.3468
vn -0.3578 -0.2217 0.9071
vn -0.7973 -0.4940 0.3468
vn 0.1327 -0.2072 0.9693
vn 0.9244 0.3814 -0.0000
vn 0.1061 -0.1657 -0.9804
vn 0.8421 0.5393 -0.0000
vn 0.1061 -0.1657 0.9804
vn -0.0000 -0.0000 -1.0000
vn 0.8501 0.5267 -0.0000
vn -0.0000 -0.0000 1.0000
vn 0.8340 0.5517 -0.0000
vn 0.8371 0.5470 -0.0000
vn 0.8471 0.5314 -0.0000
vn 0.8513 0.5246 -0.0000
vn 0.8325 0.5540 -0.0000
vn 0.8304 0.5571 -0.0000
vn -0.8556 -0.5177 -0.0000
vn -0.8501 -0.5267 -0.0000
vn -0.8340 -0.5517 -0.0000
vn -0.8371 -0.5470 -0.0000
vn -0.8471 -0.5314 -0.0000
vn -0.8513 -0.5246 -0.0000
vn -0.8325 -0.5540 -0.0000
vn -0.8304 -0.5571 -0.0000
vn -0.5393 0.8421 -0.0000
vn 0.0630 -0.0983 0.9932
vn 0.0630 -0.0983 -0.9932
vn 0.8765 0.4814 -0.0000
vn -0.1155 -0.9933 -0.0000
vn -0.6323 -0.7747 -0.0000
vn -0.7917 -0.6109 -0.0000
vn -0.6011 -0.3850 -0.7003
vn -0.8304 -0.5318 -0.1660
vn -0.6011 -0.3850 0.7003
vn -0.8304 -0.5318 0.1660
vn -0.2235 -0.9747 -0.0000
vn -0.7409 -0.6716 -0.0000
vn -0.9788 0.2048 -0.0000
vn -0.9200 -0.3920 -0.0000
vn 0.3397 0.2176 0.9150
vn 0.7848 0.5026 0.3627
vn -0.3397 -0.2176 -0.9150
vn -0.7848 -0.5026 -0.3627
vn 0.3397 0.2176 -0.9150
vn 0.7848 0.5026 -0.3627
vn -0.3397 -0.2176 0.9150
vn -0.3151 0.9491 -0.0000
vn -0.7848 -0.5026 0.3627
vn -0.4948 0.7727 0.3975
vn -0.4948 0.7727 -0.3975
vn -0.7605 0.6493 -0.0000
vn -0.7734 0.6339 -0.0000
vn 0.4633 -0.7236 -0.5116
vn 0.7735 -0.6338 -0.0000
vn -0.4634 0.7236 -0.5115
vn -0.4634 0.7236 0.5115
vn 0.2521 -0.9677 -0.0000
vn 0.4633 -0.7236 0.5116
vn -0.2522 0.9677 -0.0000
vn 0.4633 -0.7235 -0.5117
vn -0.4633 0.7236 -0.5116
vn -0.4633 0.7236 0.5116
vn 0.4633 -0.7235 0.5117
vn -0.7735 0.6338 -0.0000
vn -0.2521 0.9677 -0.0000
vn 0.4634 -0.7236 -0.5115
vn 0.7734 -0.6339 -0.0000
vn -0.4633 0.7235 -0.5117
vn -0.4633 0.7235 0.5117
vn 0.2522 -0.9677 -0.0000
vn 0.4634 -0.7236 0.5115
vn 0.4633 -0.7235 -0.5118
vn -0.4634 0.7236 -0.5116
vn -0.4634 0.7236 0.5116
vn 0.4633 -0.7235 0.5118
vn 0.8860 -0.4638 -0.0000
vn 0.2615 0.9652 -0.0000
vn -0.6992 0.7149 -0.0000
vn 0.5228 0.8524 -0.0000
vn -0.8200 0.5723 -0.0000
vn 0.7791 0.6268 -0.0000
vn -0.3130 -0.9498 -0.0000
vn 0.9790 0.2038 -0.0000
vn 0.4913 -0.8710 -0.0000
vn 0.9470 -0.3211 -0.0000
vn 0.5982 0.8014 -0.0000
vn 0.6823 -0.7311 -0.0000
vn 0.4739 -0.8806 -0.0000
vn 0.2774 0.9608 -0.0000
vn -0.4632 0.8863 -0.0000
vn 0.0957 -0.9954 -0.0000
vn 0.9983 -0.0580 -0.0000
vn 0.9175 0.3977 -0.0000
vn 0.6016 -0.7988 -0.0000
vn -0.7917 -0.6110 -0.0000
vn -0.2049 0.9788 -0.0000
vn -0.9255 -0.3787 -0.0000
vn -1.0000 0.0016 -0.0000
vn -0.9685 0.2491 -0.0000
vn -0.5194 0.8545 -0.0000
vn -0.6415 -0.7671 -0.0000
vn 0.4814 -0.8765 -0.0000
vn 0.9383 -0.2458 -0.2432
vn 0.6332 -0.4422 -0.6353
vn 0.2877 -0.4492 0.8459
vn 0.1232 -0.7508 0.6489
vn -0.2152 -0.9427 0.2550
vn -0.4446 -0.8957 -0.0000
vn -0.2152 -0.9427 -0.2550
vn 0.5558 -0.8302 0.0439
vn 0.5378 -0.8398 0.0748
vn 0.9991 -0.0420 -0.0000
vn 0.5378 -0.8398 -0.0748
vn 0.6038 -0.7971 -0.0000
vn 0.9108 -0.2662 0.3157
vn 0.1232 -0.7508 -0.6489
vn 0.7015 -0.4021 0.5884
vn 0.5223 -0.8518 0.0421
vn 0.5020 -0.8647 0.0161
vn 0.5144 -0.8572 -0.0260
vn 0.5558 -0.8302 -0.0439
vn 0.5791 -0.8151 -0.0178
vn 0.5791 -0.8151 0.0178
vn 0.2877 -0.4492 -0.8459
vt 0.313543 0.091370
vt 0.310288 0.115284
vt 0.251356 0.199199
vt 0.251356 0.000172
vt 0.064477 0.023627
vt 0.066522 0.011254
vt 0.068057 0.013495
vt 0.067450 0.023514
vt 0.072330 0.005670
vt 0.072893 0.010823
vt 0.073887 0.022962
vt 0.051937 0.019239
vt 0.057025 0.008048
vt 0.060696 0.012220
vt 0.057906 0.021932
vt 0.059316 0.003367
vt 0.062898 0.010620
vt 0.060712 0.023032
vt 0.080651 0.022294
vt 0.078165 0.010338
vt 0.083209 0.009264
vt 0.087002 0.021152
vt 0.077131 0.005229
vt 0.085853 0.003440
vt 0.089896 0.020498
vt 0.102741 0.016995
vt 0.096501 0.018871
vt 0.094477 0.006536
vt 0.099462 0.005185
vt 0.093597 0.019601
vt 0.089484 0.002567
vt 0.098046 0.000172
vt 0.026545 0.101027
vt 0.033123 0.102436
vt 0.040167 0.103364
vt 0.251356 0.214769
vt 0.255002 0.214769
vt 0.255002 0.222647
vt 0.251356 0.222647
vt 0.079526 0.010175
vt 0.079000 0.004980
vt 0.045704 0.016257
vt 0.050981 0.005137
vt 0.251356 0.199543
vt 0.255002 0.199543
vt 0.255002 0.208233
vt 0.251356 0.208233
vt 0.087899 0.104521
vt 0.094426 0.103847
vt 0.101521 0.102826
vt 0.072704 0.897270
vt 0.071381 0.964685
vt 0.065441 0.963781
vt 0.066667 0.897309
vt 0.060189 0.963190
vt 0.059349 0.897509
vt 0.138090 0.901655
vt 0.126948 0.986120
vt 0.120148 0.985220
vt 0.131198 0.901126
vt 0.112786 0.984236
vt 0.123789 0.900573
vt 0.041788 0.967620
vt 0.023922 0.901781
vt 0.030837 0.900761
vt 0.047179 0.964826
vt 0.038219 0.899807
vt 0.052061 0.962873
vt 0.020773 0.802048
vt 0.027812 0.801963
vt 0.035422 0.801853
vt 0.020086 0.701271
vt 0.027179 0.701256
vt 0.034874 0.701242
vt 0.020298 0.600067
vt 0.027354 0.600000
vt 0.035007 0.599976
vt 0.020388 0.499041
vt 0.027439 0.499041
vt 0.035070 0.499042
vt 0.020314 0.398795
vt 0.027365 0.398870
vt 0.035011 0.398896
vt 0.020077 0.297033
vt 0.027166 0.297055
vt 0.034853 0.297079
vt 0.020954 0.196955
vt 0.027942 0.197060
vt 0.035545 0.197237
vt 0.078539 0.979311
vt 0.090257 0.898188
vt 0.096861 0.898638
vt 0.085212 0.980312
vt 0.104072 0.899144
vt 0.092468 0.981378
vt 0.090589 0.801237
vt 0.097547 0.801219
vt 0.105106 0.801246
vt 0.090623 0.701180
vt 0.097659 0.701179
vt 0.105274 0.701180
vt 0.090416 0.600335
vt 0.097478 0.600408
vt 0.105140 0.600435
vt 0.090386 0.499049
vt 0.097462 0.499048
vt 0.105130 0.499048
vt 0.090397 0.398504
vt 0.097460 0.398423
vt 0.105125 0.398391
vt 0.090605 0.297103
vt 0.097631 0.297098
vt 0.105233 0.297087
vt 0.090445 0.198177
vt 0.097349 0.198204
vt 0.104816 0.198128
vt 0.070913 0.105552
vt 0.064585 0.105641
vt 0.057768 0.105180
vt 0.070763 0.197896
vt 0.063893 0.197749
vt 0.056380 0.197633
vt 0.070733 0.297116
vt 0.063665 0.297108
vt 0.055994 0.297096
vt 0.070582 0.398766
vt 0.063531 0.398848
vt 0.055884 0.398882
vt 0.070569 0.499050
vt 0.063516 0.499051
vt 0.055884 0.499051
vt 0.070601 0.600099
vt 0.063546 0.600025
vt 0.055896 0.599995
vt 0.070759 0.701177
vt 0.063684 0.701185
vt 0.056003 0.701197
vt 0.070880 0.801333
vt 0.063961 0.801439
vt 0.056444 0.801542
vt 0.135402 0.097745
vt 0.128412 0.098996
vt 0.120951 0.100039
vt 0.140166 0.197136
vt 0.133119 0.197446
vt 0.125541 0.197687
vt 0.140680 0.297004
vt 0.133633 0.297027
vt 0.126013 0.297049
vt 0.140816 0.398487
vt 0.133755 0.398407
vt 0.126089 0.398377
vt 0.140855 0.499042
vt 0.133778 0.499041
vt 0.126110 0.499041
vt 0.140810 0.600337
vt 0.133749 0.600409
vt 0.126086 0.600438
vt 0.140723 0.701220
vt 0.133678 0.701213
vt 0.126055 0.701206
vt 0.140580 0.801700
vt 0.133556 0.801561
vt 0.125945 0.801446
vt 0.053267 0.000428
vt 0.007435 0.095987
vt 0.478927 0.185240
vt 0.485072 0.188092
vt 0.487618 0.194976
vt 0.000742 0.802324
vt 0.004465 0.905642
vt 0.000172 0.701299
vt 0.000480 0.600269
vt 0.000580 0.499038
vt 0.000505 0.398567
vt 0.000172 0.296971
vt 0.001127 0.196627
vt 0.330193 0.089386
vt 0.326165 0.117880
vt 0.319752 0.102715
vt 0.319720 0.102709
vt 0.469892 0.116555
vt 0.509104 0.116555
vt 0.509104 0.184896
vt 0.469892 0.184896
vt 0.380065 0.190281
vt 0.382034 0.017162
vt 0.319686 0.102751
vt 0.319751 0.102915
vt 0.156977 0.660089
vt 0.160609 0.660073
vt 0.161302 0.877128
vt 0.157505 0.877143
vt 0.148526 0.054751
vt 0.150431 0.003214
vt 0.150661 0.003317
vt 0.149748 0.054769
vt 0.147249 0.052701
vt 0.150487 0.001654
vt 0.150997 0.000369
vt 0.151029 0.000182
vt 0.151025 0.000184
vt 0.151044 0.000374
vt 0.151203 0.000475
vt 0.151044 0.000172
vt 0.251356 0.231711
vt 0.251356 0.228054
vt 0.251356 0.224397
vt 0.253924 0.224397
vt 0.253924 0.231711
vt 0.151031 0.000177
vt 0.150920 0.000405
vt 0.150812 0.000427
vt 0.151041 0.000175
vt 0.151010 0.000481
vt 0.150969 0.000528
vt 0.150937 0.000528
vt 0.150974 0.000481
vt 0.150941 0.001083
vt 0.150839 0.001064
vt 0.152371 0.050758
vt 0.149167 0.877143
vt 0.148998 0.662549
vt 0.148927 0.455424
vt 0.155928 0.451110
vt 0.149035 0.281457
vt 0.154675 0.276239
vt 0.149313 0.147320
vt 0.153441 0.142223
vt 0.141199 0.877136
vt 0.141371 0.661321
vt 0.145361 0.662549
vt 0.145368 0.877140
vt 0.142230 0.453257
vt 0.145729 0.455420
vt 0.143636 0.278824
vt 0.146450 0.281448
vt 0.145362 0.144734
vt 0.147411 0.147308
vt 0.153527 0.050721
vt 0.155313 0.142198
vt 0.157238 0.276213
vt 0.159114 0.451086
vt 0.217805 0.508634
vt 0.165814 0.508634
vt 0.165814 0.456643
vt 0.217805 0.456643
vt 0.414706 0.177657
vt 0.410560 0.146193
vt 0.415237 0.149910
vt 0.418265 0.173314
vt 0.422218 0.155410
vt 0.423544 0.166853
vt 0.442916 0.142678
vt 0.446446 0.175139
vt 0.441779 0.171278
vt 0.439187 0.147300
vt 0.435001 0.165727
vt 0.433794 0.154145
vt 0.382378 0.216944
vt 0.382378 0.116555
vt 0.469548 0.118520
vt 0.396360 0.366080
vt 0.395192 0.367776
vt 0.395021 0.367692
vt 0.396449 0.365513
vt 0.469546 0.195271
vt 0.425075 0.157689
vt 0.425335 0.160018
vt 0.431741 0.159331
vt 0.431493 0.156993
vt 0.393463 0.372076
vt 0.397015 0.389395
vt 0.395241 0.365273
vt 0.395676 0.366180
vt 0.394637 0.368171
vt 0.394406 0.367237
vt 0.393356 0.348438
vt 0.386846 0.390027
vt 0.392957 0.423566
vt 0.397015 0.424886
vt 0.394737 0.434208
vt 0.390675 0.447826
vt 0.408147 0.436743
vt 0.400477 0.433556
vt 0.404943 0.428962
vt 0.397359 0.425465
vt 0.480854 0.512626
vt 0.477822 0.520415
vt 0.472962 0.515495
vt 0.470505 0.523639
vt 0.471771 0.348845
vt 0.479553 0.352001
vt 0.475083 0.356636
vt 0.482686 0.360173
vt 0.397359 0.448468
vt 0.400389 0.440679
vt 0.405250 0.445599
vt 0.407707 0.437451
vt 0.407710 0.523633
vt 0.400392 0.520406
vt 0.405254 0.515485
vt 0.397360 0.512616
vt 0.470512 0.437451
vt 0.477831 0.440678
vt 0.472969 0.445598
vt 0.480862 0.448468
vt 0.397463 0.359799
vt 0.400659 0.351619
vt 0.405156 0.356288
vt 0.408436 0.348438
vt 0.482686 0.425652
vt 0.479461 0.433949
vt 0.474944 0.429220
vt 0.471538 0.437107
vt 0.365076 0.456204
vt 0.278053 0.351224
vt 0.279125 0.350854
vt 0.373944 0.448720
vt 0.279650 0.349870
vt 0.383292 0.439575
vt 0.184537 0.232055
vt 0.272847 0.339719
vt 0.271801 0.340047
vt 0.175425 0.239656
vt 0.271275 0.340971
vt 0.165814 0.248970
vt 0.280039 0.341319
vt 0.369534 0.235270
vt 0.378424 0.244060
vt 0.280865 0.341992
vt 0.386502 0.253372
vt 0.281351 0.342971
vt 0.270748 0.349985
vt 0.182934 0.456299
vt 0.173987 0.447633
vt 0.269945 0.349424
vt 0.425959 0.364033
vt 0.425585 0.421357
vt 0.165814 0.438441
vt 0.269332 0.348279
vt 0.458514 0.421312
vt 0.458816 0.364400
vt 0.251356 0.224053
vt 0.251356 0.223709
vt 0.251356 0.222991
vt 0.251356 0.223365
vt 0.251700 0.222991
vt 0.251700 0.224053
vt 0.251700 0.223365
vt 0.251700 0.223709
vt 0.252044 0.223365
vt 0.483990 0.077554
vt 0.478603 0.088676
vt 0.470618 0.097778
vt 0.462778 0.106423
vt 0.443102 0.113901
vt 0.416926 0.116211
vt 0.382378 0.116211
vt 0.382378 0.099321
vt 0.411830 0.097672
vt 0.441282 0.096023
vt 0.455339 0.088816
vt 0.463864 0.078337
vt 0.467481 0.066836
vt 0.468645 0.053603
vt 0.466392 0.041308
vt 0.459233 0.030168
vt 0.450922 0.022434
vt 0.440591 0.018164
vt 0.415213 0.012896
vt 0.382378 0.013666
vt 0.382378 0.002337
vt 0.410847 0.000172
vt 0.439315 0.002337
vt 0.454835 0.005182
vt 0.466891 0.012068
vt 0.475808 0.019195
vt 0.483281 0.029498
vt 0.487620 0.040874
vt 0.489649 0.053405
vt 0.488263 0.066201
vt 0.488458 0.270712
vt 0.492731 0.282065
vt 0.494117 0.294861
vt 0.492088 0.307392
vt 0.487749 0.318769
vt 0.480275 0.329071
vt 0.471359 0.336198
vt 0.459303 0.343084
vt 0.443783 0.345929
vt 0.415315 0.348094
vt 0.386846 0.345929
vt 0.386846 0.334600
vt 0.419681 0.335370
vt 0.445059 0.330102
vt 0.455390 0.325832
vt 0.463701 0.318099
vt 0.470860 0.306958
vt 0.473112 0.294663
vt 0.471949 0.281430
vt 0.468332 0.269929
vt 0.459807 0.259450
vt 0.445750 0.252243
vt 0.416298 0.250594
vt 0.386846 0.248945
vt 0.386846 0.232055
vt 0.421394 0.232055
vt 0.447570 0.234365
vt 0.467246 0.241843
vt 0.475086 0.250488
vt 0.483071 0.259590
vt 0.189152 0.041550
vt 0.195668 0.046842
vt 0.189266 0.056307
vt 0.182009 0.051652
vt 0.172041 0.146859
vt 0.182326 0.144079
vt 0.185573 0.155777
vt 0.175687 0.159280
vt 0.220284 0.053802
vt 0.212691 0.049123
vt 0.226779 0.029679
vt 0.233389 0.034866
vt 0.166921 0.120883
vt 0.177024 0.119606
vt 0.179039 0.131894
vt 0.168956 0.133887
vt 0.215454 0.062597
vt 0.206887 0.058593
vt 0.166407 0.094977
vt 0.175758 0.095980
vt 0.175530 0.107914
vt 0.165814 0.108134
vt 0.214791 0.138353
vt 0.203664 0.142987
vt 0.198708 0.126446
vt 0.209900 0.123786
vt 0.171884 0.071438
vt 0.180165 0.074514
vt 0.177500 0.084722
vt 0.168562 0.082653
vt 0.243643 0.187462
vt 0.232092 0.192326
vt 0.212747 0.161766
vt 0.223604 0.155498
vt 0.184411 0.064623
vt 0.176752 0.060617
vt 0.229535 0.231711
vt 0.231549 0.220908
vt 0.240449 0.215992
vt 0.251012 0.223522
vt 0.198365 0.031097
vt 0.204693 0.037115
vt 0.202730 0.206868
vt 0.211130 0.200303
vt 0.242678 0.000172
vt 0.236916 0.010102
vt 0.222288 0.019975
vt 0.216895 0.012538
vt 0.251012 0.014452
vt 0.241281 0.014833
vt 0.185717 0.180921
vt 0.195563 0.175459
vt 0.207882 0.111016
vt 0.197177 0.111961
vt 0.196962 0.096886
vt 0.207423 0.097236
vt 0.198587 0.083102
vt 0.208603 0.084776
vt 0.202393 0.069399
vt 0.211620 0.072389
vt 0.487618 0.215034
vt 0.485072 0.221918
vt 0.478927 0.224770
vt 0.469892 0.194976
vt 0.472438 0.188092
vt 0.478583 0.185240
vt 0.478583 0.224770
vt 0.472438 0.221918
vt 0.469892 0.215034
vt 0.464519 0.458068
vt 0.464512 0.503025
vt 0.061454 0.970109
vt 0.060188 0.963198
vt 0.065441 0.963787
vt 0.062296 0.970548
vt 0.063075 0.971069
vt 0.051440 0.971230
vt 0.051704 0.982094
vt 0.041075 0.982877
vt 0.052182 0.982767
vt 0.045931 0.988876
vt 0.052906 0.983169
vt 0.052107 0.993584
vt 0.065393 0.983482
vt 0.071713 0.999828
vt 0.066216 0.983033
vt 0.076713 0.988640
vt 0.416832 0.453204
vt 0.413758 0.454629
vt 0.460173 0.453200
vt 0.052864 0.970043
vt 0.052062 0.962880
vt 0.416835 0.507883
vt 0.460166 0.507892
vt 0.412485 0.458072
vt 0.412490 0.503014
vt 0.052134 0.970638
vt 0.047181 0.964832
vt 0.066778 0.982005
vt 0.463246 0.454626
vt 0.462339 0.505459
vt 0.413763 0.506456
vt 0.151042 0.000181
vt 0.154914 0.052655
vt 0.157426 0.144684
vt 0.160098 0.278762
vt 0.162637 0.453193
vt 0.164606 0.661271
vt 0.165470 0.877111
vt 0.150755 0.000818
vt 0.150893 0.000544
s 0
usemtl Rod
f 808/874/603 807/875/603 657/876/603 811/877/603
f 659/878/604 662/879/604 663/880/604 665/881/604
f 660/882/605 664/883/605 663/880/605 662/879/605
f 661/884/606 665/881/606 663/880/606 664/883/606
f 666/885/607 669/886/607 670/887/607 672/888/607
f 667/889/608 671/890/608 670/887/608 669/886/608
f 668/891/609 672/888/609 670/887/609 671/890/609
f 673/892/610 675/893/610 676/894/610 678/895/610
f 674/896/611 677/897/611 676/894/611 675/893/611
f 797/898/612 678/895/612 676/894/612 677/897/612
f 679/899/613 682/900/613 683/901/613 685/902/613
f 680/903/614 684/904/614 683/901/614 682/900/614
f 681/905/615 685/902/615 683/901/615 684/904/615
f 722/906/616 666/885/616 672/888/616 723/907/616
f 723/907/617 672/888/617 668/891/617 721/908/617
f 667/909/618 660/910/618 662/911/618 671/912/618
f 671/890/619 662/879/619 659/878/619 668/891/619
f 673/892/620 661/884/620 664/883/620 675/913/620
f 675/913/621 664/883/621 660/882/621 674/914/621
f 666/885/622 679/915/622 685/916/622 669/886/622
f 680/903/623 797/898/623 677/897/623 684/904/623
f 684/917/624 677/918/624 674/919/624 681/920/624
f 745/921/625 673/892/625 678/895/625 746/922/625
f 746/922/626 678/895/626 797/898/626 798/923/626
f 772/924/627 687/925/627 688/926/627 773/927/627
f 773/927/628 688/926/628 686/928/628 771/929/628
f 795/930/629 695/931/629 696/932/629 796/933/629
f 796/933/630 696/932/630 799/934/630 800/935/630
f 689/936/631 697/937/631 699/938/631 691/939/631
f 691/939/632 699/938/632 698/940/632 690/941/632
f 697/937/631 700/942/631 702/943/631 699/938/631
f 699/938/632 702/943/632 701/944/632 698/940/632
f 700/942/633 703/945/633 705/946/633 702/943/633
f 702/943/634 705/946/634 704/947/634 701/944/634
f 703/945/635 706/948/635 708/949/635 705/946/635
f 705/946/636 708/949/636 707/950/636 704/947/636
f 706/948/637 709/951/637 711/952/637 708/949/637
f 708/949/638 711/952/638 710/953/638 707/950/638
f 709/951/639 712/954/639 714/955/639 711/952/639
f 711/952/640 714/955/640 713/956/640 710/953/640
f 712/954/641 715/957/641 717/958/641 714/955/641
f 714/955/642 717/958/642 716/959/642 713/956/642
f 715/957/643 718/960/643 720/961/643 717/958/643
f 717/958/644 720/961/644 719/962/644 716/959/644
f 718/960/645 722/906/645 723/907/645 720/961/645
f 720/961/646 723/907/646 721/908/646 719/962/646
f 692/963/647 724/964/647 726/965/647 694/966/647
f 694/966/648 726/965/648 725/967/648 693/968/648
f 724/964/647 727/969/647 729/970/647 726/965/647
f 726/965/648 729/970/648 728/971/648 725/967/648
f 727/969/649 730/972/649 732/973/649 729/970/649
f 729/970/650 732/973/650 731/974/650 728/971/650
f 730/972/651 733/975/651 734/976/651 732/973/651
f 732/973/652 734/976/652 801/977/652 731/974/652
f 733/975/653 735/978/653 736/979/653 734/976/653
f 734/976/654 736/979/654 802/980/654 801/977/654
f 735/978/655 737/981/655 738/982/655 736/979/655
f 736/979/656 738/982/656 803/983/656 802/980/656
f 737/981/657 739/984/657 741/985/657 738/982/657
f 738/982/658 741/985/658 740/986/658 803/983/658
f 739/984/659 742/987/659 744/988/659 741/985/659
f 741/985/660 744/988/660 743/989/660 740/986/660
f 742/987/661 745/921/661 746/922/661 744/988/661
f 744/988/662 746/922/662 798/923/662 743/989/662
f 661/884/663 747/990/663 749/991/663 665/881/663
f 665/881/664 749/991/664 748/992/664 659/878/664
f 747/990/665 750/993/665 752/994/665 749/991/665
f 749/991/666 752/994/666 751/995/666 748/992/666
f 750/993/667 753/996/667 755/997/667 752/994/667
f 752/994/668 755/997/668 754/998/668 751/995/668
f 753/996/669 756/999/669 758/1000/669 755/997/669
f 755/997/670 758/1000/670 757/1001/670 754/998/670
f 756/999/671 759/1002/671 761/1003/671 758/1000/671
f 758/1000/672 761/1003/672 760/1004/672 757/1001/672
f 759/1002/673 762/1005/673 764/1006/673 761/1003/673
f 761/1003/674 764/1006/674 763/1007/674 760/1004/674
f 762/1005/675 765/1008/675 767/1009/675 764/1006/675
f 764/1006/676 767/1009/676 766/1010/676 763/1007/676
f 765/1008/677 768/1011/677 770/1012/677 767/1009/677
f 767/1009/678 770/1012/678 769/1013/678 766/1010/678
f 768/1011/627 772/924/627 773/927/627 770/1012/627
f 770/1012/628 773/927/628 771/929/628 769/1013/628
f 679/899/679 774/1014/679 775/1015/679 682/900/679
f 682/900/680 775/1015/680 804/1016/680 680/903/680
f 774/1014/681 776/1017/681 777/1018/681 775/1015/681
f 775/1015/682 777/1018/682 805/1019/682 804/1016/682
f 776/1017/683 778/1020/683 780/1021/683 777/1018/683
f 777/1018/684 780/1021/684 779/1022/684 805/1019/684
f 778/1020/685 781/1023/685 783/1024/685 780/1021/685
f 780/1021/686 783/1024/686 782/1025/686 779/1022/686
f 781/1023/687 784/1026/687 786/1027/687 783/1024/687
f 783/1024/688 786/1027/688 785/1028/688 782/1025/688
f 784/1026/689 787/1029/689 789/1030/689 786/1027/689
f 786/1027/690 789/1030/690 788/1031/690 785/1028/690
f 787/1029/691 790/1032/691 792/1033/691 789/1030/691
f 789/1030/692 792/1033/692 791/1034/692 788/1031/692
f 790/1032/693 793/1035/693 794/1036/693 792/1033/693
f 792/1033/694 794/1036/694 806/1037/694 791/1034/694
f 793/1035/629 795/930/629 796/933/629 794/1036/629
f 794/1036/630 796/933/630 800/935/630 806/1037/630
f 669/886/695 685/916/695 681/1038/695 667/889/695
f 660/910/624 667/909/624 681/920/624 674/919/624
f 748/992/696 721/908/696 668/891/696 659/878/696
f 661/884/697 673/892/697 745/921/697 747/990/697
f 686/928/698 690/941/698 698/940/698 771/929/698
f 679/915/699 666/885/699 722/906/699 774/1039/699
f 687/1040/624 688/1041/624 686/1042/624
f 771/929/698 698/940/698 701/944/698 769/1013/698
f 772/924/700 724/964/700 692/963/700 687/925/700
f 769/1013/701 701/944/701 704/947/701 766/1010/701
f 793/1043/702 700/942/702 697/937/702 795/1044/702
f 766/1010/703 704/947/703 707/950/703 763/1007/703
f 790/1045/702 703/945/702 700/942/702 793/1043/702
f 763/1007/704 707/950/704 710/953/704 760/1004/704
f 787/1046/702 706/948/702 703/945/702 790/1045/702
f 760/1004/705 710/953/705 713/956/705 757/1001/705
f 784/1047/702 709/951/702 706/948/702 787/1046/702
f 757/1001/706 713/956/706 716/959/706 754/998/706
f 781/1048/702 712/954/702 709/951/702 784/1047/702
f 754/998/707 716/959/707 719/962/707 751/995/707
f 778/1049/702 715/957/702 712/954/702 781/1048/702
f 751/995/708 719/962/708 721/908/708 748/992/708
f 776/1050/702 718/960/702 715/957/702 778/1049/702
f 774/1039/702 722/906/702 718/960/702 776/1050/702
f 768/1011/700 727/969/700 724/964/700 772/924/700
f 765/1008/700 730/972/700 727/969/700 768/1011/700
f 762/1005/700 733/975/700 730/972/700 765/1008/700
f 759/1002/700 735/978/700 733/975/700 762/1005/700
f 756/999/700 737/981/700 735/978/700 759/1002/700
f 753/996/700 739/984/700 737/981/700 756/999/700
f 750/993/700 742/987/700 739/984/700 753/996/700
f 797/898/709 680/903/709 804/1016/709 798/923/709
f 725/967/623 800/935/623 799/934/623 693/968/623
f 728/971/623 806/1037/623 800/935/623 725/967/623
f 731/974/710 791/1034/710 806/1037/710 728/971/710
f 801/977/711 788/1031/711 791/1034/711 731/974/711
f 802/980/712 785/1028/712 788/1031/712 801/977/712
f 803/983/713 782/1025/713 785/1028/713 802/980/713
f 740/986/714 779/1022/714 782/1025/714 803/983/714
f 743/989/715 805/1019/715 779/1022/715 740/986/715
f 798/923/716 804/1016/716 805/1019/716 743/989/716
f 809/1051/698 810/1052/698 884/1053/698 658/1054/698
f 655/1055/717 811/1056/717 657/1057/717 656/1058/717
f 807/875/718 810/1052/718 656/1059/718 657/876/718
f 808/874/719 811/877/719 655/1060/719 809/1051/719
f 885/1061/700 808/874/700 809/1051/700 658/1054/700
f 886/1062/702 884/1053/702 810/1052/702 807/875/702
f 655/1060/720 656/1059/720 810/1052/720 809/1051/720
f 885/1061/623 886/1062/623 807/875/623 808/874/623
f 847/1063/698 842/1064/698 814/1065/698 813/1066/698
f 832/1067/623 820/1068/623 829/1069/623 841/1070/623
f 1139/1071/700 1138/1072/700 820/1068/700 832/1067/700
f 821/1073/624 816/1074/624 817/1075/624 822/1076/624
f 823/1077/702 822/1076/702 817/1075/702 819/1078/702
f 816/1079/698 1135/1080/698 818/1081/698 819/1082/698 817/1083/698
f 1135/1084/700 816/1074/700 821/1073/700 1136/1085/700
f 824/1086/717 823/1077/717 819/1078/717 818/1087/717
f 828/1088/721 830/1089/721 827/1090/721 825/1091/721
f 830/1089/722 831/1092/722 826/1093/722 827/1090/722
f 831/1092/723 829/1069/723 820/1068/723 826/1093/723
f 825/1091/624 821/1073/624 822/1076/624 828/1088/624
f 820/1068/700 1138/1072/700 826/1093/700
f 829/1069/702 831/1092/702 830/1089/702 828/1088/702 822/1076/702 823/1077/702
f 841/1070/702 829/1069/702 823/1077/702 851/1094/702
f 812/1095/702 837/1096/702 847/1063/702 813/1066/702
f 837/1096/702 838/1097/702 848/1098/702 847/1063/702
f 838/1097/702 839/1099/702 849/1100/702 848/1098/702
f 839/1099/702 840/1101/702 850/1102/702 849/1100/702
f 840/1101/702 841/1070/702 851/1094/702 850/1102/702
f 1144/1103/700 1143/1104/700 836/1105/700 815/1106/700
f 1143/1104/700 1142/1107/700 835/1108/700 836/1105/700
f 1142/1107/700 1141/1109/700 834/1110/700 835/1108/700
f 1141/1109/700 1140/1111/700 833/1112/700 834/1110/700
f 1140/1111/700 1139/1071/700 832/1067/700 833/1112/700
f 815/1106/623 836/1105/623 837/1096/623 812/1095/623
f 836/1105/623 835/1108/623 838/1097/623 837/1096/623
f 835/1108/623 834/1110/623 839/1099/623 838/1097/623
f 834/1110/623 833/1112/623 840/1101/623 839/1099/623
f 833/1112/623 832/1067/623 841/1070/623 840/1101/623
f 823/1077/698 824/1086/698 846/1113/698 851/1094/698
f 851/1094/698 846/1113/698 845/1114/698 850/1102/698
f 850/1102/698 845/1114/698 844/1115/698 849/1100/698
f 849/1100/698 844/1115/698 843/1116/698 848/1098/698
f 848/1098/698 843/1116/698 842/1064/698 847/1063/698
f 854/1117/698 855/1118/698 853/1119/698 852/1120/698
f 863/1121/724 857/1122/724 858/1123/724 864/1124/724
f 864/1124/725 858/1123/725 868/1125/725 869/1126/725
f 860/1127/726 866/1128/726 867/1129/726 861/1130/726
f 861/1130/727 867/1129/727 870/1131/727 871/1132/727
f 857/1122/728 860/1127/728 861/1130/728 858/1123/728
f 858/1123/729 861/1130/729 871/1132/729 868/1125/729
f 866/1128/730 863/1121/730 864/1124/730 867/1129/730
f 867/1129/731 864/1124/731 869/1126/731 870/1131/731
f 863/1121/700 854/1133/700 852/1134/700 857/1122/700
f 852/1134/624 853/1135/624 860/1127/624 857/1122/624
f 856/1136/624 859/1137/624 875/1138/624 872/1139/624
f 855/1140/702 866/1128/702 860/1127/702 853/1135/702
f 863/1121/717 866/1128/717 855/1140/717 854/1133/717
f 856/1141/623 862/1142/623 869/1126/623 868/1125/623
f 865/1143/623 859/1144/623 871/1132/623 870/1131/623
f 859/1144/623 856/1141/623 868/1125/623 871/1132/623
f 862/1142/623 865/1143/623 870/1131/623 869/1126/623
f 875/1138/702 874/1145/702 878/1146/702 879/1147/702
f 862/1148/700 856/1136/700 872/1139/700 873/1149/700
f 865/1150/717 862/1148/717 873/1149/717 874/1145/717
f 859/1137/702 865/1150/702 874/1145/702 875/1138/702
f 876/1151/623 879/1147/623 878/1146/623 877/1152/623
f 872/1139/624 875/1138/624 879/1147/624 876/1151/624
f 873/1149/700 872/1139/700 876/1151/700 877/1152/700
f 878/1146/702 874/1145/702 881/1153/702 883/1154/702
f 881/1153/717 880/1155/717 882/1156/717 883/1154/717
f 873/1149/700 877/1152/700 882/1156/700 880/1155/700
f 877/1152/623 878/1146/623 883/1154/623 882/1156/623
f 874/1145/698 873/1149/698 880/1155/698 881/1153/698
f 887/1157/717 890/1158/717 889/1159/717
f 890/1158/717 888/1160/717 889/1159/717
f 891/1161/624 894/1162/624 893/1163/624
f 894/1162/624 892/1164/624 893/1163/624
f 895/1165/717 898/1166/717 897/1167/717
f 898/1166/717 896/1168/717 897/1167/717
f 899/1169/624 902/1170/624 901/1171/624
f 902/1170/624 900/1172/624 901/1171/624
f 903/1173/624 906/1174/624 905/1175/624
f 906/1174/624 904/1176/624 905/1175/624
f 907/1177/624 910/1178/624 909/1179/624
f 910/1178/624 908/1180/624 909/1179/624
f 911/1181/717 914/1182/717 913/1183/717
f 914/1182/717 912/1184/717 913/1183/717
f 915/1185/717 918/1186/717 917/1187/717
f 918/1186/717 916/1188/717 917/1187/717
f 887/1189/732 892/1190/732 894/1191/732 890/1192/732
f 890/1192/733 894/1191/733 891/1193/733 888/1194/733
f 895/1195/734 900/1196/734 902/1197/734 898/1198/734
f 898/1198/735 902/1197/735 899/1199/735 896/1200/735
f 907/1201/736 912/1202/736 914/1203/736 910/1204/736
f 910/1204/737 914/1203/737 911/1205/737 908/1206/737
f 903/1207/738 916/1208/738 918/1209/738 906/1210/738
f 658/1211/739 884/1212/739 889/1159/739 888/1160/739 911/1181/739 913/1183/739
f 906/1210/740 918/1209/740 915/1213/740 904/1214/740
f 884/1212/741 886/1215/741 917/1187/741 916/1188/741 887/1157/741 889/1159/741
f 747/990/700 745/921/700 742/987/700 750/993/700
f 903/1207/702 892/1190/702 887/1189/702 916/1208/702
f 893/1163/624 909/1179/624 908/1180/624 891/1161/624
f 885/1216/742 658/1211/742 913/1183/742 912/1184/742 895/1165/742 897/1167/742
f 911/1205/698 888/1194/698 891/1193/698 908/1206/698
f 886/1215/743 885/1216/743 897/1167/743 896/1168/743 915/1185/743 917/1187/743
f 901/1171/624 905/1175/624 904/1176/624 899/1169/624
f 905/1175/624 893/1163/624 892/1164/624 903/1173/624
f 899/1199/623 904/1214/623 915/1213/623 896/1200/623
f 922/1217/702 926/1217/702 925/1217/702 920/1217/702
f 922/1217/623 920/1217/623 921/1217/623 923/1217/623
f 923/1217/700 921/1217/700 919/1217/700 924/1217/700
f 926/1217/698 924/1217/698 919/1217/698 925/1217/698
f 922/1217/744 923/1217/744 930/1217/744 934/1217/744
f 919/1217/745 921/1217/745 929/1217/745 927/1217/745
f 925/1217/746 919/1217/746 927/1217/746 931/1217/746
f 923/1217/747 924/1217/747 928/1217/747 930/1217/747
f 934/1217/700 933/1217/700 931/1217/700 932/1217/700
f 934/1217/698 930/1217/698 929/1217/698 933/1217/698
f 930/1217/702 928/1217/702 927/1217/702 929/1217/702
f 932/1217/623 931/1217/623 927/1217/623 928/1217/623
f 926/1217/748 922/1217/748 934/1217/748 932/1217/748
f 921/1217/749 920/1217/749 933/1217/749 929/1217/749
f 920/1217/750 925/1217/750 931/1217/750 933/1217/750
f 924/1217/751 926/1217/751 932/1217/751 928/1217/751
f 935/1218/702 942/1218/702 938/1218/702 936/1218/702
f 935/1218/623 936/1218/623 939/1218/623 937/1218/623
f 937/1218/700 939/1218/700 940/1218/700 941/1218/700
f 942/1218/698 941/1218/698 940/1218/698 938/1218/698
f 935/1218/744 937/1218/744 946/1218/744 950/1218/744
f 940/1218/752 939/1218/752 945/1218/752 943/1218/752
f 938/1218/746 940/1218/746 943/1218/746 947/1218/746
f 937/1218/753 941/1218/753 944/1218/753 946/1218/753
f 950/1218/700 949/1218/700 947/1218/700 948/1218/700
f 950/1218/698 946/1218/698 945/1218/698 949/1218/698
f 946/1218/702 944/1218/702 943/1218/702 945/1218/702
f 948/1218/623 947/1218/623 943/1218/623 944/1218/623
f 942/1218/754 935/1218/754 950/1218/754 948/1218/754
f 939/1218/749 936/1218/749 949/1218/749 945/1218/749
f 936/1218/755 938/1218/755 947/1218/755 949/1218/755
f 941/1218/751 942/1218/751 948/1218/751 944/1218/751
f 953/1219/702 958/1219/702 951/1219/702 952/1219/702
f 953/1219/623 952/1219/623 957/1219/623 954/1219/623
f 954/1219/700 957/1219/700 955/1219/700 956/1219/700
f 958/1219/698 956/1219/698 955/1219/698 951/1219/698
f 953/1219/756 954/1219/756 962/1219/756 966/1219/756
f 955/1219/752 957/1219/752 961/1219/752 959/1219/752
f 951/1219/746 955/1219/746 959/1219/746 963/1219/746
f 954/1219/753 956/1219/753 960/1219/753 962/1219/753
f 966/1219/700 965/1219/700 963/1219/700 964/1219/700
f 966/1219/698 962/1219/698 961/1219/698 965/1219/698
f 962/1219/702 960/1219/702 959/1219/702 961/1219/702
f 964/1219/623 963/1219/623 959/1219/623 960/1219/623
f 958/1219/754 953/1219/754 966/1219/754 964/1219/754
f 957/1219/749 952/1219/749 965/1219/749 961/1219/749
f 952/1219/755 951/1219/755 963/1219/755 965/1219/755
f 956/1219/757 958/1219/757 964/1219/757 960/1219/757
f 971/1220/702 974/1220/702 973/1220/702 967/1220/702
f 971/1220/623 967/1220/623 972/1220/623 969/1220/623
f 969/1220/700 972/1220/700 970/1220/700 968/1220/700
f 974/1220/698 968/1220/698 970/1220/698 973/1220/698
f 971/1220/756 969/1220/756 978/1220/756 982/1220/756
f 970/1220/752 972/1220/752 977/1220/752 975/1220/752
f 973/1220/746 970/1220/746 975/1220/746 979/1220/746
f 969/1220/753 968/1220/753 976/1220/753 978/1220/753
f 982/1220/700 981/1220/700 979/1220/700 980/1220/700
f 982/1220/698 978/1220/698 977/1220/698 981/1220/698
f 978/1220/702 976/1220/702 975/1220/702 977/1220/702
f 980/1220/623 979/1220/623 975/1220/623 976/1220/623
f 974/1220/754 971/1220/754 982/1220/754 980/1220/754
f 972/1220/749 967/1220/749 981/1220/749 977/1220/749
f 967/1220/755 973/1220/755 979/1220/755 981/1220/755
f 968/1220/757 974/1220/757 980/1220/757 976/1220/757
f 988/1221/702 985/1221/702 990/1221/702 983/1221/702
f 988/1221/623 983/1221/623 984/1221/623 989/1221/623
f 989/1221/700 984/1221/700 986/1221/700 987/1221/700
f 985/1221/698 987/1221/698 986/1221/698 990/1221/698
f 988/1221/744 989/1221/744 994/1221/744 998/1221/744
f 986/1221/752 984/1221/752 993/1221/752 991/1221/752
f 990/1221/746 986/1221/746 991/1221/746 995/1221/746
f 989/1221/747 987/1221/747 992/1221/747 994/1221/747
f 998/1221/700 997/1221/700 995/1221/700 996/1221/700
f 998/1221/698 994/1221/698 993/1221/698 997/1221/698
f 994/1221/702 992/1221/702 991/1221/702 993/1221/702
f 996/1221/623 995/1221/623 991/1221/623 992/1221/623
f 985/1221/754 988/1221/754 998/1221/754 996/1221/754
f 984/1221/749 983/1221/749 997/1221/749 993/1221/749
f 983/1221/755 990/1221/755 995/1221/755 997/1221/755
f 987/1221/751 985/1221/751 996/1221/751 992/1221/751
f 999/1222/702 1006/1222/702 1002/1222/702 1000/1222/702
f 999/1222/623 1000/1222/623 1004/1222/623 1005/1222/623
f 1005/1222/700 1004/1222/700 1001/1222/700 1003/1222/700
f 1006/1222/698 1003/1222/698 1001/1222/698 1002/1222/698
f 999/1222/744 1005/1222/744 1010/1222/744 1014/1222/744
f 1001/1222/752 1004/1222/752 1009/1222/752 1007/1222/752
f 1002/1222/746 1001/1222/746 1007/1222/746 1011/1222/746
f 1005/1222/753 1003/1222/753 1008/1222/753 1010/1222/753
f 1014/1222/700 1013/1222/700 1011/1222/700 1012/1222/700
f 1014/1222/698 1010/1222/698 1009/1222/698 1013/1222/698
f 1010/1222/702 1008/1222/702 1007/1222/702 1009/1222/702
f 1012/1222/623 1011/1222/623 1007/1222/623 1008/1222/623
f 1006/1222/754 999/1222/754 1014/1222/754 1012/1222/754
f 1004/1222/749 1000/1222/749 1013/1222/749 1009/1222/749
f 1000/1222/750 1002/1222/750 1011/1222/750 1013/1222/750
f 1003/1222/751 1006/1222/751 1012/1222/751 1008/1222/751
f 1020/1223/702 1019/1223/702 1018/1223/702 1015/1223/702
f 1020/1223/623 1015/1223/623 1021/1223/623 1022/1223/623
f 1022/1223/700 1021/1223/700 1016/1223/700 1017/1223/700
f 1019/1223/698 1017/1223/698 1016/1223/698 1018/1223/698
f 1020/1223/756 1022/1223/756 1026/1223/756 1030/1223/756
f 1016/1223/745 1021/1223/745 1025/1223/745 1023/1223/745
f 1018/1223/746 1016/1223/746 1023/1223/746 1027/1223/746
f 1022/1223/753 1017/1223/753 1024/1223/753 1026/1223/753
f 1030/1223/700 1029/1223/700 1027/1223/700 1028/1223/700
f 1030/1223/698 1026/1223/698 1025/1223/698 1029/1223/698
f 1026/1223/702 1024/1223/702 1023/1223/702 1025/1223/702
f 1028/1223/623 1027/1223/623 1023/1223/623 1024/1223/623
f 1019/1223/754 1020/1223/754 1030/1223/754 1028/1223/754
f 1021/1223/749 1015/1223/749 1029/1223/749 1025/1223/749
f 1015/1223/755 1018/1223/755 1027/1223/755 1029/1223/755
f 1017/1223/757 1019/1223/757 1028/1223/757 1024/1223/757
f 1038/1224/702 1033/1224/702 1032/1224/702 1037/1224/702
f 1038/1224/623 1037/1224/623 1036/1224/623 1034/1224/623
f 1034/1224/700 1036/1224/700 1035/1224/700 1031/1224/700
f 1033/1224/698 1031/1224/698 1035/1224/698 1032/1224/698
f 1038/1224/756 1034/1224/756 1042/1224/756 1046/1224/756
f 1035/1224/758 1036/1224/758 1041/1224/758 1039/1224/758
f 1032/1224/759 1035/1224/759 1039/1224/759 1043/1224/759
f 1034/1224/760 1031/1224/760 1040/1224/760 1042/1224/760
f 1046/1224/700 1045/1224/700 1043/1224/700 1044/1224/700
f 1046/1224/698 1042/1224/698 1041/1224/698 1045/1224/698
f 1042/1224/702 1040/1224/702 1039/1224/702 1041/1224/702
f 1044/1224/623 1043/1224/623 1039/1224/623 1040/1224/623
f 1033/1224/761 1038/1224/761 1046/1224/761 1044/1224/761
f 1036/1224/762 1037/1224/762 1045/1224/762 1041/1224/762
f 1037/1224/763 1032/1224/763 1043/1224/763 1045/1224/763
f 1031/1224/757 1033/1224/757 1044/1224/757 1040/1224/757
f 1054/1225/702 1051/1225/702 1053/1225/702 1047/1225/702
f 1054/1225/623 1047/1225/623 1049/1225/623 1050/1225/623
f 1050/1225/700 1049/1225/700 1052/1225/700 1048/1225/700
f 1051/1225/698 1048/1225/698 1052/1225/698 1053/1225/698
f 1054/1225/744 1050/1225/744 1058/1225/744 1062/1225/744
f 1052/1225/764 1049/1225/764 1057/1225/764 1055/1225/764
f 1053/1225/746 1052/1225/746 1055/1225/746 1059/1225/746
f 1050/1225/765 1048/1225/765 1056/1225/765 1058/1225/765
f 1062/1225/700 1061/1225/700 1059/1225/700 1060/1225/700
f 1062/1225/698 1058/1225/698 1057/1225/698 1061/1225/698
f 1058/1225/702 1056/1225/702 1055/1225/702 1057/1225/702
f 1060/1225/623 1059/1225/623 1055/1225/623 1056/1225/623
f 1051/1225/766 1054/1225/766 1062/1225/766 1060/1225/766
f 1049/1225/749 1047/1225/749 1061/1225/749 1057/1225/749
f 1047/1225/767 1053/1225/767 1059/1225/767 1061/1225/767
f 1048/1225/751 1051/1225/751 1060/1225/751 1056/1225/751
f 1063/1226/702 1086/1227/702 1078/1228/702 1085/1229/702 1068/1230/702 1092/1231/702 1064/1232/702 1076/1233/702 1077/1234/702 1075/1235/702 1079/1236/702 1074/1237/702 1084/1238/702 1081/1239/702 1082/1240/702 1069/1241/702 1083/1242/702 1073/1243/702 1072/1244/702 1070/1245/702 1066/1246/702 1091/1247/702 1067/1248/702 1090/1249/702 1071/1250/702 1089/1251/702 1065/1252/702 1088/1253/702 1080/1254/702 1087/1255/702
f 1093/1256/700 1117/1257/700 1110/1258/700 1118/1259/700 1095/1260/700 1119/1261/700 1101/1262/700 1120/1263/700 1097/1264/700 1121/1265/700 1096/1266/700 1100/1267/700 1102/1268/700 1103/1269/700 1113/1270/700 1099/1271/700 1112/1272/700 1111/1273/700 1114/1274/700 1104/1275/700 1109/1276/700 1105/1277/700 1107/1278/700 1106/1279/700 1094/1280/700 1122/1281/700 1098/1282/700 1115/1283/700 1108/1284/700 1116/1285/700
f 1090/1286/768 1120/1287/768 1101/1288/768 1071/1289/768
f 1078/1290/769 1108/1291/769 1115/1292/769 1085/1293/769
f 1073/1294/770 1103/1295/770 1102/1296/770 1072/1297/770
f 1063/1298/771 1093/1299/771 1116/1300/771 1086/1301/771
f 1083/1302/772 1113/1303/772 1103/1295/772 1073/1294/772
f 1080/1304/773 1110/1305/773 1117/1306/773 1087/1307/773
f 1079/1308/774 1109/1309/774 1104/1310/774 1074/1311/774
f 1065/1312/775 1095/1313/775 1118/1314/775 1088/1315/775
f 1077/1316/776 1107/1317/776 1105/1318/776 1075/1319/776
f 1071/1289/777 1101/1288/777 1119/1320/777 1089/1321/777
f 1064/1322/623 1094/1323/623 1106/1324/623 1076/1325/623
f 1087/1307/778 1117/1306/778 1093/1299/778 1063/1298/778
f 1067/1326/779 1097/1327/779 1120/1287/779 1090/1286/779
f 1076/1325/776 1106/1324/776 1107/1317/776 1077/1316/776
f 1092/1328/717 1122/1329/717 1094/1323/717 1064/1322/717
f 1066/1330/780 1096/1331/780 1121/1332/780 1091/1333/780
f 1086/1301/781 1116/1300/781 1108/1291/781 1078/1290/781
f 1070/1334/623 1100/1335/623 1096/1331/623 1066/1330/623
f 1068/1336/782 1098/1337/782 1122/1329/782 1092/1328/782
f 1075/1319/783 1105/1318/783 1109/1309/783 1079/1308/783
f 1089/1321/784 1119/1320/784 1095/1313/784 1065/1312/784
f 1088/1315/785 1118/1314/785 1110/1305/785 1080/1304/785
f 1091/1333/786 1121/1332/786 1097/1327/786 1067/1326/786
f 1084/1338/787 1114/1339/787 1111/1340/787 1081/1341/787
f 1085/1293/788 1115/1292/788 1098/1337/788 1068/1336/788
f 1081/1341/789 1111/1340/789 1112/1342/789 1082/1343/789
f 1082/1343/790 1112/1342/790 1099/1344/790 1069/1345/790
f 1069/1345/791 1099/1344/791 1113/1303/791 1083/1302/791
f 1072/1297/792 1102/1296/792 1100/1335/792 1070/1334/792
f 1074/1311/793 1104/1310/793 1114/1339/793 1084/1338/793
f 690/1346/624 691/1347/624 689/1348/624
f 693/1349/624 694/1350/624 692/1351/624
f 695/1352/624 696/1353/624 799/1354/624
f 687/1040/624 686/1042/624 690/1346/624 689/1348/624
f 799/1354/624 693/1349/624 692/1351/624 695/1352/624
f 909/1179/624 901/1171/624 900/1172/624 907/1177/624
f 1125/1355/794 909/1179/794 893/1163/794 1126/1356/794
f 1125/1357/795 686/1358/795 688/1359/795 1131/1360/795
f 1131/1360/796 688/1359/796 687/925/796 1127/1361/796
f 689/936/797 1123/1362/797 1124/1363/797 695/1364/797
f 1132/1365/798 696/1366/798 695/1364/798 1124/1363/798
f 1129/1367/799 799/1368/799 696/1366/799 1132/1365/799
f 1130/1369/800 693/1370/800 799/1368/800 1129/1367/800
f 1134/1371/801 694/1372/801 693/1370/801 1130/1369/801
f 901/1171/802 1128/1373/802 1134/1374/802
f 1128/1373/803 901/1171/803 909/1179/803 1127/1375/803
f 686/1358/804 1125/1357/804 1126/1376/804 690/1377/804
f 905/1175/805 1124/1378/805 1123/1379/805 893/1163/805
f 901/1171/806 1130/1380/806 1129/1381/806 905/1175/806
f 1133/1382/807 691/1383/807 690/1377/807 1126/1376/807
f 1128/1384/808 692/963/808 694/1372/808 1134/1371/808
f 1123/1362/809 689/936/809 691/1383/809 1133/1382/809
f 909/1179/810 1131/1385/810 1127/1375/810
f 909/1179/811 1125/1355/811 1131/1385/811
f 893/1163/812 1133/1386/812 1126/1356/812
f 1123/1379/812 1133/1386/812 893/1163/812
f 905/1175/813 1132/1387/813 1124/1378/813
f 905/1175/814 1129/1381/814 1132/1387/814
f 901/1171/815 1134/1374/815 1130/1380/815
f 692/963/816 1128/1384/816 1127/1361/816 687/925/816
f 795/1044/702 697/937/702 689/936/702 695/1364/702
f 895/1195/700 912/1202/700 907/1201/700 900/1196/700
f 818/1087/700 1135/1388/700 1136/1085/700 824/1086/700
f 846/1113/700 824/1086/700 1138/1072/700 1139/1389/700
f 845/1114/700 846/1113/700 1139/1389/700 1140/1390/700
f 844/1115/700 845/1114/700 1140/1390/700 1141/1391/700
f 843/1116/700 844/1115/700 1141/1391/700 1142/1392/700
f 842/1064/700 843/1116/700 1142/1392/700 1143/1393/700
f 814/1065/700 842/1064/700 1143/1393/700 1144/1394/700
f 1138/1072/700 824/1086/700 1137/1395/700 826/1093/700
f 824/1086/700 1145/1396/700 827/1090/700 826/1093/700 1137/1395/700
f 825/1091/700 827/1090/700 1145/1396/700 824/1086/700 1136/1085/700
f 1136/1085/700 821/1073/700 825/1091/700
l 1137 1138
l 1137 1145
l 1136 1145
o Head
v -0.019154 1.493140 0.127112
v -0.019154 1.537036 0.134500
v -0.034820 1.495695 0.127542
v -0.034820 1.534482 0.134070
v -0.003489 1.534482 0.134070
v -0.045038 1.529037 0.133154
v -0.003489 1.495695 0.127542
v 0.006730 1.501139 0.128458
v 0.006730 1.529037 0.133154
v -0.045038 1.501139 0.128458
v -0.019154 1.484301 0.122018
v -0.019154 1.547055 0.132580
v -0.041549 1.487953 0.122633
v -0.041549 1.543403 0.131965
v 0.003241 1.543403 0.131965
v -0.056158 1.535620 0.130655
v 0.003241 1.487953 0.122633
v 0.017850 1.495736 0.123942
v 0.017850 1.535620 0.130655
v -0.056158 1.495736 0.123942
v -0.019154 1.488016 0.099944
v -0.019154 1.550771 0.110506
v -0.041549 1.491669 0.100559
v -0.041549 1.547118 0.109892
v 0.003241 1.547118 0.109892
v -0.056158 1.539335 0.108582
v 0.003241 1.491669 0.100559
v 0.017850 1.499452 0.101869
v 0.017850 1.539335 0.108582
v -0.056158 1.499452 0.101869
v 0.008595 1.515088 0.130806
v -0.046903 1.515088 0.130806
v 0.020515 1.515678 0.127299
v -0.058824 1.515678 0.127299
v -0.019154 1.519393 0.105225
v -0.041549 1.519393 0.105225
v 0.003241 1.519393 0.105225
v 0.020515 1.519393 0.105225
v -0.058824 1.519393 0.105225
v -0.036181 1.487943 0.145328
v -0.019416 1.480772 0.142842
v -0.019154 1.488720 0.124565
v -0.000124 1.491824 0.125087
v -0.010986 1.536209 0.134360
v -0.040964 1.532513 0.133738
v 0.012290 1.498438 0.126200
v 0.002656 1.497664 0.127873
v 0.008362 1.507301 0.129495
v 0.002656 1.532513 0.133738
v -0.040964 1.497664 0.127873
v -0.046670 1.522875 0.132116
v -0.027323 1.536209 0.134360
v -0.027323 1.493968 0.127251
v -0.010986 1.493968 0.127251
v -0.018717 1.536940 0.149188
v -0.025263 1.533557 0.149897
v -0.056158 1.497594 0.112906
v 0.003241 1.545261 0.120928
v -0.007476 1.545872 0.132381
v -0.050333 1.540588 0.131491
v -0.019154 1.548913 0.121543
v 0.012025 1.490769 0.123106
v 0.020182 1.504546 0.125425
v 0.012025 1.540588 0.131491
v -0.050333 1.490769 0.123106
v -0.058491 1.526810 0.129172
v -0.030832 1.545872 0.132381
v -0.030832 1.485485 0.122217
v -0.007476 1.485485 0.122217
v -0.019154 1.542046 0.133540
v -0.000124 1.538942 0.133018
v -0.050598 1.498438 0.126200
v -0.050598 1.532329 0.131904
v 0.012290 1.532329 0.131904
v -0.038184 1.538942 0.133018
v -0.038184 1.491824 0.125087
v -0.019154 1.535082 0.107866
v -0.041549 1.533256 0.107558
v -0.007476 1.549587 0.110307
v -0.050333 1.544303 0.109418
v 0.003241 1.533256 0.107558
v 0.012025 1.494484 0.101033
v 0.020182 1.508261 0.103352
v 0.012025 1.544303 0.109418
v -0.050333 1.494484 0.101033
v -0.058491 1.530525 0.107099
v -0.030832 1.549587 0.110307
v -0.030832 1.489200 0.100144
v -0.007476 1.489200 0.100144
v -0.056158 1.537478 0.119618
v 0.017850 1.537478 0.119618
v 0.017850 1.497594 0.112906
v -0.041549 1.545261 0.120928
v -0.019154 1.486159 0.110981
v -0.041549 1.489811 0.111596
v 0.003241 1.489811 0.111596
v 0.008362 1.522875 0.132116
v -0.046670 1.507301 0.129495
v 0.020182 1.526810 0.129172
v -0.058491 1.504546 0.125425
v -0.019154 1.503705 0.102585
v -0.041549 1.505531 0.102892
v 0.003241 1.505531 0.102892
v 0.020182 1.530525 0.107099
v -0.058491 1.508261 0.103352
v -0.030832 1.519393 0.105225
v -0.007476 1.519393 0.105225
v 0.012358 1.519393 0.105225
v -0.050667 1.519393 0.105225
v 0.014555 1.515383 0.129052
v -0.058824 1.517536 0.116262
v 0.020515 1.517536 0.116262
v -0.052863 1.515383 0.129052
v -0.025962 1.482499 0.144412
v -0.013636 1.483479 0.142105
v -0.003417 1.488923 0.143021
v -0.035482 1.528113 0.148981
v -0.012938 1.534537 0.147590
v -0.002719 1.529093 0.146674
v -0.001291 1.512740 0.144495
v -0.037784 1.511760 0.146803
v -0.007492 1.485448 0.142436
v -0.016190 1.481676 0.142398
v -0.032106 1.484468 0.144744
v -0.023025 1.481186 0.143552
v -0.052580 1.505924 0.127460
v -0.009231 1.541040 0.133371
v -0.009231 1.489726 0.124734
v 0.007340 1.494216 0.125490
v -0.037682 1.499039 0.145929
v -0.015492 1.536188 0.148465
v -0.001306 1.521729 0.145721
v -0.022326 1.535698 0.149618
v -0.006793 1.532568 0.147259
v -0.031408 1.531588 0.149566
v -0.050333 1.542446 0.120455
v 0.020182 1.528668 0.118136
v -0.058491 1.506404 0.114388
v -0.007476 1.547729 0.121344
v 0.014272 1.524843 0.130644
v -0.045649 1.536550 0.132615
v -0.029077 1.541040 0.133371
v 0.007340 1.536550 0.132615
v -0.029077 1.489726 0.124734
v -0.045649 1.494216 0.125490
v -0.050611 1.531977 0.107343
v 0.012303 1.531977 0.107343
v -0.007476 1.534490 0.107766
v -0.030832 1.534490 0.107766
v -0.030832 1.547729 0.121344
v 0.012025 1.542446 0.120455
v -0.030832 1.487342 0.111180
v -0.050333 1.492626 0.112070
v 0.012025 1.492626 0.112070
v -0.007476 1.487342 0.111180
v -0.030832 1.504297 0.102684
v -0.007476 1.504297 0.102684
v 0.012303 1.506810 0.103107
v -0.050611 1.506810 0.103107
v 0.014272 1.505924 0.127460
v -0.058491 1.528668 0.118136
v 0.020182 1.506404 0.114388
v -0.001655 1.500019 0.143622
v -0.037332 1.520749 0.148029
v -0.052580 1.524843 0.130644
v -0.019205 1.426586 -0.020060
v 0.722919 1.278158 0.050426
v 0.846525 1.287668 0.080788
v 0.846525 1.346021 0.080788
v 0.736226 1.316844 0.049887
v 0.845661 1.352200 0.050057
v 0.846346 1.325526 0.050057
v 0.763897 1.346021 0.050057
v 0.764177 1.287668 0.083494
v 0.847175 1.370913 0.076276
v 0.849917 1.350305 0.076276
v 0.850373 1.327260 0.054569
v 0.850348 1.312560 0.054569
v 0.917384 1.283384 0.054569
v 0.937390 1.341737 0.076276
v 0.719947 1.271791 0.065423
v 0.715802 1.285071 0.065423
v 0.806037 1.258491 0.065423
v 0.843907 1.265970 0.065423
v 0.847146 1.370913 0.065423
v 0.849894 1.350305 0.065423
v 0.850354 1.312560 0.065423
v 0.850444 1.291952 0.065423
v 0.919133 1.265970 0.065423
v 0.947820 1.321128 0.065423
v 0.936994 1.312560 0.065423
v 0.936994 1.291951 0.065423
v 0.720781 1.362260 0.080409
v 0.767567 1.377622 0.104681
v 0.788460 1.369608 0.104681
v 0.808126 1.397313 0.131455
v 0.803293 1.394630 0.165329
v 0.942286 1.360609 0.065648
v 0.949180 1.331433 0.065797
v 0.683367 1.290453 0.084175
v 0.682223 1.354167 0.065423
v 0.887842 1.354669 0.054569
v 0.891079 1.341737 0.054569
v 0.886867 1.327260 0.054569
v 0.887470 1.298083 0.054569
v 0.883259 1.298083 0.054569
v 0.877743 1.271151 0.054569
v 0.876426 1.283384 0.054569
v 0.881962 1.370913 0.065423
v 0.888289 1.350305 0.065423
v 0.884071 1.350305 0.065423
v 0.886870 1.322091 0.072617
v 0.880483 1.282472 0.072406
v 0.920486 1.341737 0.072832
v 0.916288 1.327260 0.054569
v 0.913264 1.312560 0.072891
v 0.913268 1.298083 0.054569
v 0.909071 1.298083 0.054569
v 0.898849 1.265969 0.072967
v 0.900924 1.283384 0.054569
v 0.914499 1.370914 0.065423
v 0.920488 1.321128 0.065423
v 0.916288 1.341737 0.065423
v 0.909071 1.312560 0.065423
v 0.913267 1.312560 0.065423
v 0.896721 1.283384 0.065423
v 0.803811 1.366787 0.050057
v 0.806005 1.264763 0.054322
v 0.808204 1.267172 0.050057
v 0.799394 1.346021 0.045464
v 0.812113 1.347004 0.045502
v 0.798670 1.316844 0.045492
v 0.812110 1.289023 0.045486
v -0.019205 1.403984 -0.020224
v 0.144883 1.371701 0.030821
v -0.019205 1.381755 0.164745
v -0.019205 1.412297 0.114817
v -0.019205 1.335136 -0.012941
v -0.019205 1.336066 0.184405
v -0.019205 1.209150 0.013344
v 0.144730 1.254027 0.112059
v -0.019205 1.210603 0.200280
v -0.019205 0.884873 0.003687
v -0.019205 0.918989 0.165480
v -0.019205 1.063622 0.010965
v -0.019205 1.064678 0.172063
v 0.152943 1.259329 0.035431
v 0.157439 1.373016 0.030710
v 0.160832 1.313127 0.002511
v 0.181271 1.250390 0.114112
v 0.455387 1.346274 0.039269
v 0.496290 1.314897 0.025381
v 0.502327 1.273174 0.099140
v -0.019205 0.803247 0.149490
v -0.019205 0.866013 0.006719
v 0.007586 1.063622 0.014923
v 0.016429 0.863288 -0.010938
v 0.057075 1.422800 0.023580
v 0.473206 1.362013 0.056752
v 0.500932 1.271263 0.059876
v 0.090042 0.864727 -0.006535
v -0.019205 0.802810 0.023217
v -0.019205 0.777839 0.142872
v 0.074287 0.065758 0.023151
v 0.020754 0.125293 0.112497
v 0.044047 0.631415 0.159633
v 0.098133 0.445565 0.140396
v 0.038707 0.438544 0.112027
v 0.116237 0.410819 0.055734
v 0.018320 -0.002376 0.347066
v 0.119853 0.026390 0.375551
v 0.061256 -0.002376 0.339061
v 0.104191 -0.002376 0.331056
v 0.115517 0.062416 0.221605
v 0.139668 0.011423 0.186580
v 0.117082 0.140050 0.143847
v 0.127619 0.106514 0.048688
v 0.022634 0.144970 0.111603
v 0.144216 0.197374 0.097872
v 0.024658 0.191136 0.110639
v 0.024996 0.158894 0.056220
v 0.114099 0.188148 0.143303
v 0.062984 0.010571 0.199632
v 0.061256 -0.001933 0.101037
v 0.419550 1.366039 0.055389
v 0.472894 1.361587 0.047988
v 0.479897 1.270582 0.051606
v 0.422091 1.314708 0.021508
v 0.038526 0.446798 0.111252
v 0.097961 0.462552 0.140677
v 0.124969 0.459514 0.111355
v 0.022410 0.404147 0.059283
v 0.035495 0.438206 0.105484
v 0.131218 0.490926 0.106299
v -0.019205 0.944208 0.006161
v 0.083136 0.946285 0.005132
v -0.019205 0.950122 0.166886
v 0.011801 0.945559 -0.001630
v 0.020136 0.950012 0.161097
v 0.089049 0.946735 0.030228
v 0.720337 1.271430 0.080409
v 0.838480 1.258491 0.080788
v 0.842194 1.375200 0.080804
v 0.840671 1.267173 0.050057
v 0.722388 1.355739 0.050427
v 0.843293 1.366787 0.050057
v 0.736111 1.316845 0.080958
v 0.716414 1.285712 0.085969
v 0.845886 1.316844 0.080788
v 0.715851 1.285712 0.044876
v 0.716200 1.347847 0.044962
v 0.845978 1.296349 0.050057
v 0.763609 1.258491 0.080788
v 0.805686 1.258491 0.080788
v 0.763440 1.366788 0.050057
v 0.763442 1.267173 0.050057
v 0.764126 1.316844 0.050057
v 0.763454 1.287668 0.050057
v 0.805627 1.287668 0.083494
v 0.804898 1.316844 0.080788
v 0.764440 1.316844 0.080788
v 0.848873 1.283384 0.054569
v 0.848910 1.283384 0.076276
v 0.843500 1.265970 0.076276
v 0.845059 1.271151 0.054569
v 0.847488 1.364973 0.054569
v 0.848862 1.354669 0.054569
v 0.849990 1.341737 0.054569
v 0.850020 1.341737 0.076276
v 0.849921 1.321128 0.076276
v 0.849921 1.312560 0.076276
v 0.850020 1.291952 0.076276
v 0.849966 1.298084 0.054569
v 0.911497 1.283384 0.076276
v 0.910758 1.265969 0.076276
v 0.916815 1.271151 0.054569
v 0.930251 1.370913 0.076276
v 0.937877 1.364973 0.054569
v 0.930623 1.350305 0.076276
v 0.937923 1.354669 0.054569
v 0.944840 1.341737 0.054569
v 0.936947 1.321128 0.076276
v 0.944840 1.327260 0.054569
v 0.927400 1.312560 0.076276
v 0.934326 1.312560 0.054569
v 0.927400 1.291951 0.076276
v 0.934326 1.298083 0.054569
v 0.719504 1.361898 0.065423
v 0.842197 1.375198 0.065423
v 0.838431 1.258491 0.065423
v 0.846052 1.346021 0.065423
v 0.845863 1.316844 0.065423
v 0.846052 1.287668 0.065423
v 0.715692 1.348492 0.065423
v 0.763522 1.258491 0.065423
v 0.763238 1.375217 0.065529
v 0.804916 1.375243 0.065681
v 0.848886 1.283384 0.065423
v 0.850000 1.341737 0.065423
v 0.849910 1.321128 0.065423
v 0.918690 1.283384 0.065423
v 0.940294 1.370913 0.065423
v 0.940294 1.350304 0.065423
v 0.947376 1.341737 0.065423
v 0.716758 1.347847 0.085883
v 0.763562 1.346034 0.083566
v 0.798583 1.378647 0.079988
v 0.803726 1.346154 0.084212
v 0.744772 1.382747 0.103277
v 0.794746 1.381995 0.102996
v 0.771392 1.391919 0.095306
v 0.746727 1.394187 0.104106
v 0.748193 1.394156 0.095305
v 0.792431 1.383906 0.095305
v 0.790470 1.390596 0.139109
v 0.770487 1.396425 0.136943
v 0.805626 1.385824 0.138177
v 0.810517 1.395496 0.140211
v 0.776911 1.404158 0.140103
v 0.772622 1.405307 0.131141
v 0.794124 1.401665 0.131985
v 0.793197 1.396320 0.163171
v 0.780865 1.399560 0.161254
v 0.805950 1.400395 0.165504
v 0.797146 1.402759 0.163009
v 0.783706 1.403813 0.162115
v 0.782246 1.404903 0.157764
v 0.804375 1.401485 0.161153
v 0.795520 1.403090 0.159143
v 0.919556 1.274677 0.065653
v 0.937966 1.302256 0.065739
v 0.685218 1.316844 0.091943
v 0.682300 1.290453 0.046670
v 0.684310 1.316844 0.038902
v 0.682300 1.343235 0.046670
v 0.681779 1.279522 0.065423
v 0.682924 1.343235 0.084175
v 0.886235 1.356337 0.054569
v 0.884129 1.356337 0.054569
v 0.885397 1.364539 0.054569
v 0.883290 1.364539 0.054569
v 0.887475 1.341303 0.054569
v 0.889585 1.341303 0.054569
v 0.889585 1.328928 0.054569
v 0.887475 1.328928 0.054569
v 0.883867 1.312126 0.054569
v 0.885976 1.312126 0.054569
v 0.887026 1.292887 0.072406
v 0.882819 1.292909 0.072639
v 0.885976 1.299751 0.054569
v 0.883867 1.299751 0.054569
v 0.876248 1.266891 0.072406
v 0.872010 1.266917 0.072676
v 0.876471 1.272819 0.054569
v 0.874381 1.272819 0.054569
v 0.878900 1.282950 0.054569
v 0.885738 1.370913 0.065423
v 0.890635 1.321128 0.065423
v 0.886424 1.321128 0.065423
v 0.886424 1.341737 0.065423
v 0.890635 1.341737 0.065423
v 0.882817 1.291952 0.065423
v 0.887027 1.291952 0.065423
v 0.882817 1.312560 0.065423
v 0.887027 1.312560 0.065423
v 0.875992 1.283384 0.065423
v 0.880239 1.283384 0.065423
v 0.871803 1.265970 0.065423
v 0.876052 1.265970 0.065423
v 0.883527 1.351264 0.072631
v 0.887743 1.351244 0.072406
v 0.885838 1.369971 0.072406
v 0.881625 1.369953 0.072627
v 0.890634 1.340791 0.072406
v 0.886427 1.340774 0.072618
v 0.890634 1.322074 0.072406
v 0.887026 1.311625 0.072406
v 0.882819 1.311603 0.072639
v 0.875791 1.282439 0.072687
v 0.915099 1.350305 0.072865
v 0.910902 1.350383 0.072406
v 0.914055 1.370914 0.072849
v 0.909858 1.370838 0.072406
v 0.913777 1.356337 0.054569
v 0.911680 1.356337 0.054569
v 0.913360 1.364539 0.054569
v 0.911263 1.364539 0.054569
v 0.915846 1.341664 0.072406
v 0.916896 1.341303 0.054569
v 0.918995 1.341303 0.054569
v 0.920043 1.321128 0.072832
v 0.915846 1.321201 0.072406
v 0.918995 1.328928 0.054569
v 0.916896 1.328928 0.054569
v 0.908630 1.312477 0.072406
v 0.909679 1.312126 0.054569
v 0.911774 1.312126 0.054569
v 0.912821 1.291952 0.072891
v 0.908630 1.292035 0.072406
v 0.911774 1.299751 0.054569
v 0.909679 1.299751 0.054569
v 0.894213 1.266066 0.072406
v 0.900465 1.283384 0.073018
v 0.896276 1.283278 0.072406
v 0.898089 1.272819 0.054569
v 0.896006 1.272819 0.054569
v 0.899297 1.282950 0.054569
v 0.897214 1.282950 0.054569
v 0.909856 1.370914 0.065423
v 0.910902 1.350305 0.065423
v 0.915103 1.350305 0.065423
v 0.915845 1.321128 0.065423
v 0.920045 1.341737 0.065423
v 0.908628 1.291951 0.065423
v 0.912824 1.291951 0.065423
v 0.900474 1.283384 0.065423
v 0.894207 1.265970 0.065423
v 0.898405 1.265969 0.065423
v 0.811939 1.366787 0.050057
v 0.799083 1.366788 0.050057
v 0.805375 1.369108 0.054345
v 0.807653 1.366787 0.050057
v 0.799085 1.267172 0.050057
v 0.812099 1.267172 0.050057
v 0.803423 1.267172 0.050057
v 0.802986 1.346153 0.045168
v 0.807641 1.346513 0.045182
v 0.810947 1.318181 0.045474
v 0.802259 1.317024 0.045178
v 0.806915 1.317513 0.045171
v 0.798951 1.287668 0.045464
v 0.807640 1.288346 0.045174
v 0.802985 1.287849 0.045166
v 0.134945 1.384102 0.106913
v 0.059440 1.423281 0.013025
v 0.054208 1.420631 0.038174
v 0.147454 1.314480 0.002450
v 0.084347 0.914415 -0.000406
v 0.076607 1.063555 0.025511
v 0.091402 1.065221 0.131787
v 0.140761 1.320616 0.144824
v 0.170257 1.387771 0.108650
v 0.176838 1.320852 0.147815
v 0.165855 1.257773 0.035218
v 0.474167 1.363935 0.096258
v 0.456701 1.313762 0.024731
v 0.478526 1.319607 0.122202
v 0.481169 1.272930 0.099876
v 0.493220 1.361287 0.047570
v 0.494925 1.363621 0.095544
v 0.499257 1.319564 0.121329
v 0.500179 1.270840 0.051166
v 0.021656 1.397724 -0.005152
v 0.022274 1.382062 0.147732
v 0.004911 1.414549 0.094128
v 0.001878 1.425693 -0.020033
v 0.022609 1.329398 -0.008669
v 0.023845 1.331870 0.180844
v 0.024180 1.220352 0.020835
v 0.024798 1.222334 0.184216
v 0.014039 0.872793 -0.012160
v 0.019273 0.918802 0.158457
v 0.021239 1.064851 0.170809
v 0.142414 1.251238 0.053962
v 0.089219 0.914907 0.026270
v 0.086350 1.063849 0.044793
v 0.133072 1.381408 0.048523
v 0.168137 1.384870 0.049012
v 0.178708 1.247489 0.054473
v 0.479765 1.271008 0.060370
v 0.130622 0.767237 0.033151
v 0.093181 0.758441 0.030032
v 0.004704 0.782829 0.027205
v 0.007444 0.789527 0.139477
v 0.096293 0.866219 0.024306
v 0.104469 0.916820 0.100283
v 0.039823 0.831177 0.152382
v 0.033266 0.834180 0.078430
v 0.068824 0.854143 0.132654
v 0.128840 0.062031 0.040829
v 0.152257 0.109139 0.094768
v 0.062085 0.120172 0.152242
v 0.119410 0.118577 0.144351
v 0.025544 0.064905 0.055047
v 0.095616 0.651159 0.143801
v 0.151165 0.704416 0.104216
v 0.026012 0.634666 0.089278
v 0.127498 0.578966 0.029913
v -0.003038 0.593597 0.029176
v 0.082651 0.575634 0.021878
v 0.056728 0.436047 0.149122
v 0.123988 0.471739 0.111856
v 0.021802 0.419726 0.059478
v 0.081104 0.413026 0.046639
v 0.126406 -0.002375 0.035278
v 0.146684 -0.002375 0.089217
v 0.071410 -0.002375 0.017600
v 0.017877 -0.001712 0.106946
v 0.023110 -0.002375 0.049496
v 0.062085 0.040529 0.356277
v 0.149118 0.042067 0.323050
v 0.119410 0.038934 0.338555
v 0.020311 0.045650 0.347067
v 0.146684 -0.002376 0.323050
v 0.059651 -0.002376 0.393272
v 0.062085 0.032294 0.393272
v 0.145576 0.023521 0.359793
v 0.116976 -0.002376 0.375550
v 0.025118 0.032726 0.384315
v 0.022684 -0.002376 0.384315
v 0.143845 -0.002376 0.359792
v 0.119410 0.039206 0.303477
v 0.142287 0.042339 0.274981
v 0.020311 0.045922 0.291806
v 0.062085 0.040801 0.316283
v 0.017877 -0.002045 0.289030
v 0.139853 -0.002376 0.272205
v 0.103748 -0.002266 0.275115
v 0.060813 -0.002155 0.282072
v 0.028777 0.068264 0.202654
v 0.141519 0.066856 0.183075
v 0.065154 0.063805 0.230617
v 0.026482 0.010145 0.206159
v 0.061402 0.140227 0.151844
v 0.146545 0.146116 0.096263
v 0.074770 0.110047 0.032105
v 0.025067 0.110157 0.061570
v 0.060666 0.186799 0.151415
v 0.125384 0.154423 0.044777
v 0.075767 0.157747 0.029373
v 0.098599 0.010997 0.193106
v 0.103748 -0.002154 0.095127
v 0.459528 1.284987 0.041696
v 0.493529 1.361711 0.056280
v 0.428268 1.268960 0.102384
v 0.443206 1.283701 0.041135
v 0.440042 1.315857 0.022439
v 0.438164 1.347521 0.038597
v 0.425388 1.319826 0.126714
v 0.420637 1.368133 0.098441
v 0.426738 1.266865 0.059332
v 0.475094 1.314910 0.025662
v 0.426399 1.266401 0.049781
v 0.418768 1.365574 0.045838
v 0.136183 1.313894 0.002873
v 0.132656 1.380810 0.035570
v 0.171657 1.313763 0.002078
v 0.178238 1.246845 0.041243
v 0.167667 1.384226 0.035781
v 0.141998 1.250619 0.041074
v 0.056546 0.444936 0.149495
v 0.124874 0.477549 0.112098
v 0.116761 0.424712 0.053600
v 0.019750 0.434092 0.056974
v 0.081232 0.426461 0.044593
v 0.056963 0.421160 0.149259
v 0.116366 0.395505 0.055079
v 0.080785 0.397779 0.045608
v 0.037833 0.430403 0.112235
v 0.096556 0.437167 0.141880
v 0.129825 0.455313 0.105972
v 0.128939 0.471698 0.106486
v 0.034405 0.423449 0.105792
v 0.034305 0.454438 0.104145
v 0.099565 0.455663 0.138890
v 0.055643 0.452189 0.149990
v 0.098643 0.430190 0.140569
v 0.056339 0.428473 0.149471
v 0.101677 0.948532 0.107015
v 0.886346 1.364973 0.054569
v 0.882127 1.364973 0.054569
v 0.883180 1.354669 0.054569
v 0.890635 1.327260 0.054569
v 0.886424 1.341737 0.054569
v 0.887027 1.312560 0.054569
v 0.882816 1.312560 0.054569
v 0.880232 1.283384 0.054569
v 0.873049 1.271151 0.054569
v 0.914359 1.364973 0.054569
v 0.910157 1.364973 0.054569
v 0.914883 1.354669 0.054569
v 0.910681 1.354669 0.054569
v 0.920046 1.341737 0.054569
v 0.920046 1.327260 0.054569
v 0.915845 1.341737 0.054569
v 0.912825 1.312560 0.054569
v 0.908628 1.312560 0.054569
v 0.896281 1.283384 0.054569
v 0.899022 1.271151 0.054569
v 0.894822 1.271151 0.054569
v 0.055600 1.589860 -0.008498
v 0.055600 1.719314 -0.016243
v 0.005880 1.473693 0.146391
v 0.055600 1.719314 0.132925
v -0.019205 1.735244 0.149132
v 0.055098 1.511371 0.056717
v 0.072363 1.735448 0.058467
v 0.063957 1.644730 -0.033005
v -0.019205 1.759832 0.061157
v -0.019205 1.480029 0.102276
v 0.092417 1.644730 0.058341
v -0.019205 1.640506 0.173443
v 0.056252 1.636303 0.148997
v 0.001164 1.730941 0.144754
v 0.001164 1.576060 -0.020026
v 0.005692 1.753245 0.060430
v 0.004873 1.496773 0.092929
v 0.019311 1.634126 0.162156
v 0.058644 1.722244 -0.002678
v 0.058607 1.581922 0.004366
v -0.019205 1.739876 -0.015806
v 0.069124 1.644730 -0.016420
v 0.001986 1.735112 -0.012260
v 0.055942 1.576166 -0.006826
v 0.054968 1.502270 0.055119
v -0.019205 1.559348 -0.023952
v -0.019205 1.474572 0.103284
v 0.001257 1.563973 -0.020026
v 0.004758 1.488218 0.093068
v 0.058462 1.566511 0.005415
v 0.035316 1.470080 0.098999
v 0.063981 1.727381 0.095696
v -0.019205 1.747538 0.105145
v -0.019205 1.468214 0.126383
v -0.002204 1.474874 0.120422
v 0.003428 1.742093 0.102592
v 0.078187 1.644636 0.103700
v -0.019205 1.649659 -0.055353
v 0.013810 1.648328 -0.049316
v 0.001164 1.731090 -0.028385
v -0.019205 1.570952 -0.024292
v -0.019205 1.735449 -0.032879
v 0.062695 1.636440 -0.029303
v 0.086779 1.624582 0.058096
v -0.019205 1.603625 0.168863
v 0.067535 1.635241 -0.013280
v 0.049149 1.617165 0.149055
v 0.071710 1.618263 0.102990
v 0.011899 1.637409 -0.044890
v -0.019205 1.637767 -0.050660
v 0.059984 1.618642 -0.021353
v 0.074673 1.581323 0.057569
v -0.019205 1.552480 0.162540
v -0.011894 1.554989 0.164215
v 0.064124 1.614867 -0.006537
v 0.057804 1.561642 0.101465
v 0.007797 1.613967 -0.035390
v -0.019205 1.612237 -0.040585
v -0.008947 1.457206 0.147824
v -0.019205 1.455368 0.150513
v 0.017842 1.458027 0.140651
v 0.042031 1.555862 0.145061
v -0.019205 1.536396 0.160328
v -0.019205 1.612534 0.169978
v 0.018356 1.612193 0.159635
v 0.002990 1.553926 0.157807
v -0.007997 1.553203 0.160174
v -0.017119 1.553809 0.165396
v -0.015802 1.603751 0.168246
v -0.016016 1.550931 0.169215
v -0.019205 1.602536 0.170633
v -0.015802 1.602662 0.170016
v -0.011276 1.552110 0.168735
v -0.019205 1.559155 0.175534
v -0.013417 1.550924 0.169766
v -0.010846 1.553794 0.166726
v -0.014200 1.550407 0.170818
v -0.019205 1.548996 0.176021
v -0.009416 1.556285 0.165932
v -0.009416 1.553977 0.169683
v -0.011409 1.558456 0.162654
v -0.017549 1.552126 0.167405
v -0.019205 1.549639 0.168203
v -0.019205 1.552440 0.164452
v -0.019205 1.571747 0.173251
v -0.016592 1.553978 0.163885
v -0.019205 1.554076 0.176636
v -0.015802 1.603207 0.169131
v -0.012609 1.571747 0.170252
v -0.012609 1.571996 0.167934
v -0.013606 1.573354 0.165853
v -0.011013 1.562862 0.169967
v -0.011013 1.564140 0.166933
v -0.012508 1.565905 0.164254
v -0.019205 1.603080 0.169748
v -0.019205 1.471533 0.153145
v 0.003330 1.537849 0.155632
v -0.010027 1.473268 0.150174
v 0.021889 1.538841 0.149034
v 0.013984 1.640172 0.166632
v 0.064132 1.643117 0.148835
v 0.008411 1.603820 0.162119
v 0.055030 1.606444 0.145927
v 0.028382 1.725128 0.138839
v 0.028382 1.582960 -0.014262
v 0.039027 1.744347 0.059449
v 0.031102 1.424487 -0.003504
v 0.004447 1.457617 0.144237
v 0.029986 1.504072 0.074823
v 0.030003 1.417590 0.066151
v 0.030315 1.728678 -0.007469
v 0.038625 1.644385 0.158039
v 0.028599 1.570070 -0.013426
v 0.029863 1.495244 0.074093
v 0.033705 1.734737 0.099144
v 0.016556 1.472477 0.109711
v 0.028382 1.725202 -0.022314
v 0.038883 1.646529 -0.041161
v 0.037297 1.636925 -0.037097
v 0.031721 1.605132 0.154023
v 0.022510 1.554894 0.151434
v 0.033890 1.616305 -0.028371
v 0.012609 1.538345 0.152333
v -0.002073 1.473480 0.148282
v 0.037419 1.637964 0.155878
v 0.035634 1.615941 0.153667
v 0.077157 1.629911 0.022408
v 0.069399 1.598095 0.025516
v 0.081515 1.624722 0.015585
v 0.088628 1.620784 0.041937
v 0.079558 1.588401 0.041545
v 0.075679 1.600757 0.017924
v 0.082111 1.629894 0.010697
v 0.091732 1.624564 0.046385
v 0.079627 1.581306 0.045858
v 0.074352 1.598078 0.013805
v 0.046842 1.637183 0.152510
v 0.053158 1.631256 0.150039
v 0.027624 1.609713 0.155738
v 0.030797 1.636446 0.159108
v 0.040737 1.614963 0.151677
v 0.021205 1.632076 0.167145
v 0.044487 1.631121 0.153477
v 0.015553 1.616367 0.161345
v 0.022664 1.609818 0.157634
v 0.034025 1.637224 0.157459
v 0.038096 1.631449 0.156865
v 0.016273 1.626613 0.162660
v 0.032253 1.611898 0.154322
v 0.024126 1.635455 0.160684
v 0.011987 1.627145 0.165015
v 0.025304 1.632837 0.160619
v 0.015878 1.638122 0.171621
v 0.058146 1.634253 0.153985
v 0.048736 1.635134 0.157499
v 0.066026 1.641068 0.153824
v 0.040519 1.642336 0.163027
v 0.019714 1.630173 0.161929
v 0.033312 1.633170 0.158698
v 0.036496 1.635203 0.162598
v 0.039712 1.635947 0.160886
v 0.026235 1.633455 0.165749
v 0.033536 1.634377 0.164433
v -0.007938 1.537122 0.157980
v -0.014616 1.472401 0.151659
v -0.014076 1.456287 0.149168
v 0.028199 1.640229 0.167324
v 0.022038 1.639175 0.169473
v 0.036624 1.635162 0.162660
v 0.034359 1.641282 0.165176
v 0.021203 1.641406 0.164115
v 0.027011 1.642399 0.162089
v 0.032818 1.643392 0.160064
v 0.053273 1.641702 0.158426
v 0.051379 1.643752 0.153437
v 0.009990 1.614118 0.163398
v 0.020066 1.604476 0.158071
v 0.025893 1.604804 0.156047
v 0.043375 1.605788 0.149975
v 0.041292 1.631285 0.155171
v -0.761329 1.278157 0.050426
v -0.884935 1.287667 0.080788
v -0.884936 1.346021 0.080788
v -0.774637 1.316844 0.049887
v -0.884071 1.352200 0.050057
v -0.884756 1.325525 0.050057
v -0.802308 1.346021 0.050057
v -0.802587 1.287668 0.083494
v -0.885585 1.370914 0.076276
v -0.888328 1.350305 0.076276
v -0.888783 1.327260 0.054569
v -0.888758 1.312560 0.054569
v -0.955794 1.283383 0.054569
v -0.975800 1.341737 0.076276
v -0.758357 1.271791 0.065423
v -0.754212 1.285071 0.065423
v -0.844447 1.258491 0.065423
v -0.882317 1.265969 0.065423
v -0.885556 1.370913 0.065423
v -0.888304 1.350305 0.065423
v -0.888764 1.312560 0.065423
v -0.888854 1.291951 0.065423
v -0.957544 1.265969 0.065423
v -0.986230 1.321128 0.065423
v -0.975404 1.312560 0.065423
v -0.975404 1.291951 0.065423
v -0.759191 1.362260 0.080409
v -0.805977 1.377622 0.104681
v -0.826871 1.369608 0.104681
v -0.846536 1.397312 0.131455
v -0.841703 1.394629 0.165329
v -0.980697 1.360609 0.065648
v -0.987590 1.331432 0.065797
v -0.721778 1.290454 0.084175
v -0.720633 1.354167 0.065423
v -0.926252 1.354669 0.054569
v -0.929489 1.341737 0.054569
v -0.925278 1.327260 0.054569
v -0.925881 1.298083 0.054569
v -0.921670 1.298083 0.054569
v -0.916153 1.271150 0.054569
v -0.914836 1.283383 0.054569
v -0.920372 1.370913 0.065423
v -0.926699 1.350305 0.065423
v -0.922481 1.350305 0.065423
v -0.925280 1.322091 0.072617
v -0.918894 1.282472 0.072406
v -0.958897 1.341736 0.072832
v -0.954699 1.327259 0.054569
v -0.951674 1.312560 0.072891
v -0.951678 1.298083 0.054569
v -0.947481 1.298083 0.054569
v -0.937259 1.265969 0.072967
v -0.939334 1.283383 0.054569
v -0.952909 1.370914 0.065423
v -0.958899 1.321127 0.065423
v -0.954699 1.341736 0.065423
v -0.947481 1.312560 0.065423
v -0.951677 1.312560 0.065423
v -0.935131 1.283383 0.065423
v -0.842222 1.366787 0.050057
v -0.844415 1.264763 0.054322
v -0.846614 1.267172 0.050057
v -0.837804 1.346021 0.045464
v -0.850523 1.347004 0.045502
v -0.837080 1.316844 0.045492
v -0.850521 1.289023 0.045486
v -0.183293 1.371701 0.030821
v -0.183141 1.254027 0.112059
v -0.191354 1.259329 0.035431
v -0.195849 1.373016 0.030710
v -0.199242 1.313127 0.002511
v -0.219681 1.250389 0.114112
v -0.493798 1.346274 0.039270
v -0.534700 1.314897 0.025381
v -0.540738 1.273174 0.099140
v -0.045996 1.063622 0.014923
v -0.054840 0.863288 -0.010938
v -0.095485 1.422800 0.023580
v -0.511616 1.362013 0.056752
v -0.539342 1.271263 0.059876
v -0.128453 0.864727 -0.006535
v -0.112697 0.065759 0.023151
v -0.059164 0.125293 0.112497
v -0.082457 0.631415 0.159633
v -0.136543 0.445565 0.140396
v -0.077117 0.438544 0.112027
v -0.154647 0.410819 0.055734
v -0.056730 -0.002376 0.347066
v -0.158263 0.026390 0.375551
v -0.099666 -0.002376 0.339061
v -0.142602 -0.002377 0.331056
v -0.153927 0.062416 0.221605
v -0.178078 0.011423 0.186580
v -0.155493 0.140050 0.143847
v -0.166029 0.106514 0.048688
v -0.061044 0.144970 0.111603
v -0.182626 0.197374 0.097872
v -0.063069 0.191136 0.110640
v -0.063406 0.158894 0.056221
v -0.152510 0.188148 0.143303
v -0.101394 0.010571 0.199633
v -0.099666 -0.001933 0.101037
v -0.457961 1.366039 0.055389
v -0.511305 1.361587 0.047988
v -0.518307 1.270582 0.051606
v -0.460502 1.314708 0.021508
v -0.076937 0.446798 0.111252
v -0.136372 0.462552 0.140677
v -0.163379 0.459514 0.111355
v -0.060820 0.404147 0.059283
v -0.073905 0.438206 0.105484
v -0.169629 0.490926 0.106299
v -0.121547 0.946285 0.005132
v -0.050211 0.945559 -0.001630
v -0.058547 0.950012 0.161097
v -0.127460 0.946735 0.030228
v -0.758748 1.271429 0.080409
v -0.876890 1.258491 0.080788
v -0.880604 1.375200 0.080804
v -0.879082 1.267172 0.050057
v -0.760799 1.355739 0.050427
v -0.881703 1.366787 0.050057
v -0.774522 1.316844 0.080958
v -0.754824 1.285712 0.085969
v -0.884296 1.316844 0.080788
v -0.754261 1.285712 0.044876
v -0.754610 1.347846 0.044962
v -0.884388 1.296349 0.050057
v -0.802019 1.258491 0.080788
v -0.844097 1.258491 0.080788
v -0.801850 1.366788 0.050057
v -0.801853 1.267172 0.050057
v -0.802536 1.316844 0.050057
v -0.801864 1.287668 0.050057
v -0.844038 1.287668 0.083494
v -0.843308 1.316844 0.080788
v -0.802850 1.316844 0.080788
v -0.887284 1.283383 0.054569
v -0.887321 1.283383 0.076276
v -0.881910 1.265969 0.076276
v -0.883470 1.271150 0.054569
v -0.885898 1.364973 0.054569
v -0.887272 1.354669 0.054569
v -0.888400 1.341737 0.054569
v -0.888430 1.341737 0.076276
v -0.888331 1.321128 0.076276
v -0.888331 1.312560 0.076276
v -0.888430 1.291951 0.076276
v -0.888376 1.298083 0.054569
v -0.949907 1.283383 0.076276
v -0.949169 1.265969 0.076276
v -0.955225 1.271150 0.054569
v -0.968661 1.370914 0.076276
v -0.976288 1.364973 0.054569
v -0.969033 1.350305 0.076276
v -0.976333 1.354669 0.054569
v -0.983250 1.341737 0.054569
v -0.975357 1.321128 0.076276
v -0.983250 1.327260 0.054569
v -0.965810 1.312560 0.076276
v -0.972735 1.312560 0.054569
v -0.965810 1.291951 0.076276
v -0.972735 1.298083 0.054569
v -0.757914 1.361898 0.065423
v -0.880607 1.375198 0.065423
v -0.876841 1.258491 0.065423
v -0.884462 1.346021 0.065423
v -0.884273 1.316844 0.065423
v -0.884462 1.287667 0.065423
v -0.754102 1.348492 0.065423
v -0.801932 1.258491 0.065423
v -0.801649 1.375217 0.065529
v -0.843326 1.375243 0.065681
v -0.887297 1.283383 0.065423
v -0.888411 1.341737 0.065423
v -0.888321 1.321128 0.065423
v -0.957101 1.283383 0.065423
v -0.978704 1.370914 0.065422
v -0.978704 1.350305 0.065423
v -0.985787 1.341737 0.065423
v -0.755169 1.347846 0.085883
v -0.801972 1.346034 0.083566
v -0.836993 1.378647 0.079988
v -0.842136 1.346153 0.084212
v -0.783182 1.382747 0.103277
v -0.833157 1.381995 0.102997
v -0.809803 1.391919 0.095306
v -0.785138 1.394187 0.104107
v -0.786604 1.394157 0.095306
v -0.830842 1.383906 0.095306
v -0.828880 1.390596 0.139109
v -0.808897 1.396424 0.136943
v -0.844036 1.385823 0.138177
v -0.848927 1.395495 0.140211
v -0.815321 1.404157 0.140103
v -0.811033 1.405307 0.131141
v -0.832534 1.401665 0.131985
v -0.831607 1.396319 0.163170
v -0.819275 1.399560 0.161254
v -0.844361 1.400394 0.165504
v -0.835556 1.402758 0.163009
v -0.822116 1.403812 0.162115
v -0.820656 1.404903 0.157764
v -0.842785 1.401484 0.161153
v -0.833930 1.403089 0.159143
v -0.957967 1.274676 0.065653
v -0.976375 1.302256 0.065739
v -0.723629 1.316845 0.091943
v -0.720710 1.290453 0.046670
v -0.722720 1.316844 0.038902
v -0.720710 1.343235 0.046670
v -0.720190 1.279522 0.065423
v -0.721335 1.343235 0.084175
v -0.924645 1.356337 0.054569
v -0.922539 1.356337 0.054569
v -0.923807 1.364539 0.054569
v -0.921701 1.364539 0.054569
v -0.925886 1.341303 0.054569
v -0.927995 1.341303 0.054569
v -0.927995 1.328928 0.054569
v -0.925885 1.328928 0.054569
v -0.922278 1.312126 0.054569
v -0.924387 1.312126 0.054569
v -0.925436 1.292886 0.072406
v -0.921230 1.292908 0.072639
v -0.924387 1.299751 0.054569
v -0.922278 1.299751 0.054569
v -0.914658 1.266891 0.072406
v -0.910420 1.266916 0.072676
v -0.914881 1.272818 0.054569
v -0.912792 1.272818 0.054569
v -0.917310 1.282949 0.054569
v -0.924148 1.370913 0.065423
v -0.929046 1.321128 0.065423
v -0.924835 1.321128 0.065423
v -0.924835 1.341737 0.065423
v -0.929046 1.341737 0.065423
v -0.921227 1.291951 0.065423
v -0.925438 1.291951 0.065423
v -0.921227 1.312560 0.065423
v -0.925438 1.312560 0.065423
v -0.914402 1.283383 0.065423
v -0.918649 1.283383 0.065423
v -0.910213 1.265969 0.065423
v -0.914463 1.265969 0.065423
v -0.921937 1.351264 0.072631
v -0.926153 1.351244 0.072406
v -0.924248 1.369971 0.072406
v -0.920035 1.369953 0.072627
v -0.929045 1.340791 0.072406
v -0.924837 1.340774 0.072618
v -0.929045 1.322073 0.072406
v -0.925436 1.311625 0.072406
v -0.921230 1.311603 0.072639
v -0.914201 1.282439 0.072687
v -0.953509 1.350305 0.072865
v -0.949313 1.350383 0.072406
v -0.952465 1.370914 0.072849
v -0.948269 1.370838 0.072406
v -0.952187 1.356337 0.054569
v -0.950090 1.356337 0.054569
v -0.951770 1.364539 0.054569
v -0.949673 1.364539 0.054569
v -0.954257 1.341663 0.072406
v -0.955307 1.341302 0.054569
v -0.957406 1.341302 0.054569
v -0.958454 1.321127 0.072832
v -0.954257 1.321200 0.072406
v -0.957406 1.328927 0.054569
v -0.955307 1.328927 0.054569
v -0.947040 1.312477 0.072406
v -0.948089 1.312126 0.054569
v -0.950184 1.312126 0.054569
v -0.951231 1.291951 0.072891
v -0.947040 1.292034 0.072406
v -0.950184 1.299751 0.054569
v -0.948089 1.299751 0.054569
v -0.932623 1.266065 0.072406
v -0.938875 1.283383 0.073018
v -0.934686 1.283278 0.072406
v -0.936499 1.272818 0.054569
v -0.934416 1.272818 0.054569
v -0.937707 1.282949 0.054569
v -0.935624 1.282949 0.054569
v -0.948266 1.370914 0.065423
v -0.949313 1.350305 0.065423
v -0.953513 1.350305 0.065423
v -0.954256 1.321127 0.065423
v -0.958456 1.341736 0.065423
v -0.947038 1.291951 0.065423
v -0.951234 1.291951 0.065423
v -0.938884 1.283383 0.065423
v -0.932617 1.265969 0.065423
v -0.936815 1.265969 0.065423
v -0.850349 1.366787 0.050057
v -0.837494 1.366787 0.050057
v -0.843785 1.369108 0.054345
v -0.846064 1.366787 0.050057
v -0.837495 1.267172 0.050057
v -0.850509 1.267172 0.050057
v -0.841833 1.267172 0.050057
v -0.841396 1.346152 0.045168
v -0.846052 1.346512 0.045182
v -0.849358 1.318180 0.045474
v -0.840669 1.317023 0.045178
v -0.845326 1.317512 0.045171
v -0.837361 1.287668 0.045464
v -0.846050 1.288345 0.045174
v -0.841396 1.287849 0.045166
v -0.173356 1.384102 0.106913
v -0.097850 1.423281 0.013025
v -0.092618 1.420631 0.038174
v -0.185864 1.314480 0.002450
v -0.122758 0.914415 -0.000406
v -0.115017 1.063555 0.025511
v -0.129813 1.065221 0.131787
v -0.179171 1.320616 0.144824
v -0.208668 1.387771 0.108650
v -0.215248 1.320852 0.147815
v -0.204265 1.257772 0.035218
v -0.512577 1.363935 0.096258
v -0.495111 1.313762 0.024731
v -0.516936 1.319607 0.122203
v -0.519580 1.272930 0.099877
v -0.531630 1.361287 0.047570
v -0.533335 1.363621 0.095544
v -0.537668 1.319564 0.121329
v -0.538589 1.270840 0.051166
v -0.060067 1.397724 -0.005152
v -0.060685 1.382062 0.147732
v -0.043322 1.414549 0.094128
v -0.040288 1.425693 -0.020033
v -0.061019 1.329398 -0.008669
v -0.062256 1.331870 0.180844
v -0.062590 1.220352 0.020835
v -0.063208 1.222334 0.184216
v -0.052450 0.872794 -0.012160
v -0.057684 0.918802 0.158457
v -0.059649 1.064851 0.170809
v -0.180824 1.251238 0.053962
v -0.127630 0.914907 0.026270
v -0.124760 1.063849 0.044793
v -0.171482 1.381408 0.048523
v -0.206548 1.384870 0.049012
v -0.217119 1.247489 0.054473
v -0.518175 1.271008 0.060370
v -0.169032 0.767237 0.033151
v -0.131591 0.758441 0.030032
v -0.043115 0.782829 0.027205
v -0.045854 0.789527 0.139477
v -0.134703 0.866219 0.024306
v -0.142880 0.916820 0.100283
v -0.078233 0.831177 0.152382
v -0.071677 0.834180 0.078430
v -0.107234 0.854143 0.132654
v -0.167250 0.062031 0.040829
v -0.190667 0.109139 0.094768
v -0.100495 0.120172 0.152242
v -0.157820 0.118577 0.144351
v -0.063954 0.064905 0.055047
v -0.134026 0.651159 0.143801
v -0.189575 0.704416 0.104216
v -0.064423 0.634666 0.089278
v -0.165908 0.578966 0.029913
v -0.035372 0.593597 0.029176
v -0.121062 0.575634 0.021878
v -0.095138 0.436047 0.149122
v -0.162398 0.471739 0.111856
v -0.060213 0.419726 0.059478
v -0.119515 0.413026 0.046639
v -0.164816 -0.002375 0.035278
v -0.185095 -0.002375 0.089217
v -0.109820 -0.002375 0.017600
v -0.056287 -0.001711 0.106946
v -0.061520 -0.002375 0.049496
v -0.100495 0.040529 0.356277
v -0.187529 0.042067 0.323051
v -0.157820 0.038934 0.338555
v -0.058721 0.045650 0.347067
v -0.185095 -0.002377 0.323050
v -0.098061 -0.002376 0.393272
v -0.100495 0.032294 0.393272
v -0.183987 0.023521 0.359793
v -0.155386 -0.002376 0.375550
v -0.063528 0.032726 0.384315
v -0.061094 -0.002376 0.384315
v -0.182256 -0.002376 0.359793
v -0.157820 0.039206 0.303477
v -0.180698 0.042339 0.274981
v -0.058721 0.045922 0.291806
v -0.100495 0.040800 0.316283
v -0.056287 -0.002045 0.289030
v -0.178264 -0.002377 0.272205
v -0.142159 -0.002266 0.275115
v -0.099223 -0.002155 0.282072
v -0.067187 0.068264 0.202654
v -0.179929 0.066855 0.183075
v -0.103565 0.063804 0.230617
v -0.064893 0.010145 0.206159
v -0.099812 0.140227 0.151844
v -0.184955 0.146116 0.096263
v -0.113180 0.110048 0.032105
v -0.063477 0.110157 0.061570
v -0.099076 0.186799 0.151415
v -0.163794 0.154423 0.044777
v -0.114177 0.157747 0.029373
v -0.137010 0.010997 0.193106
v -0.142159 -0.002154 0.095127
v -0.497938 1.284987 0.041696
v -0.531940 1.361711 0.056280
v -0.466679 1.268959 0.102384
v -0.481617 1.283701 0.041135
v -0.478452 1.315856 0.022439
v -0.476574 1.347521 0.038598
v -0.463798 1.319826 0.126714
v -0.459048 1.368133 0.098441
v -0.465148 1.266865 0.059332
v -0.513505 1.314910 0.025662
v -0.464809 1.266400 0.049781
v -0.457178 1.365574 0.045838
v -0.174593 1.313894 0.002873
v -0.171067 1.380810 0.035570
v -0.210068 1.313763 0.002078
v -0.216648 1.246845 0.041243
v -0.206078 1.384226 0.035781
v -0.180409 1.250619 0.041074
v -0.094956 0.444936 0.149495
v -0.163285 0.477549 0.112098
v -0.155171 0.424712 0.053600
v -0.058160 0.434092 0.056974
v -0.119642 0.426461 0.044593
v -0.095373 0.421160 0.149259
v -0.154777 0.395505 0.055079
v -0.119196 0.397779 0.045608
v -0.076244 0.430403 0.112235
v -0.134967 0.437167 0.141880
v -0.168235 0.455313 0.105972
v -0.167349 0.471698 0.106486
v -0.072815 0.423449 0.105792
v -0.072715 0.454439 0.104145
v -0.137975 0.455663 0.138890
v -0.094054 0.452189 0.149990
v -0.137054 0.430190 0.140570
v -0.094750 0.428474 0.149471
v -0.140087 0.948532 0.107015
v -0.924756 1.364973 0.054569
v -0.920537 1.364973 0.054569
v -0.921590 1.354669 0.054569
v -0.929046 1.327260 0.054569
v -0.924835 1.341737 0.054569
v -0.925438 1.312560 0.054569
v -0.921227 1.312560 0.054569
v -0.918643 1.283383 0.054569
v -0.911459 1.271150 0.054569
v -0.952769 1.364973 0.054569
v -0.948568 1.364973 0.054569
v -0.953293 1.354669 0.054569
v -0.949091 1.354669 0.054569
v -0.958457 1.341736 0.054569
v -0.958457 1.327259 0.054569
v -0.954256 1.341736 0.054569
v -0.951235 1.312560 0.054569
v -0.947038 1.312560 0.054569
v -0.934691 1.283383 0.054569
v -0.937433 1.271150 0.054569
v -0.933233 1.271150 0.054569
v -0.094011 1.589860 -0.008498
v -0.094011 1.719314 -0.016243
v -0.044291 1.473693 0.146391
v -0.094011 1.719314 0.132925
v -0.093508 1.511371 0.056717
v -0.110773 1.735448 0.058467
v -0.102368 1.644730 -0.033005
v -0.130828 1.644730 0.058341
v -0.094663 1.636303 0.148997
v -0.039574 1.730941 0.144754
v -0.039574 1.576060 -0.020026
v -0.044103 1.753245 0.060430
v -0.043284 1.496774 0.092929
v -0.057722 1.634126 0.162156
v -0.097054 1.722244 -0.002678
v -0.097017 1.581922 0.004366
v -0.107535 1.644730 -0.016420
v -0.040397 1.735112 -0.012260
v -0.094352 1.576166 -0.006826
v -0.093379 1.502270 0.055119
v -0.039667 1.563973 -0.020026
v -0.043169 1.488218 0.093068
v -0.096873 1.566511 0.005415
v -0.073727 1.470080 0.098999
v -0.102392 1.727381 0.095696
v -0.036206 1.474874 0.120422
v -0.041838 1.742093 0.102592
v -0.116598 1.644636 0.103700
v -0.052220 1.648328 -0.049316
v -0.039574 1.731090 -0.028385
v -0.101105 1.636440 -0.029303
v -0.125189 1.624582 0.058096
v -0.105946 1.635241 -0.013280
v -0.087560 1.617165 0.149055
v -0.110120 1.618263 0.102990
v -0.050309 1.637409 -0.044890
v -0.098394 1.618642 -0.021353
v -0.113084 1.581323 0.057569
v -0.026517 1.554989 0.164215
v -0.102534 1.614867 -0.006537
v -0.096214 1.561642 0.101465
v -0.046208 1.613967 -0.035390
v -0.029463 1.457206 0.147824
v -0.056252 1.458027 0.140651
v -0.080442 1.555862 0.145061
v -0.056767 1.612193 0.159635
v -0.041400 1.553926 0.157807
v -0.030413 1.553203 0.160174
v -0.021291 1.553809 0.165396
v -0.022608 1.603751 0.168246
v -0.022395 1.550931 0.169215
v -0.022608 1.602662 0.170016
v -0.027135 1.552110 0.168735
v -0.024993 1.550924 0.169766
v -0.027565 1.553794 0.166726
v -0.024211 1.550407 0.170818
v -0.028994 1.556285 0.165932
v -0.028994 1.553977 0.169683
v -0.027001 1.558456 0.162654
v -0.020861 1.552126 0.167405
v -0.021819 1.553978 0.163885
v -0.022608 1.603207 0.169131
v -0.025801 1.571747 0.170252
v -0.025801 1.571996 0.167934
v -0.024805 1.573354 0.165853
v -0.027398 1.562862 0.169967
v -0.027398 1.564140 0.166933
v -0.025903 1.565905 0.164254
v -0.041740 1.537849 0.155632
v -0.028383 1.473268 0.150174
v -0.060299 1.538841 0.149034
v -0.052395 1.640172 0.166632
v -0.102543 1.643117 0.148835
v -0.046822 1.603820 0.162119
v -0.093440 1.606444 0.145927
v -0.066793 1.725128 0.138839
v -0.066793 1.582960 -0.014262
v -0.077438 1.744347 0.059449
v -0.069512 1.424487 -0.003504
v -0.042858 1.457617 0.144237
v -0.068396 1.504072 0.074823
v -0.068413 1.417590 0.066151
v -0.068725 1.728678 -0.007469
v -0.077036 1.644385 0.158039
v -0.067010 1.570070 -0.013426
v -0.068274 1.495244 0.074093
v -0.072115 1.734737 0.099144
v -0.054967 1.472477 0.109711
v -0.066793 1.725202 -0.022314
v -0.077294 1.646529 -0.041161
v -0.075707 1.636925 -0.037097
v -0.070131 1.605132 0.154023
v -0.060921 1.554894 0.151434
v -0.072301 1.616305 -0.028371
v -0.051020 1.538345 0.152333
v -0.036337 1.473480 0.148282
v -0.075829 1.637964 0.155878
v -0.074044 1.615941 0.153667
v -0.115567 1.629911 0.022408
v -0.107809 1.598095 0.025516
v -0.119926 1.624722 0.015585
v -0.127039 1.620784 0.041937
v -0.117969 1.588401 0.041545
v -0.114090 1.600757 0.017924
v -0.120521 1.629894 0.010697
v -0.130143 1.624564 0.046385
v -0.118037 1.581306 0.045858
v -0.112763 1.598078 0.013805
v -0.085253 1.637183 0.152510
v -0.091569 1.631256 0.150039
v -0.066034 1.609713 0.155738
v -0.069208 1.636446 0.159108
v -0.079147 1.614963 0.151677
v -0.059616 1.632076 0.167145
v -0.082898 1.631121 0.153477
v -0.053963 1.616367 0.161345
v -0.061075 1.609818 0.157634
v -0.072435 1.637224 0.157459
v -0.076506 1.631449 0.156865
v -0.054684 1.626613 0.162660
v -0.070663 1.611898 0.154322
v -0.062537 1.635455 0.160684
v -0.050398 1.627145 0.165015
v -0.063714 1.632837 0.160619
v -0.054289 1.638122 0.171621
v -0.096557 1.634253 0.153985
v -0.087147 1.635134 0.157499
v -0.104436 1.641068 0.153824
v -0.078930 1.642336 0.163027
v -0.058124 1.630173 0.161929
v -0.071723 1.633170 0.158698
v -0.074907 1.635203 0.162598
v -0.078122 1.635947 0.160886
v -0.064646 1.633455 0.165749
v -0.071947 1.634377 0.164433
v -0.030473 1.537122 0.157980
v -0.023794 1.472401 0.151659
v -0.024334 1.456287 0.149168
v -0.066609 1.640229 0.167324
v -0.060449 1.639175 0.169473
v -0.075034 1.635162 0.162660
v -0.072769 1.641282 0.165176
v -0.059614 1.641406 0.164115
v -0.065421 1.642399 0.162089
v -0.071228 1.643392 0.160064
v -0.091683 1.641702 0.158426
v -0.089789 1.643752 0.153437
v -0.048401 1.614118 0.163398
v -0.058477 1.604476 0.158071
v -0.064304 1.604804 0.156047
v -0.081786 1.605788 0.149975
v -0.079702 1.631285 0.155171
v 0.018356 1.612193 0.159635
v 0.035634 1.615941 0.153667
v 0.014810 1.621514 0.162425
v 0.027624 1.609713 0.155738
v 0.041056 1.625909 0.154663
v 0.015553 1.616367 0.161345
v 0.022664 1.609818 0.157634
v 0.038050 1.630610 0.156528
v 0.016273 1.626613 0.162660
v 0.032253 1.611898 0.154322
v 0.038406 1.620845 0.153790
v 0.025283 1.632837 0.160619
v 0.019595 1.630173 0.161929
v 0.033374 1.633170 0.158698
v 0.017045 1.615778 0.165270
v 0.019848 1.611604 0.163560
v 0.024156 1.609229 0.161559
v 0.017765 1.626024 0.166585
v 0.016301 1.620924 0.166349
v 0.033744 1.611309 0.158247
v 0.029116 1.609124 0.159663
v 0.039932 1.620242 0.157806
v 0.042674 1.625270 0.158920
v 0.026977 1.617835 0.161929
v 0.028788 1.626273 0.162941
v 0.023948 1.625467 0.164405
v 0.035173 1.627030 0.161520
v 0.039725 1.630265 0.160803
v 0.037125 1.615352 0.157592
v 0.026802 1.632172 0.164625
v 0.031191 1.618955 0.160492
v 0.022762 1.616714 0.163366
v 0.021048 1.629268 0.165805
v 0.035008 1.632613 0.162960
v -0.056767 1.612193 0.159635
v -0.074044 1.615941 0.153667
v -0.053220 1.621514 0.162425
v -0.066034 1.609713 0.155738
v -0.079467 1.625909 0.154663
v -0.053963 1.616367 0.161345
v -0.061075 1.609818 0.157634
v -0.076460 1.630610 0.156528
v -0.054684 1.626613 0.162660
v -0.070663 1.611898 0.154322
v -0.076816 1.620845 0.153790
v -0.063694 1.632837 0.160619
v -0.058006 1.630173 0.161929
v -0.071784 1.633170 0.158698
v -0.055455 1.615778 0.165270
v -0.058258 1.611604 0.163560
v -0.062566 1.609229 0.161559
v -0.056175 1.626024 0.166585
v -0.054712 1.620924 0.166349
v -0.072155 1.611309 0.158247
v -0.067526 1.609124 0.159663
v -0.078342 1.620242 0.157806
v -0.081085 1.625270 0.158920
v -0.065387 1.617835 0.161929
v -0.067198 1.626273 0.162941
v -0.062359 1.625467 0.164405
v -0.073584 1.627030 0.161520
v -0.078136 1.630265 0.160803
v -0.075536 1.615352 0.157592
v -0.065212 1.632172 0.164625
v -0.069601 1.618955 0.160492
v -0.061173 1.616714 0.163366
v -0.059458 1.629268 0.165805
v -0.073418 1.632613 0.162960
v -0.012938 1.532696 0.158530
v -0.006793 1.530940 0.156932
v -0.008525 1.531428 0.157424
v -0.001306 1.520274 0.154363
v -0.002719 1.527588 0.155616
v -0.001291 1.511279 0.153175
v -0.001298 1.515473 0.153741
v -0.001655 1.498681 0.151569
v -0.003417 1.487662 0.150513
v -0.007492 1.484006 0.151005
v -0.015492 1.534367 0.159282
v -0.018717 1.535108 0.160069
v -0.019205 1.534934 0.160167
v -0.022326 1.534056 0.159373
v -0.013636 1.481717 0.152569
v -0.016190 1.479886 0.153031
v -0.007832 1.483883 0.151071
v -0.019205 1.478953 0.153967
v -0.019416 1.478912 0.153890
v -0.025263 1.532109 0.158505
v -0.031408 1.530353 0.156902
v -0.029820 1.530799 0.157363
v -0.023025 1.479642 0.152727
v -0.025962 1.481208 0.152080
v -0.024628 1.480484 0.152449
v -0.030364 1.482843 0.150983
v -0.032106 1.483474 0.150647
v -0.035482 1.527002 0.155585
v -0.037332 1.519703 0.154240
v -0.037460 1.517156 0.153883
v -0.037784 1.510727 0.152941
v -0.037682 1.498140 0.151273
v -0.036181 1.487131 0.150155
vn -0.2901 0.8231 0.4882
vn -0.6537 0.7388 0.1642
vn -0.1032 0.7860 0.6095
vn -0.2831 0.8065 0.5190
vn 0.6508 0.7250 0.2255
vn 0.2898 0.8218 0.4906
vn 0.2916 0.8058 0.5154
vn 0.1265 0.7879 0.6027
vn 0.2859 0.1674 -0.9435
vn 0.2689 0.2287 -0.9356
vn -0.0779 -0.1729 -0.9819
vn -0.0358 -0.1881 -0.9815
vn -0.0358 0.4990 -0.8659
vn -0.0779 0.4848 -0.8712
vn -0.1025 0.4676 -0.8780
vn -0.1877 0.3730 -0.9086
vn 0.8809 0.0644 -0.4689
vn 0.9114 0.1996 -0.3598
vn -0.3313 -0.9288 -0.1662
vn -0.1391 -0.9900 -0.0237
vn -0.8152 0.0748 -0.5744
vn -0.8116 -0.0980 -0.5759
vn 0.1716 -0.9838 -0.0511
vn 0.3406 -0.9183 -0.2018
vn -0.6206 -0.6551 -0.4310
vn -0.3086 -0.9273 -0.2119
vn 0.3080 -0.9207 -0.2397
vn 0.6241 -0.6618 -0.4154
vn 0.3091 -0.9378 -0.1578
vn 0.6542 -0.7459 -0.1255
vn -0.9996 -0.0291 -0.0049
vn -0.9676 -0.2491 -0.0419
vn 0.9996 0.0291 0.0049
vn 0.9676 0.2491 0.0419
vn -0.2274 -0.9603 -0.1616
vn -0.1023 -0.9810 -0.1651
vn -0.2859 0.1507 -0.9463
vn -0.2689 0.0902 -0.9589
vn 0.1025 -0.1545 -0.9827
vn 0.1877 -0.0551 -0.9807
vn 0.0358 -0.1881 -0.9815
vn 0.0779 -0.1729 -0.9819
vn -0.1877 -0.0551 -0.9807
vn -0.1025 -0.1545 -0.9827
vn 0.0779 0.4848 -0.8712
vn 0.0358 0.4990 -0.8659
vn 0.1877 0.3730 -0.9086
vn 0.1025 0.4676 -0.8780
vn -0.0000 -0.1660 0.9861
vn 0.1023 -0.9810 -0.1651
vn 0.2274 -0.9603 -0.1616
vn -0.6542 -0.7459 -0.1255
vn -0.3091 -0.9378 -0.1578
vn 0.2274 0.9603 0.1616
vn 0.1023 0.9810 0.1651
vn 0.6542 0.7459 0.1255
vn 0.3091 0.9378 0.1578
vn -0.3091 0.9378 0.1578
vn -0.6542 0.7459 0.1255
vn -0.1023 0.9810 0.1651
vn -0.2274 0.9603 0.1616
vn -0.2689 0.2287 -0.9356
vn -0.2859 0.1674 -0.9435
vn 0.9676 -0.2491 -0.0419
vn 0.9996 -0.0291 -0.0049
vn -0.9676 0.2491 0.0419
vn -0.9996 0.0291 0.0049
vn -0.8616 0.2131 -0.4607
vn -0.8239 0.0837 -0.5605
vn 0.8446 -0.1414 -0.5164
vn 0.8679 0.0395 -0.4952
vn 0.2689 0.0902 -0.9589
vn 0.2859 0.1507 -0.9463
vn 0.0331 0.0731 0.9968
vn -0.0000 -1.0000 -0.0000
vn -0.8479 -0.5019 -0.1710
vn 0.7277 -0.0000 0.6859
vn 0.6890 -0.0003 0.7248
vn 0.7034 0.0064 0.7108
vn 0.7981 -0.0071 0.6025
vn 0.0040 -0.9593 -0.2824
vn 0.0080 0.9591 0.2828
vn 0.0366 -0.0513 0.9980
vn 0.0330 0.0471 0.9983
vn 0.0407 -0.0580 0.9975
vn 0.0315 0.1166 0.9927
vn -0.0000 0.0923 0.9957
vn 0.0001 -0.1868 0.9824
vn -0.0000 -0.0923 0.9957
vn 0.0691 0.0586 -0.9959
vn 0.0679 -0.0586 -0.9960
vn 0.0335 0.1807 -0.9830
vn -0.2892 -0.9573 -0.0069
vn 0.0346 -0.1856 -0.9820
vn 0.7907 -0.2284 0.5680
vn 0.8201 -0.5721 0.0112
vn 0.6326 0.6934 -0.3449
vn 0.7297 0.1035 0.6759
vn 0.7602 -0.6495 -0.0144
vn 0.7642 0.1149 -0.6346
vn 0.8526 0.5114 0.1075
vn 0.7678 -0.0114 0.6406
vn 0.7428 0.0193 -0.6692
vn 0.8653 0.4710 0.1717
vn 0.7678 0.0114 0.6406
vn 0.7354 -0.6777 -0.0014
vn 0.7407 -0.0127 -0.6717
vn 0.6656 -0.6437 -0.3777
vn 0.7117 0.7024 0.0111
vn 0.6770 -0.6510 -0.3434
vn 0.7511 0.6600 -0.0141
vn 0.7519 -0.5966 -0.2807
vn 0.6532 0.7572 -0.0007
vn 0.7803 -0.5889 -0.2104
vn 0.8501 0.5264 -0.0161
vn -0.2497 -0.8579 -0.4490
vn 0.0040 -0.9593 0.2823
vn 0.1017 -0.0871 -0.9910
vn -0.9571 0.2824 0.0655
vn 0.9805 -0.0038 -0.1965
vn 0.9472 0.0014 -0.3205
vn 0.9497 0.0122 -0.3129
vn 0.9595 -0.0000 -0.2816
vn -0.9577 -0.2863 0.0293
vn -0.7769 0.2809 0.5634
vn -0.0874 -0.6118 0.7861
vn -0.0371 -0.4874 0.8724
vn -0.7544 0.6562 -0.0168
vn -0.2754 -0.8136 0.5121
vn 0.8604 -0.4539 0.2318
vn 0.6483 0.7609 -0.0274
vn 0.9230 -0.2220 -0.3144
vn 0.2951 0.8546 -0.4274
vn -0.2535 -0.8256 0.5041
vn -0.2142 0.1149 0.9700
vn 0.2564 0.9629 -0.0842
vn -0.2511 -0.9307 0.2660
vn 0.1024 0.0884 -0.9908
vn 0.0080 0.9591 -0.2830
vn 0.1036 -0.0863 0.9909
vn -0.0550 0.8664 -0.4964
vn -0.0000 -0.0000 -1.0000
vn -0.0554 0.9982 -0.0238
vn -0.0588 0.9980 -0.0228
vn -0.0000 1.0000 -0.0000
vn -0.0000 -0.9278 -0.3731
vn -0.0000 -0.8707 -0.4919
vn -0.0000 -0.9024 -0.4308
vn 0.0528 0.0006 0.9986
vn 0.0012 -0.9912 0.1327
vn 0.0014 -0.9911 0.1333
vn 0.0615 -0.0162 0.9980
vn 0.0015 0.9911 0.1329
vn 0.0004 0.9916 0.1292
vn 0.0053 0.8699 -0.4931
vn 0.0059 0.9998 -0.0197
vn 0.0066 0.9998 -0.0197
vn 0.0176 -0.9984 0.0533
vn 0.0201 -0.9984 0.0525
vn 0.0167 0.9984 0.0534
vn 0.0170 -0.9984 0.0535
vn 0.0157 -0.9985 0.0529
vn 0.0176 0.9984 0.0533
vn 0.1066 0.0127 0.9942
vn 0.0993 0.0009 0.9951
vn -0.0000 0.8772 -0.4801
vn -0.0085 -1.0000 0.0048
vn -0.0960 0.0010 0.9954
vn -0.0627 0.9978 -0.0217
vn -0.1091 0.0012 0.9940
vn -0.0590 0.9981 -0.0204
vn -0.0580 0.9981 -0.0225
vn -0.0114 -0.9999 0.0070
vn -0.1316 0.0125 0.9912
vn -0.0088 0.9999 0.0050
vn -0.0089 0.9999 0.0051
vn -0.0097 0.9999 0.0054
vn -0.0138 0.9999 0.0068
vn -0.0187 -0.9972 0.0720
vn -0.1996 0.0043 0.9799
vn -0.0171 0.9972 0.0722
vn 0.0084 0.9998 -0.0196
vn -0.2295 0.0025 0.9733
vn -0.0195 0.9972 0.0721
vn 0.0097 0.9998 -0.0197
vn -0.0000 -0.0000 1.0000
vn -0.2752 0.0172 0.9612
vn -0.0249 0.9971 0.0723
vn 0.0130 0.9997 -0.0197
vn -0.0000 0.8795 -0.4760
vn 0.0718 0.0021 -0.9974
vn -0.0801 -0.0007 -0.9968
vn 0.0734 -0.0017 -0.9973
vn -0.0848 0.0015 -0.9964
vn 0.0228 0.2292 -0.9731
vn -0.0082 0.2323 -0.9726
vn -0.0382 0.2235 -0.9739
vn 0.0537 -0.2137 -0.9754
vn 0.0128 -0.2271 -0.9738
vn 0.0586 0.1354 -0.9891
vn -0.0640 0.1085 -0.9920
vn 0.0840 -0.0976 -0.9917
vn 0.1315 -0.0006 -0.9913
vn -0.1296 0.0006 -0.9916
vn 0.1307 0.0016 -0.9914
vn -0.1296 0.0013 -0.9916
vn 0.4810 0.8760 0.0355
vn 0.5538 -0.1060 0.8259
vn -0.3312 0.0869 -0.9396
vn 0.4213 -0.1378 0.8964
vn 0.9775 0.0517 -0.2046
vn -0.4603 -0.1695 -0.8714
vn 0.1581 0.0184 -0.9872
vn 0.5122 -0.0685 0.8561
vn -0.0827 -0.4390 0.8947
vn 0.1209 0.4332 -0.8932
vn -0.0619 -0.5143 -0.8554
vn -0.1026 -0.9934 0.0523
vn -0.0011 0.4349 -0.9005
vn -0.0120 -0.5060 -0.8625
vn 0.0137 0.9987 -0.0491
vn 0.0132 -0.9988 0.0481
vn -0.0119 0.4309 -0.9023
vn 0.0367 -0.4294 0.9024
vn -0.3243 -0.3130 -0.8927
vn 0.3100 0.1794 -0.9337
vn 0.1590 0.0237 -0.9870
vn 0.0834 0.0936 -0.9921
vn 0.0827 0.1539 -0.9846
vn 0.1618 -0.0661 0.9846
vn 0.0134 -0.9988 0.0481
vn 0.0136 0.9987 -0.0490
vn 0.0758 0.9957 -0.0530
vn 0.0760 0.9958 -0.0503
vn 0.9591 -0.2800 -0.0407
vn 0.9801 0.0765 -0.1831
vn 0.4454 0.8954 -0.0004
vn 0.9710 0.1419 -0.1927
vn -0.0111 -0.3710 -0.9286
vn -0.7032 0.0443 0.7096
vn 0.1396 0.0316 0.9897
vn -0.5476 0.0897 -0.8319
vn -0.9940 0.0331 -0.1043
vn -0.9952 0.0296 -0.0931
vn 0.8715 0.1285 -0.4733
vn -0.5241 0.1451 -0.8392
vn 0.6213 -0.0594 -0.7813
vn 0.8387 0.1063 0.5341
vn 0.3711 0.0709 0.9259
vn -0.9856 0.0151 0.1686
vn 0.9852 -0.0935 -0.1438
vn -0.9478 -0.0612 0.3128
vn 0.2129 0.0442 0.9761
vn -0.9023 -0.0090 0.4311
vn 0.2373 -0.1524 -0.9594
vn 0.7579 -0.0589 0.6497
vn 0.3085 0.0671 -0.9488
vn -0.9989 0.0459 0.0042
vn 0.2931 -0.0245 0.9558
vn 0.5118 -0.0432 0.8580
vn -0.9900 0.0527 0.1310
vn 0.1442 0.9529 0.2667
vn 0.9990 -0.0429 -0.0146
vn 0.2141 0.8968 0.3871
vn 0.0233 -0.9913 0.1298
vn 0.0802 0.9610 0.2647
vn -0.0228 -0.9875 -0.1557
vn -0.0021 -1.0000 -0.0048
vn 0.2022 0.9457 0.2543
vn 0.6784 0.6036 0.4189
vn 0.1137 0.8048 0.5825
vn -0.3725 0.7584 0.5348
vn 0.9951 -0.0453 0.0882
vn -0.9952 0.0268 0.0938
vn 0.8385 0.0390 0.5435
vn -0.4884 -0.0682 -0.8699
vn 0.9263 0.0339 -0.3752
vn -0.9991 0.0180 -0.0381
vn 0.1459 0.0159 0.9892
vn -0.7336 0.0204 0.6793
vn 0.2936 -0.0625 -0.9539
vn -0.8202 0.0192 0.5717
vn 0.1721 0.0170 0.9849
vn -0.9941 0.0153 0.1070
vn 0.9362 0.0567 -0.3468
vn -0.3454 0.0390 -0.9376
vn 0.7848 0.0402 0.6184
vn -0.0027 -1.0000 0.0040
vn 0.0009 -1.0000 0.0079
vn 0.0214 -0.9924 0.1211
vn 0.0228 -0.9902 0.1380
vn -0.0216 -0.9884 -0.1504
vn -0.0154 -0.9872 -0.1589
vn -0.0018 -1.0000 -0.0029
vn -0.0015 -1.0000 -0.0009
vn 0.0743 -0.9745 0.2119
vn 0.0725 -0.9313 -0.3569
vn 0.0470 -0.4285 -0.9023
vn 0.0472 0.3830 -0.9225
vn 0.0708 0.9216 -0.3817
vn 0.0740 0.9858 0.1506
vn 0.1259 -0.3758 0.9181
vn 0.0765 -0.9959 0.0476
vn 0.0760 0.9958 -0.0508
vn 0.0760 0.9957 -0.0526
vn 0.0690 -0.4991 -0.8638
vn 0.0748 -0.4266 0.9013
vn 0.0770 -0.9960 0.0454
vn 0.0681 0.4338 -0.8984
vn 0.0491 0.4233 -0.9047
vn 0.0686 -0.4982 -0.8644
vn 0.0724 -0.4978 -0.8643
vn 0.0490 0.4424 -0.8955
vn 0.0707 -0.4994 -0.8635
vn 0.0673 0.4336 -0.8986
vn -0.0381 0.4396 -0.8974
vn -0.0177 -0.5079 -0.8612
vn -0.0411 0.4267 -0.9035
vn -0.0564 -0.5131 -0.8565
vn -0.0177 -0.5163 -0.8562
vn -0.0410 0.4315 -0.9012
vn 0.6562 -0.0307 0.7540
vn -0.9467 -0.0478 0.3185
vn 0.2656 -0.0234 0.9638
vn 0.9835 -0.0929 -0.1550
vn 0.7317 0.0114 0.6816
vn -0.2158 0.0368 -0.9758
vn 0.9546 0.0415 -0.2949
vn -0.9651 0.0163 0.2613
vn 0.1757 0.0909 0.9802
vn -0.8920 0.0874 0.4435
vn 0.2567 0.0516 -0.9651
vn 0.7435 0.0248 0.6683
vn -0.9059 0.0870 0.4144
vn 0.7553 -0.0969 0.6481
vn -0.8801 -0.0083 0.4748
vn 0.7376 -0.0391 0.6741
vn -0.9009 -0.1254 0.4155
vn 0.2517 -0.1105 0.9615
vn 0.7237 0.0368 0.6891
vn 0.9914 0.0733 -0.1084
vn 0.0878 -0.0649 0.9940
vn 0.1204 0.1593 -0.9799
vn 0.9390 0.0866 -0.3327
vn -0.0680 0.0882 -0.9938
vn 0.5196 -0.1057 0.8479
vn -0.8743 0.4544 -0.1708
vn 0.0300 -0.1169 0.9927
vn -0.0078 -0.1057 0.9944
vn -0.2495 0.8633 -0.4386
vn 0.9344 0.3390 0.1091
vn 0.6897 -0.1519 -0.7080
vn 0.7272 -0.6865 -0.0009
vn 0.0436 0.9935 -0.1047
vn 0.9213 0.0276 0.3878
vn 0.7789 0.6191 0.1002
vn -0.1323 0.8047 -0.5787
vn 0.1176 0.9163 -0.3827
vn 0.1286 0.9275 -0.3509
vn -0.5058 0.8521 0.1340
vn -0.7956 0.2312 0.5599
vn -0.8199 -0.5053 0.2690
vn 0.1579 0.9861 -0.0511
vn 0.8712 -0.4379 -0.2218
vn -0.1078 0.0034 0.9942
vn 0.1958 0.9763 0.0926
vn 0.0944 0.9863 0.1352
vn -0.2907 -0.9241 0.2480
vn -0.8038 0.5321 0.2659
vn 0.1037 0.0882 0.9907
vn 0.0011 -0.9912 0.1321
vn 0.0011 -0.9915 0.1301
vn 0.0528 0.0055 0.9986
vn 0.0552 -0.0000 0.9985
vn 0.0013 0.9911 0.1334
vn 0.0011 0.9912 0.1321
vn 0.1100 0.0003 0.9939
vn 0.1286 -0.0362 0.9910
vn 0.0159 0.9985 0.0532
vn 0.0209 0.9984 0.0523
vn -0.0096 -0.9999 0.0054
vn -0.1068 -0.0050 0.9943
vn -0.0102 -0.9999 0.0058
vn -0.2107 -0.0069 0.9775
vn -0.0180 0.9972 0.0728
vn -0.0173 -0.9972 0.0727
vn -0.0197 -0.9972 0.0727
vn -0.0228 -0.9971 0.0730
vn 0.0001 0.0002 -1.0000
vn 0.0008 -0.0000 -1.0000
vn -0.0299 -0.2248 -0.9740
vn 0.0006 0.8788 -0.4772
vn -0.0011 0.8783 -0.4781
vn -0.0640 -0.1113 -0.9917
vn 0.2108 -0.1962 -0.9576
vn 0.1767 0.9111 0.3723
vn 0.2243 -0.0252 -0.9742
vn 0.2897 0.5206 0.8031
vn 0.1475 -0.2275 -0.9625
vn 0.8459 -0.5324 -0.0317
vn 0.9179 -0.2791 -0.2820
vn -0.0844 0.5010 0.8613
vn -0.0971 0.9943 -0.0439
vn 0.0373 0.5075 0.8608
vn 0.0769 -0.9960 0.0457
vn 0.0748 -0.4268 0.9012
vn 0.0749 0.5092 0.8574
vn 0.0625 -0.4995 -0.8640
vn 0.2173 -0.1352 0.9667
vn 0.2126 0.0806 0.9738
vn 0.1494 -0.3560 -0.9225
vn 0.2289 0.4723 0.8512
vn 0.2542 0.2580 -0.9321
vn 0.2401 0.8465 0.4751
vn 0.4053 0.0501 -0.9128
vn -0.1035 -0.9933 0.0515
vn -0.0993 0.9941 -0.0438
vn -0.1605 -0.9841 -0.0756
vn 0.1668 -0.3490 0.9221
vn 0.0706 -0.1005 0.9924
vn 0.0297 0.9995 0.0072
vn 0.5499 0.0900 0.8304
vn -0.0214 0.0177 -0.9996
vn 0.9658 0.1490 -0.2124
vn -0.9031 0.0489 0.4267
vn 0.1306 0.0256 -0.9911
vn -0.2209 -0.1724 -0.9599
vn 0.5147 0.1219 0.8487
vn 0.1194 0.9928 0.0057
vn 0.9296 -0.0191 -0.3682
vn 0.0047 0.9618 0.2738
vn 0.9894 -0.0498 -0.1368
vn -0.2354 0.0164 0.9718
vn -0.1058 0.9943 0.0152
vn 0.9957 -0.0590 0.0716
vn -0.9950 0.0437 -0.0900
vn -0.0477 0.9676 0.2478
vn -0.0049 -1.0000 0.0018
vn 0.2832 0.0552 -0.9575
vn 0.1241 0.4362 0.8913
vn 0.2078 -0.1560 -0.9656
vn -0.9188 -0.0347 0.3933
vn -0.1596 -0.1702 -0.9724
vn 0.2080 -0.0646 0.9760
vn -0.8914 -0.0355 0.4517
vn 0.2973 0.2422 0.9235
vn 0.9461 0.1722 -0.2744
vn 0.2528 0.9361 -0.2445
vn 0.2538 0.9316 0.2602
vn -0.4051 -0.5712 -0.7139
vn 0.9204 -0.2600 -0.2920
vn 0.9267 -0.2471 0.2833
vn 0.9402 0.1983 0.2770
vn 0.3586 -0.0071 0.9335
vn 0.6972 -0.1133 0.7079
vn 1.0000 0.0066 -0.0039
vn 0.0959 -0.0140 -0.9953
vn 0.3804 -0.0281 -0.9244
vn 0.5203 0.0794 0.8503
vn 0.2128 -0.1384 0.9673
vn 0.2894 0.2679 -0.9190
vn 0.2585 -0.4065 -0.8763
vn 0.2821 -0.8204 -0.4973
vn 0.2560 0.9311 0.2599
vn 0.2559 0.9341 -0.2489
vn 0.2187 0.2500 0.9432
vn 0.2482 0.9362 -0.2488
vn 0.9960 -0.0090 0.0892
vn 0.9237 -0.2533 -0.2873
vn 0.2459 0.9379 -0.2448
vn 0.9417 0.1936 -0.2753
vn 0.9986 -0.0123 0.0522
vn 0.3355 0.0741 0.9391
vn 0.2276 -0.0297 -0.9733
vn 0.1997 -0.0133 -0.9798
vn 0.9743 -0.0144 -0.2246
vn 0.6106 -0.1104 0.7842
vn 0.2556 0.9312 0.2599
vn 0.1114 -0.8614 -0.4955
vn 0.9442 0.1769 0.2778
vn 0.9263 -0.2453 0.2861
vn -0.2340 -0.8846 -0.4034
vn 0.2532 0.9318 0.2602
vn 0.1580 -0.3779 -0.9123
vn 0.2134 0.2586 -0.9421
vn 0.1803 -0.3781 -0.9081
vn 0.9242 -0.2386 0.2981
vn 0.2660 -0.4068 -0.8739
vn 0.3233 -0.1034 0.9406
vn 0.9324 -0.2482 0.2627
vn 0.9134 -0.2653 -0.3088
vn 0.8952 -0.2778 -0.3486
vn 0.9420 -0.2499 0.2238
vn 0.2791 -0.4073 -0.8696
vn 0.9253 -0.2532 -0.2823
vn 0.9207 -0.2381 0.3093
vn 0.2335 -0.3777 -0.8960
vn 0.3011 -0.1446 0.9426
vn 0.2500 -0.1326 0.9591
vn 0.2921 -0.1131 0.9497
vn 0.3216 -0.1522 0.9346
vn 0.2136 -0.1289 0.9684
vn 0.2367 -0.0990 0.9665
vn 0.2857 -0.0992 0.9532
vn 0.2396 -0.8458 0.4767
vn 0.9161 0.2184 -0.3362
vn -0.0085 -0.9533 -0.3018
vn 0.7585 -0.5607 -0.3320
vn 0.5967 -0.7765 0.2027
vn 0.6557 -0.4501 -0.6062
vn 0.6551 -0.6191 -0.4331
vn 0.4281 -0.8727 -0.2348
vn 0.5192 -0.8503 0.0863
vn 0.1458 -0.8453 0.5141
vn 0.6213 -0.3001 0.7238
vn 0.9817 0.1832 0.0523
vn 0.9945 0.1018 0.0252
vn 0.9607 0.0991 -0.2592
vn 0.9792 0.1795 0.0949
vn 0.8983 0.2225 -0.3790
vn 0.3388 0.0610 0.9389
vn 0.4757 0.1165 0.8718
vn 0.5527 0.1116 0.8259
vn 0.0634 0.8500 0.5230
vn 0.0634 0.8499 0.5231
vn 0.3777 -0.1833 0.9076
vn 0.1624 0.9328 0.3216
vn 0.3479 -0.1441 0.9264
vn 0.2328 -0.1176 0.9654
vn 0.3414 -0.1135 0.9331
vn 0.3363 -0.0846 0.9379
vn 0.0196 -0.9257 -0.3777
vn 0.3216 -0.1309 0.9378
vn 0.2498 -0.1504 0.9565
vn 0.2797 -0.4194 -0.8636
vn 0.3234 -0.1120 0.9396
vn 0.2649 -0.4191 -0.8684
vn -0.2777 -0.8131 -0.5116
vn 0.2556 0.9313 0.2595
vn 0.6002 -0.0354 0.7991
vn 0.2397 -0.0862 -0.9670
vn 0.2481 0.9348 -0.2542
vn 0.2567 0.9322 -0.2551
vn 0.2560 0.9312 0.2596
vn 0.2563 -0.4189 -0.8711
vn 0.2882 0.2502 -0.9243
vn 0.3885 -0.0837 -0.9176
vn 0.6862 -0.0317 0.7268
vn 0.3975 0.1878 0.8982
vn -0.3696 -0.6418 -0.6719
vn 0.2676 0.2583 0.9282
vn 0.9247 -0.2518 -0.2855
vn -0.6413 -0.7181 -0.2702
vn 0.9238 -0.2543 -0.2861
vn -0.9053 0.1833 -0.3832
vn 0.2120 0.9733 0.0882
vn 0.8907 -0.2538 0.3771
vn 0.8784 -0.3774 -0.2933
vn 0.8797 -0.2413 -0.4099
vn 0.9655 -0.1288 -0.2261
vn 0.9577 -0.2477 -0.1463
vn 0.2089 0.0696 0.9754
vn 0.3503 -0.1745 0.9202
vn 0.2728 -0.0274 0.9617
vn 0.2917 0.1050 0.9507
vn 0.3748 -0.1570 0.9137
vn 0.3040 -0.3331 0.8925
vn 0.4107 -0.1458 0.9001
vn -0.7466 -0.6653 0.0101
vn 0.0283 -0.9262 -0.3761
vn -0.1907 -0.9346 -0.3004
vn 0.5653 -0.6652 -0.4879
vn 0.1274 -0.9014 -0.4139
vn 0.0470 -0.9225 -0.3831
vn -0.0225 0.9217 0.3873
vn -0.2013 -0.9305 -0.3059
vn 0.2100 -0.1164 0.9707
vn 0.2992 -0.1330 0.9449
vn 0.2908 -0.1175 0.9495
vn 0.2117 -0.1322 0.9684
vn 0.2115 -0.1251 0.9693
vn 0.2988 -0.1272 0.9458
vn 0.4211 -0.2730 0.8650
vn 0.3493 -0.3287 0.8774
vn 0.2785 -0.2933 0.9146
vn -0.0226 0.9217 0.3873
vn 0.3045 -0.3366 0.8911
vn 0.3176 -0.1515 0.9361
vn 0.2810 -0.1711 0.9443
vn 0.3283 -0.2060 0.9218
vn 0.4265 -0.1619 0.8899
vn 0.4926 -0.1671 0.8541
vn 0.3420 -0.0762 0.9366
vn 0.3254 -0.0622 0.9435
vn 0.2621 -0.0631 0.9630
vn 0.3256 -0.0891 0.9413
vn 0.4524 -0.2484 0.8565
vn 0.3965 0.0890 0.9137
vn 0.3731 -0.2063 0.9046
vn -0.0331 0.0731 0.9968
vn 0.8479 -0.5019 -0.1710
vn -0.7277 -0.0000 0.6859
vn -0.6890 -0.0003 0.7248
vn -0.7034 0.0064 0.7108
vn -0.7981 -0.0070 0.6025
vn -0.0040 -0.9593 -0.2824
vn -0.0080 0.9591 0.2828
vn -0.0366 -0.0513 0.9980
vn -0.0330 0.0471 0.9983
vn -0.0407 -0.0580 0.9975
vn -0.0315 0.1166 0.9927
vn -0.0001 -0.1868 0.9824
vn -0.0691 0.0586 -0.9959
vn -0.0679 -0.0586 -0.9960
vn -0.0335 0.1807 -0.9830
vn 0.2892 -0.9573 -0.0069
vn -0.0346 -0.1856 -0.9820
vn -0.7907 -0.2284 0.5680
vn -0.8201 -0.5721 0.0112
vn -0.6326 0.6934 -0.3449
vn -0.7297 0.1035 0.6759
vn -0.7602 -0.6495 -0.0144
vn -0.7642 0.1149 -0.6346
vn -0.8526 0.5115 0.1075
vn -0.7678 -0.0114 0.6406
vn -0.7428 0.0193 -0.6692
vn -0.8653 0.4709 0.1717
vn -0.7678 0.0114 0.6406
vn -0.7354 -0.6777 -0.0014
vn -0.7407 -0.0127 -0.6717
vn -0.6656 -0.6437 -0.3777
vn -0.7117 0.7024 0.0111
vn -0.6770 -0.6509 -0.3434
vn -0.7511 0.6600 -0.0141
vn -0.7519 -0.5966 -0.2807
vn -0.6532 0.7572 -0.0007
vn -0.7803 -0.5889 -0.2104
vn -0.8501 0.5264 -0.0161
vn 0.2497 -0.8579 -0.4490
vn -0.0040 -0.9593 0.2823
vn -0.1017 -0.0871 -0.9910
vn 0.9571 0.2824 0.0655
vn -0.9805 -0.0038 -0.1965
vn -0.9472 0.0014 -0.3205
vn -0.9497 0.0122 -0.3129
vn -0.9595 -0.0000 -0.2816
vn 0.9577 -0.2863 0.0293
vn 0.7769 0.2809 0.5634
vn 0.0874 -0.6118 0.7861
vn 0.0371 -0.4874 0.8724
vn 0.7544 0.6562 -0.0168
vn 0.2754 -0.8136 0.5121
vn -0.8604 -0.4539 0.2318
vn -0.6483 0.7609 -0.0274
vn -0.9230 -0.2220 -0.3144
vn -0.2951 0.8546 -0.4274
vn 0.2535 -0.8256 0.5041
vn 0.2142 0.1149 0.9700
vn -0.2564 0.9629 -0.0842
vn 0.2511 -0.9307 0.2660
vn -0.1024 0.0884 -0.9908
vn -0.0080 0.9591 -0.2830
vn -0.1036 -0.0863 0.9909
vn 0.0550 0.8664 -0.4964
vn 0.0554 0.9982 -0.0238
vn 0.0588 0.9980 -0.0228
vn -0.0528 0.0006 0.9986
vn -0.0012 -0.9912 0.1327
vn -0.0014 -0.9911 0.1333
vn -0.0615 -0.0162 0.9980
vn -0.0015 0.9911 0.1329
vn -0.0004 0.9916 0.1292
vn -0.0053 0.8699 -0.4931
vn -0.0059 0.9998 -0.0197
vn -0.0066 0.9998 -0.0197
vn -0.0176 -0.9984 0.0533
vn -0.0201 -0.9984 0.0525
vn -0.0167 0.9984 0.0534
vn -0.0170 -0.9984 0.0535
vn -0.0157 -0.9985 0.0529
vn -0.0176 0.9984 0.0533
vn -0.1066 0.0127 0.9942
vn -0.0993 0.0009 0.9951
vn 0.0085 -1.0000 0.0048
vn 0.0960 0.0010 0.9954
vn 0.0627 0.9978 -0.0217
vn 0.1091 0.0012 0.9940
vn 0.0590 0.9981 -0.0204
vn 0.0580 0.9981 -0.0225
vn 0.0114 -0.9999 0.0070
vn 0.1316 0.0125 0.9912
vn 0.0088 0.9999 0.0050
vn 0.0089 0.9999 0.0051
vn 0.0097 0.9999 0.0055
vn 0.0138 0.9999 0.0068
vn 0.0188 -0.9972 0.0720
vn 0.1996 0.0043 0.9799
vn 0.0171 0.9972 0.0722
vn -0.0085 0.9998 -0.0196
vn 0.2295 0.0025 0.9733
vn 0.0195 0.9972 0.0721
vn -0.0097 0.9998 -0.0197
vn 0.2752 0.0172 0.9612
vn 0.0249 0.9971 0.0723
vn -0.0130 0.9997 -0.0197
vn -0.0718 0.0021 -0.9974
vn 0.0801 -0.0007 -0.9968
vn -0.0734 -0.0017 -0.9973
vn 0.0848 0.0015 -0.9964
vn -0.0228 0.2292 -0.9731
vn 0.0082 0.2323 -0.9726
vn 0.0382 0.2235 -0.9739
vn -0.0537 -0.2137 -0.9754
vn -0.0128 -0.2271 -0.9738
vn -0.0586 0.1354 -0.9891
vn 0.0640 0.1085 -0.9920
vn -0.0840 -0.0976 -0.9917
vn -0.1315 -0.0006 -0.9913
vn 0.1296 0.0006 -0.9916
vn -0.1307 0.0016 -0.9914
vn 0.1296 0.0013 -0.9916
vn -0.4810 0.8760 0.0355
vn -0.5538 -0.1060 0.8259
vn 0.3312 0.0869 -0.9396
vn -0.4213 -0.1378 0.8964
vn -0.9775 0.0517 -0.2046
vn 0.4603 -0.1695 -0.8714
vn -0.1581 0.0184 -0.9872
vn -0.5122 -0.0685 0.8561
vn 0.0827 -0.4390 0.8947
vn -0.1208 0.4332 -0.8932
vn 0.0619 -0.5143 -0.8554
vn 0.1026 -0.9934 0.0523
vn 0.0011 0.4349 -0.9005
vn 0.0120 -0.5060 -0.8625
vn -0.0137 0.9987 -0.0491
vn -0.0132 -0.9988 0.0481
vn 0.0120 0.4309 -0.9023
vn -0.0367 -0.4294 0.9024
vn 0.3243 -0.3131 -0.8927
vn -0.3100 0.1794 -0.9337
vn -0.1590 0.0237 -0.9870
vn -0.0834 0.0936 -0.9921
vn -0.0827 0.1539 -0.9846
vn -0.1619 -0.0661 0.9846
vn -0.0135 -0.9988 0.0481
vn -0.0136 0.9987 -0.0490
vn -0.0758 0.9957 -0.0530
vn -0.0760 0.9958 -0.0503
vn -0.9591 -0.2800 -0.0407
vn -0.9801 0.0765 -0.1831
vn -0.4454 0.8954 -0.0004
vn -0.9710 0.1419 -0.1927
vn 0.0111 -0.3710 -0.9286
vn 0.7032 0.0443 0.7096
vn -0.1396 0.0316 0.9897
vn 0.5476 0.0897 -0.8319
vn 0.9940 0.0331 -0.1043
vn 0.9952 0.0296 -0.0931
vn -0.8715 0.1285 -0.4733
vn 0.5241 0.1451 -0.8392
vn -0.6213 -0.0595 -0.7813
vn -0.8387 0.1063 0.5341
vn -0.3711 0.0709 0.9259
vn 0.9856 0.0151 0.1686
vn -0.9852 -0.0935 -0.1438
vn 0.9478 -0.0612 0.3128
vn -0.2129 0.0442 0.9761
vn 0.9023 -0.0090 0.4311
vn -0.2373 -0.1524 -0.9594
vn -0.7579 -0.0589 0.6497
vn -0.3085 0.0671 -0.9488
vn 0.9989 0.0459 0.0042
vn -0.2931 -0.0245 0.9558
vn -0.5118 -0.0432 0.8580
vn 0.9900 0.0527 0.1310
vn -0.1442 0.9529 0.2667
vn -0.9990 -0.0429 -0.0146
vn -0.2141 0.8968 0.3871
vn -0.0233 -0.9913 0.1298
vn -0.0803 0.9610 0.2647
vn 0.0228 -0.9875 -0.1557
vn 0.0021 -1.0000 -0.0048
vn -0.2022 0.9457 0.2543
vn -0.6784 0.6036 0.4189
vn -0.1137 0.8048 0.5825
vn 0.3725 0.7584 0.5348
vn -0.9951 -0.0453 0.0882
vn 0.9952 0.0268 0.0938
vn -0.8385 0.0390 0.5435
vn 0.4884 -0.0682 -0.8699
vn -0.9263 0.0339 -0.3752
vn 0.9991 0.0180 -0.0381
vn -0.1459 0.0159 0.9892
vn 0.7336 0.0204 0.6793
vn -0.2936 -0.0625 -0.9539
vn 0.8202 0.0192 0.5717
vn -0.1721 0.0170 0.9849
vn 0.9941 0.0153 0.1070
vn -0.9362 0.0567 -0.3468
vn 0.3454 0.0390 -0.9376
vn -0.7848 0.0402 0.6184
vn 0.0027 -1.0000 0.0040
vn -0.0009 -1.0000 0.0079
vn -0.0214 -0.9924 0.1211
vn -0.0229 -0.9902 0.1380
vn 0.0216 -0.9884 -0.1504
vn 0.0154 -0.9872 -0.1589
vn 0.0018 -1.0000 -0.0029
vn 0.0015 -1.0000 -0.0009
vn -0.0743 -0.9745 0.2119
vn -0.0725 -0.9313 -0.3570
vn -0.0470 -0.4285 -0.9023
vn -0.0472 0.3830 -0.9225
vn -0.0708 0.9216 -0.3817
vn -0.0740 0.9858 0.1506
vn -0.1259 -0.3758 0.9181
vn -0.0765 -0.9959 0.0476
vn -0.0760 0.9958 -0.0508
vn -0.0760 0.9957 -0.0526
vn -0.0690 -0.4991 -0.8638
vn -0.0748 -0.4266 0.9013
vn -0.0770 -0.9960 0.0454
vn -0.0681 0.4338 -0.8984
vn -0.0491 0.4233 -0.9047
vn -0.0686 -0.4982 -0.8644
vn -0.0724 -0.4978 -0.8643
vn -0.0490 0.4424 -0.8955
vn -0.0707 -0.4994 -0.8635
vn -0.0673 0.4336 -0.8986
vn 0.0381 0.4396 -0.8974
vn 0.0177 -0.5079 -0.8612
vn 0.0411 0.4267 -0.9035
vn 0.0564 -0.5131 -0.8565
vn 0.0177 -0.5163 -0.8562
vn 0.0410 0.4315 -0.9012
vn -0.6562 -0.0307 0.7540
vn 0.9467 -0.0478 0.3185
vn -0.2656 -0.0234 0.9638
vn -0.9835 -0.0929 -0.1550
vn -0.7317 0.0114 0.6816
vn 0.2158 0.0368 -0.9758
vn -0.9546 0.0415 -0.2949
vn 0.9651 0.0163 0.2613
vn -0.1757 0.0909 0.9802
vn 0.8920 0.0874 0.4435
vn -0.2567 0.0516 -0.9651
vn -0.7435 0.0248 0.6683
vn 0.9059 0.0870 0.4144
vn -0.7553 -0.0969 0.6481
vn 0.8801 -0.0083 0.4748
vn -0.7376 -0.0391 0.6741
vn 0.9009 -0.1254 0.4155
vn -0.2517 -0.1105 0.9615
vn -0.7237 0.0368 0.6891
vn -0.9914 0.0733 -0.1084
vn -0.0878 -0.0649 0.9940
vn -0.1204 0.1593 -0.9799
vn -0.9390 0.0866 -0.3327
vn 0.0680 0.0882 -0.9938
vn -0.5196 -0.1057 0.8479
vn 0.8743 0.4544 -0.1708
vn -0.0300 -0.1169 0.9927
vn 0.0078 -0.1057 0.9944
vn 0.2495 0.8633 -0.4386
vn -0.9344 0.3390 0.1091
vn -0.6897 -0.1519 -0.7080
vn -0.7272 -0.6865 -0.0009
vn -0.0436 0.9935 -0.1047
vn -0.9213 0.0276 0.3878
vn -0.7789 0.6191 0.1002
vn 0.1323 0.8047 -0.5787
vn -0.1176 0.9163 -0.3827
vn -0.1286 0.9275 -0.3509
vn 0.5059 0.8521 0.1340
vn 0.7956 0.2312 0.5599
vn 0.8199 -0.5053 0.2690
vn -0.1580 0.9861 -0.0511
vn -0.8712 -0.4379 -0.2218
vn 0.1078 0.0034 0.9942
vn -0.1958 0.9763 0.0926
vn -0.0944 0.9863 0.1352
vn 0.2907 -0.9241 0.2480
vn 0.8038 0.5322 0.2659
vn -0.1037 0.0882 0.9907
vn -0.0011 -0.9912 0.1321
vn -0.0011 -0.9915 0.1301
vn -0.0528 0.0055 0.9986
vn -0.0552 -0.0000 0.9985
vn -0.0013 0.9911 0.1334
vn -0.0011 0.9912 0.1321
vn -0.1100 0.0003 0.9939
vn -0.1286 -0.0362 0.9910
vn -0.0159 0.9985 0.0532
vn -0.0209 0.9984 0.0523
vn 0.0096 -0.9999 0.0054
vn 0.1068 -0.0050 0.9943
vn 0.0102 -0.9999 0.0057
vn 0.2107 -0.0069 0.9775
vn 0.0180 0.9972 0.0728
vn 0.0173 -0.9972 0.0727
vn 0.0197 -0.9972 0.0727
vn 0.0228 -0.9971 0.0730
vn -0.0001 0.0002 -1.0000
vn -0.0008 -0.0000 -1.0000
vn 0.0299 -0.2248 -0.9740
vn -0.0006 0.8788 -0.4772
vn 0.0011 0.8783 -0.4781
vn 0.0640 -0.1113 -0.9917
vn -0.2108 -0.1962 -0.9576
vn -0.1767 0.9111 0.3723
vn -0.2243 -0.0252 -0.9742
vn -0.2897 0.5206 0.8031
vn -0.1475 -0.2275 -0.9625
vn -0.8459 -0.5324 -0.0317
vn -0.9179 -0.2791 -0.2820
vn 0.0844 0.5010 0.8613
vn 0.0971 0.9943 -0.0439
vn -0.0373 0.5075 0.8608
vn -0.0769 -0.9960 0.0457
vn -0.0748 -0.4268 0.9012
vn -0.0749 0.5092 0.8574
vn -0.0625 -0.4995 -0.8640
vn -0.2173 -0.1352 0.9667
vn -0.2126 0.0806 0.9738
vn -0.1494 -0.3560 -0.9225
vn -0.2289 0.4723 0.8512
vn -0.2542 0.2580 -0.9321
vn -0.2401 0.8465 0.4751
vn -0.4053 0.0501 -0.9128
vn 0.1035 -0.9933 0.0515
vn 0.0993 0.9941 -0.0438
vn 0.1605 -0.9841 -0.0756
vn -0.1668 -0.3490 0.9221
vn -0.0706 -0.1005 0.9924
vn -0.0297 0.9995 0.0072
vn -0.5499 0.0900 0.8304
vn 0.0214 0.0177 -0.9996
vn -0.9658 0.1490 -0.2124
vn 0.9031 0.0489 0.4267
vn -0.1306 0.0256 -0.9911
vn 0.2209 -0.1724 -0.9599
vn -0.5147 0.1219 0.8487
vn -0.1194 0.9928 0.0057
vn -0.9296 -0.0191 -0.3682
vn -0.0047 0.9618 0.2738
vn -0.9894 -0.0498 -0.1368
vn 0.2354 0.0164 0.9718
vn 0.1058 0.9943 0.0152
vn -0.9957 -0.0590 0.0716
vn 0.9950 0.0437 -0.0900
vn 0.0477 0.9676 0.2478
vn 0.0049 -1.0000 0.0018
vn -0.2832 0.0552 -0.9575
vn -0.1241 0.4362 0.8913
vn -0.2078 -0.1560 -0.9656
vn 0.9188 -0.0347 0.3933
vn 0.1596 -0.1702 -0.9724
vn -0.2080 -0.0646 0.9760
vn 0.8914 -0.0355 0.4517
vn -0.2973 0.2422 0.9235
vn -0.9461 0.1722 -0.2744
vn -0.2528 0.9361 -0.2445
vn -0.2538 0.9316 0.2602
vn 0.4051 -0.5712 -0.7139
vn -0.9204 -0.2600 -0.2920
vn -0.9267 -0.2471 0.2833
vn -0.9402 0.1983 0.2770
vn -0.3586 -0.0071 0.9335
vn -0.6972 -0.1133 0.7079
vn -1.0000 0.0066 -0.0039
vn -0.0959 -0.0140 -0.9953
vn -0.3804 -0.0281 -0.9244
vn -0.5203 0.0794 0.8503
vn -0.2128 -0.1384 0.9673
vn -0.2894 0.2679 -0.9190
vn -0.2585 -0.4065 -0.8763
vn -0.2821 -0.8204 -0.4973
vn -0.2560 0.9311 0.2599
vn -0.2559 0.9341 -0.2489
vn -0.2187 0.2500 0.9432
vn -0.2482 0.9362 -0.2488
vn -0.9960 -0.0090 0.0892
vn -0.9237 -0.2533 -0.2873
vn -0.2459 0.9379 -0.2448
vn -0.9417 0.1936 -0.2753
vn -0.9986 -0.0123 0.0522
vn -0.3355 0.0741 0.9391
vn -0.2276 -0.0297 -0.9733
vn -0.1997 -0.0133 -0.9798
vn -0.9743 -0.0144 -0.2246
vn -0.6106 -0.1104 0.7842
vn -0.2556 0.9312 0.2599
vn -0.1114 -0.8614 -0.4955
vn -0.9442 0.1769 0.2778
vn -0.9263 -0.2453 0.2861
vn 0.2340 -0.8846 -0.4034
vn -0.2532 0.9318 0.2602
vn -0.1580 -0.3779 -0.9123
vn -0.2134 0.2586 -0.9421
vn -0.1803 -0.3781 -0.9081
vn -0.9242 -0.2386 0.2981
vn -0.2660 -0.4068 -0.8739
vn -0.3233 -0.1034 0.9406
vn -0.9324 -0.2482 0.2627
vn -0.9134 -0.2653 -0.3088
vn -0.8952 -0.2778 -0.3486
vn -0.9420 -0.2499 0.2238
vn -0.2791 -0.4073 -0.8696
vn -0.9253 -0.2532 -0.2823
vn -0.9207 -0.2381 0.3093
vn -0.2335 -0.3777 -0.8960
vn -0.3011 -0.1446 0.9426
vn -0.2500 -0.1326 0.9591
vn -0.2921 -0.1131 0.9497
vn -0.3216 -0.1522 0.9346
vn -0.2136 -0.1289 0.9684
vn -0.2367 -0.0990 0.9665
vn -0.2857 -0.0992 0.9532
vn -0.2396 -0.8458 0.4767
vn -0.9161 0.2184 -0.3362
vn 0.0085 -0.9533 -0.3018
vn -0.7585 -0.5607 -0.3320
vn -0.5966 -0.7765 0.2027
vn -0.6557 -0.4501 -0.6062
vn -0.6551 -0.6191 -0.4331
vn -0.4281 -0.8727 -0.2348
vn -0.5192 -0.8503 0.0863
vn -0.1458 -0.8453 0.5141
vn -0.6213 -0.3001 0.7238
vn -0.9817 0.1832 0.0523
vn -0.9945 0.1018 0.0252
vn -0.9607 0.0991 -0.2592
vn -0.9792 0.1795 0.0949
vn -0.8983 0.2225 -0.3790
vn -0.3388 0.0610 0.9389
vn -0.4757 0.1165 0.8718
vn -0.5527 0.1116 0.8259
vn -0.0634 0.8500 0.5230
vn -0.0634 0.8499 0.5231
vn -0.3777 -0.1833 0.9076
vn -0.1624 0.9328 0.3216
vn -0.3479 -0.1441 0.9264
vn -0.2328 -0.1176 0.9654
vn -0.3414 -0.1135 0.9331
vn -0.3363 -0.0846 0.9379
vn -0.0196 -0.9257 -0.3777
vn -0.3216 -0.1309 0.9378
vn -0.2498 -0.1504 0.9565
vn -0.2797 -0.4194 -0.8636
vn -0.3234 -0.1120 0.9396
vn -0.2649 -0.4191 -0.8684
vn 0.2777 -0.8131 -0.5116
vn -0.2556 0.9313 0.2595
vn -0.6002 -0.0354 0.7991
vn -0.2397 -0.0862 -0.9670
vn -0.2481 0.9348 -0.2542
vn -0.2567 0.9322 -0.2551
vn -0.2560 0.9312 0.2596
vn -0.2563 -0.4189 -0.8711
vn -0.2882 0.2502 -0.9243
vn -0.3885 -0.0837 -0.9176
vn -0.6862 -0.0317 0.7268
vn -0.3975 0.1878 0.8982
vn 0.3696 -0.6418 -0.6719
vn -0.2676 0.2583 0.9282
vn -0.9247 -0.2518 -0.2855
vn 0.6413 -0.7181 -0.2702
vn -0.9238 -0.2543 -0.2861
vn 0.9053 0.1833 -0.3832
vn -0.2120 0.9733 0.0882
vn -0.8907 -0.2538 0.3771
vn -0.8784 -0.3774 -0.2933
vn -0.8797 -0.2413 -0.4099
vn -0.9655 -0.1288 -0.2261
vn -0.9577 -0.2477 -0.1463
vn -0.2089 0.0696 0.9755
vn -0.3503 -0.1745 0.9202
vn -0.2728 -0.0274 0.9617
vn -0.2917 0.1050 0.9507
vn -0.3748 -0.1570 0.9137
vn -0.3040 -0.3331 0.8925
vn -0.4107 -0.1458 0.9001
vn 0.7466 -0.6653 0.0101
vn -0.0283 -0.9262 -0.3761
vn 0.1907 -0.9346 -0.3004
vn -0.5653 -0.6652 -0.4879
vn -0.1274 -0.9014 -0.4139
vn -0.0470 -0.9225 -0.3831
vn 0.0225 0.9217 0.3873
vn 0.2013 -0.9305 -0.3059
vn -0.2102 -0.1160 0.9708
vn -0.3039 -0.1332 0.9433
vn -0.2908 -0.1175 0.9495
vn -0.2117 -0.1322 0.9684
vn -0.2118 -0.1251 0.9693
vn -0.2988 -0.1272 0.9458
vn -0.4211 -0.2730 0.8650
vn -0.3493 -0.3287 0.8774
vn -0.2785 -0.2933 0.9146
vn 0.0226 0.9217 0.3873
vn -0.3045 -0.3366 0.8911
vn -0.3176 -0.1515 0.9361
vn -0.2810 -0.1711 0.9443
vn -0.3283 -0.2060 0.9218
vn -0.4265 -0.1619 0.8899
vn -0.4926 -0.1671 0.8541
vn -0.3420 -0.0762 0.9366
vn -0.3254 -0.0622 0.9435
vn -0.2621 -0.0631 0.9630
vn -0.3256 -0.0891 0.9413
vn -0.4524 -0.2484 0.8565
vn -0.3965 0.0890 0.9137
vn -0.3731 -0.2063 0.9046
vn -0.0680 -0.9901 -0.1228
vn -0.3603 0.8795 0.3110
vn -0.8951 0.2395 0.3761
vn -0.4663 -0.8835 0.0446
vn -0.9253 -0.2011 0.3215
vn -0.6251 0.6885 0.3678
vn 0.8108 -0.4489 -0.3756
vn -0.7723 -0.6019 0.2031
vn 0.8454 -0.3773 -0.3780
vn 0.6875 -0.6327 -0.3563
vn 0.4350 0.8974 -0.0738
vn -0.0137 0.9884 0.1513
vn 0.3331 -0.1687 0.9277
vn 0.2877 -0.2966 0.9106
vn 0.2898 -0.2169 0.9322
vn 0.3547 -0.1527 0.9224
vn 0.3368 -0.1878 0.9226
vn 0.3306 -0.1524 0.9314
vn 0.3386 -0.1579 0.9276
vn 0.3525 -0.1552 0.9228
vn 0.3204 -0.1209 0.9395
vn 0.2897 -0.1544 0.9446
vn 0.2190 -0.2177 0.9511
vn 0.2939 -0.2066 0.9332
vn 0.3438 -0.9006 -0.2659
vn 0.7844 0.5733 -0.2366
vn 0.0680 -0.9901 -0.1228
vn 0.3603 0.8795 0.3110
vn 0.8951 0.2395 0.3761
vn 0.4663 -0.8835 0.0446
vn 0.9253 -0.2011 0.3215
vn 0.6251 0.6885 0.3678
vn -0.8108 -0.4489 -0.3756
vn 0.7723 -0.6019 0.2031
vn -0.8454 -0.3773 -0.3780
vn -0.6875 -0.6327 -0.3563
vn -0.4350 0.8974 -0.0738
vn 0.0137 0.9884 0.1513
vn -0.3331 -0.1687 0.9277
vn -0.2877 -0.2966 0.9106
vn -0.2898 -0.2169 0.9322
vn -0.3547 -0.1527 0.9224
vn -0.3368 -0.1878 0.9226
vn -0.3306 -0.1524 0.9314
vn -0.3386 -0.1579 0.9276
vn -0.3525 -0.1552 0.9228
vn -0.3204 -0.1209 0.9395
vn -0.2897 -0.1544 0.9446
vn -0.2190 -0.2177 0.9511
vn -0.2939 -0.2066 0.9332
vn -0.3438 -0.9006 -0.2659
vn -0.7844 0.5733 -0.2366
vn -0.3090 -0.1064 0.9451
vn 0.1443 0.9758 0.1642
vn -0.3099 -0.1316 0.9416
vn -0.9996 0.0283 0.0048
vn 0.5750 -0.8068 -0.1358
vn -0.2580 -0.9527 -0.1604
vn 0.3096 -0.1346 0.9413
vn -0.9823 -0.1845 -0.0310
vn 0.3069 -0.1087 0.9455
vn 0.4396 0.8858 0.1491
vn -1.0000 -0.0016 -0.0003
vn 0.3044 -0.9393 -0.1581
vn 1.0000 0.0080 0.0013
vn -0.5607 0.8166 0.1374
vn 0.9909 0.1328 0.0224
vn 0.9703 -0.2386 -0.0402
vn -0.5703 -0.8101 -0.1363
vn 0.9988 -0.0491 -0.0083
vn -0.2458 0.9559 0.1609
vn -0.9875 0.1554 0.0262
vt 0.312500 0.500000
vt 0.342448 0.502604
vt 0.342448 0.502604
vt 0.312500 0.500000
vt 0.364583 0.520833
vt 0.364583 0.520833
vt 0.250000 0.500000
vt 0.281250 0.500000
vt 0.250000 0.500000
vt 0.312500 0.500000
vt 0.135417 0.520833
vt 0.157552 0.502604
vt 0.157552 0.502604
vt 0.135417 0.520833
vt 0.187500 0.500000
vt 0.187500 0.500000
vt 0.187500 0.500000
vt 0.218750 0.500000
vt 0.218750 0.500000
vt 0.187500 0.500000
vt 0.125000 0.625000
vt 0.126302 0.565104
vt 0.126302 0.565104
vt 0.135417 0.520833
vt 0.312500 0.750000
vt 0.281250 0.750000
vt 0.281250 0.750000
vt 0.312500 0.750000
vt 0.250000 0.750000
vt 0.250000 0.750000
vt 0.342448 0.502604
vt 0.125000 0.625000
vt 0.125000 0.625000
vt 0.375000 0.625000
vt 0.373698 0.684896
vt 0.373698 0.684896
vt 0.375000 0.625000
vt 0.364583 0.729167
vt 0.364583 0.729167
vt 0.218750 0.750000
vt 0.218750 0.750000
vt 0.187500 0.750000
vt 0.187500 0.750000
vt 0.342448 0.747396
vt 0.342448 0.747396
vt 0.312500 0.750000
vt 0.312500 0.750000
vt 0.187500 0.750000
vt 0.157552 0.747396
vt 0.157552 0.747396
vt 0.135417 0.729167
vt 0.135417 0.729167
vt 0.157335 0.747830
vt 0.156250 0.750000
vt 0.187500 0.750000
vt 0.134549 0.730903
vt 0.125000 0.750000
vt 0.373915 0.685330
vt 0.375000 0.625000
vt 0.375000 0.687500
vt 0.375000 0.625000
vt 0.365451 0.730903
vt 0.375000 0.750000
vt 0.126085 0.564670
vt 0.125000 0.625000
vt 0.125000 0.562500
vt 0.134549 0.519097
vt 0.125000 0.500000
vt 0.281250 0.750000
vt 0.281250 0.750000
vt 0.312500 0.750000
vt 0.250000 0.750000
vt 0.373698 0.684896
vt 0.375000 0.625000
vt 0.157552 0.747396
vt 0.157552 0.747396
vt 0.342448 0.747396
vt 0.342448 0.747396
vt 0.156250 0.625000
vt 0.156250 0.687500
vt 0.125000 0.687500
vt 0.156250 0.750000
vt 0.125000 0.750000
vt 0.187500 0.687500
vt 0.187500 0.625000
vt 0.312500 0.625000
vt 0.343750 0.625000
vt 0.343750 0.687500
vt 0.312500 0.687500
vt 0.343750 0.750000
vt 0.375000 0.750000
vt 0.250000 0.625000
vt 0.281250 0.625000
vt 0.281250 0.687500
vt 0.250000 0.687500
vt 0.218750 0.625000
vt 0.218750 0.687500
vt 0.218750 0.750000
vt 0.342665 0.747830
vt 0.218750 0.500000
vt 0.187500 0.500000
vt 0.250000 0.500000
vt 0.250000 0.500000
vt 0.157335 0.502170
vt 0.156250 0.500000
vt 0.342665 0.502170
vt 0.312500 0.500000
vt 0.343750 0.500000
vt 0.365451 0.519097
vt 0.375000 0.500000
vt 0.281250 0.500000
vt 0.281250 0.500000
vt 0.281250 0.500000
vt 0.218750 0.562500
vt 0.187500 0.562500
vt 0.250000 0.562500
vt 0.281250 0.562500
vt 0.312500 0.562500
vt 0.343750 0.562500
vt 0.375000 0.562500
vt 0.375000 0.500000
vt 0.125000 0.500000
vt 0.156250 0.562500
vt 0.125000 0.562500
vt 0.373698 0.565104
vt 0.373698 0.565104
vt 0.126302 0.684896
vt 0.126085 0.685330
vt 0.373698 0.565104
vt 0.373915 0.564670
vt 0.126302 0.684896
vt 0.126302 0.684896
vt 0.126302 0.684896
vt 0.775346 0.875629
vt 0.773990 0.875436
vt 0.774172 0.875005
vt 0.775032 0.874006
vt 0.772243 0.877186
vt 0.772789 0.876586
vt 0.772969 0.876721
vt 0.772728 0.877473
vt 0.760508 0.892348
vt 0.755361 0.882155
vt 0.760609 0.883163
vt 0.764694 0.886798
vt 0.890347 0.685074
vt 0.890197 0.685254
vt 0.889916 0.685047
vt 0.890318 0.684633
vt 0.890502 0.684925
vt 0.466035 0.821172
vt 0.466005 0.821124
vt 0.466070 0.821098
vt 0.466148 0.821159
vt 0.466063 0.821218
vt 0.869673 0.891862
vt 0.869673 0.891862
vt 0.869673 0.891862
vt 0.869673 0.891862
vt 0.869673 0.891862
vt 0.874588 0.837499
vt 0.874016 0.838043
vt 0.873242 0.837226
vt 0.874430 0.836083
vt 0.875126 0.836993
vt 0.729965 0.933234
vt 0.702238 0.894799
vt 0.791630 0.868835
vt 0.786326 0.857326
vt 0.816699 0.815806
vt 0.845840 0.856738
vt 0.773291 0.876386
vt 0.773847 0.877425
vt 0.773694 0.875959
vt 0.774778 0.876782
vt 0.772249 0.894401
vt 0.774597 0.880474
vt 0.776996 0.878764
vt 0.781428 0.882188
vt 0.768631 0.888540
vt 0.771814 0.879733
vt 0.764676 0.869870
vt 0.769491 0.873172
vt 0.768657 0.876177
vt 0.773759 0.855468
vt 0.771803 0.871208
vt 0.776623 0.860312
vt 0.773834 0.871354
vt 0.770691 0.879183
vt 0.769578 0.878035
vt 0.772992 0.876583
vt 0.773167 0.876381
vt 0.772876 0.876482
vt 0.773982 0.874894
vt 0.773942 0.874977
vt 0.773782 0.874965
vt 0.773746 0.874887
vt 0.773938 0.875305
vt 0.774066 0.875044
vt 0.773743 0.875296
vt 0.773799 0.875221
vt 0.773697 0.875082
vt 0.773590 0.875061
vt 0.773691 0.875377
vt 0.773543 0.875269
vt 0.773653 0.875788
vt 0.773853 0.875473
vt 0.773390 0.875473
vt 0.773256 0.875443
vt 0.773424 0.875761
vt 0.773355 0.875853
vt 0.773195 0.875734
vt 0.773283 0.876255
vt 0.773518 0.875971
vt 0.773086 0.876212
vt 0.773152 0.876135
vt 0.773049 0.875953
vt 0.772925 0.875933
vt 0.773494 0.875672
vt 0.772706 0.876349
vt 0.772807 0.876334
vt 0.773038 0.876278
vt 0.775960 0.947765
vt 0.702238 0.824238
vt 0.783874 0.867373
vt 0.781766 0.863354
vt 0.875702 0.838007
vt 0.874672 0.838704
vt 0.869673 0.891862
vt 0.869673 0.891862
vt 0.465963 0.821263
vt 0.465937 0.821148
vt 0.890629 0.685163
vt 0.890393 0.685443
vt 0.777716 0.873204
vt 0.777101 0.873100
vt 0.777987 0.876307
vt 0.776143 0.874446
vt 0.777009 0.874197
vt 0.777022 0.872839
vt 0.776493 0.873762
vt 0.776518 0.873768
vt 0.776492 0.873748
vt 0.776503 0.873744
vt 0.776504 0.873745
vt 0.776484 0.873745
vt 0.776502 0.873743
vt 0.775942 0.873963
vt 0.775760 0.873877
vt 0.776170 0.873207
vt 0.776485 0.873726
vt 0.776561 0.873717
vt 0.776508 0.873744
vt 0.776505 0.873742
vt 0.776504 0.873740
vt 0.769685 0.799881
vt 0.843300 0.927464
vt 0.871656 0.768756
vt 0.871764 0.770442
vt 0.864870 0.771128
vt 0.864883 0.769061
vt 0.877166 0.767951
vt 0.877166 0.770503
vt 0.871526 0.768770
vt 0.817981 0.530996
vt 0.818027 0.528973
vt 0.825738 0.529455
vt 0.825869 0.531446
vt 0.831689 0.528731
vt 0.831755 0.530987
vt 0.474091 0.890792
vt 0.474151 0.888538
vt 0.481868 0.889040
vt 0.481997 0.890792
vt 0.487822 0.888304
vt 0.487894 0.890553
vt 0.857622 0.799881
vt 0.863338 0.800461
vt 0.861440 0.814072
vt 0.855958 0.816176
vt 0.546241 0.828621
vt 0.548758 0.828108
vt 0.548282 0.835038
vt 0.546241 0.835454
vt 0.875605 0.890984
vt 0.878380 0.889787
vt 0.883013 0.901916
vt 0.876856 0.903445
vt 0.458496 0.839495
vt 0.457965 0.842391
vt 0.449048 0.840185
vt 0.449673 0.837442
vt 0.895039 0.667859
vt 0.895125 0.664936
vt 0.904202 0.665749
vt 0.904004 0.668868
vt 0.877387 0.818428
vt 0.875859 0.816710
vt 0.884052 0.804203
vt 0.889826 0.809449
vt 0.476396 0.839750
vt 0.476561 0.842776
vt 0.463099 0.842834
vt 0.463171 0.840201
vt 0.873760 0.888304
vt 0.874806 0.886003
vt 0.863383 0.820961
vt 0.865055 0.817951
vt 0.873807 0.817948
vt 0.874056 0.820024
vt 0.858206 0.890345
vt 0.855958 0.886858
vt 0.862341 0.883793
vt 0.862978 0.886660
vt 0.896081 0.867118
vt 0.906228 0.874197
vt 0.877166 0.789287
vt 0.871527 0.790039
vt 0.864753 0.790184
vt 0.825830 0.508821
vt 0.831755 0.508846
vt 0.817934 0.509067
vt 0.454089 0.868611
vt 0.444999 0.866939
vt 0.481973 0.870567
vt 0.487894 0.870595
vt 0.474081 0.870390
vt 0.887280 0.641301
vt 0.895144 0.641615
vt 0.890022 0.665039
vt 0.904300 0.641301
vt 0.871645 0.814569
vt 0.871652 0.814575
vt 0.871665 0.814579
vt 0.871681 0.814559
vt 0.871657 0.814555
vt 0.855958 0.852750
vt 0.866700 0.853016
vt 0.887190 0.861026
vt 0.461937 0.869713
vt 0.864753 0.645958
vt 0.872302 0.643405
vt 0.876705 0.667338
vt 0.871535 0.669003
vt 0.477066 0.869713
vt 0.869665 0.891861
vt 0.869660 0.891860
vt 0.869670 0.891846
vt 0.869671 0.891854
vt 0.864753 0.790861
vt 0.867050 0.790978
vt 0.867050 0.796625
vt 0.864753 0.796508
vt 0.891597 0.745000
vt 0.891611 0.747057
vt 0.883923 0.746778
vt 0.883673 0.745056
vt 0.464949 0.824198
vt 0.464799 0.825861
vt 0.461692 0.825024
vt 0.462677 0.823350
vt 0.471683 0.821984
vt 0.473290 0.823730
vt 0.883934 0.745038
vt 0.877974 0.747057
vt 0.877993 0.745001
vt 0.502463 0.887194
vt 0.502394 0.889456
vt 0.494623 0.888919
vt 0.494498 0.887164
vt 0.884959 0.684732
vt 0.883174 0.683332
vt 0.890964 0.679866
vt 0.891035 0.681561
vt 0.488644 0.889413
vt 0.488571 0.887164
vt 0.524318 0.899921
vt 0.524193 0.897865
vt 0.530169 0.897497
vt 0.530211 0.899508
vt 0.517653 0.898704
vt 0.517698 0.896446
vt 0.875199 0.832057
vt 0.875155 0.829373
vt 0.879690 0.829394
vt 0.879155 0.832046
vt 0.866406 0.835981
vt 0.864119 0.833595
vt 0.869683 0.891857
vt 0.869677 0.891858
vt 0.456562 0.819076
vt 0.458821 0.817650
vt 0.475277 0.816711
vt 0.477626 0.819810
vt 0.893597 0.681894
vt 0.894246 0.680199
vt 0.900462 0.684839
vt 0.898479 0.687149
vt 0.882727 0.690198
vt 0.879729 0.687596
vt 0.860262 0.846176
vt 0.855958 0.840142
vt 0.869674 0.891868
vt 0.869678 0.891865
vt 0.869667 0.891871
vt 0.863584 0.903407
vt 0.481460 0.839073
vt 0.883785 0.760911
vt 0.877842 0.761097
vt 0.891710 0.761097
vt 0.872529 0.672003
vt 0.877398 0.670275
vt 0.890296 0.692951
vt 0.494606 0.901437
vt 0.488677 0.901454
vt 0.502374 0.901149
vt 0.888303 0.838920
vt 0.876974 0.852073
vt 0.890958 0.834353
vt 0.517653 0.887164
vt 0.524308 0.888485
vt 0.530219 0.888521
vt 0.773698 0.874100
vt 0.773686 0.873962
vt 0.773870 0.874024
vt 0.773679 0.873764
vt 0.771674 0.876748
vt 0.771842 0.876677
vt 0.772010 0.876801
vt 0.772005 0.876616
vt 0.772119 0.876571
vt 0.772340 0.874969
vt 0.772023 0.875876
vt 0.771866 0.875880
vt 0.772209 0.874903
vt 0.772049 0.874813
vt 0.771687 0.875882
vt 0.771518 0.875878
vt 0.771921 0.874733
vt 0.773087 0.874398
vt 0.773003 0.874271
vt 0.772913 0.874124
vt 0.772844 0.873998
vt 0.773704 0.874237
vt 0.565708 0.274781
vt 0.566885 0.275405
vt 0.566795 0.275573
vt 0.565624 0.274900
vt 0.065662 0.440445
vt 0.059716 0.437414
vt 0.074005 0.422965
vt 0.075014 0.429182
vt 0.091286 0.440908
vt 0.106525 0.437430
vt 0.105134 0.447010
vt 0.090840 0.447397
vt 0.567895 0.272256
vt 0.572170 0.269689
vt 0.570651 0.276192
vt 0.568771 0.274570
vt 0.085641 0.429912
vt 0.088331 0.425194
vt 0.092867 0.427891
vt 0.088968 0.430821
vt 0.108707 0.436110
vt 0.110600 0.447013
vt 0.562410 0.281465
vt 0.525955 0.352761
vt 0.509429 0.340502
vt 0.559517 0.280578
vt 0.632440 0.238097
vt 0.647851 0.304770
vt 0.569220 0.276240
vt 0.568570 0.275204
vt 0.568089 0.275905
vt 0.568091 0.275903
vt 0.568099 0.275902
vt 0.568097 0.275902
vt 0.567118 0.276753
vt 0.567325 0.276657
vt 0.568351 0.277344
vt 0.568226 0.277659
vt 0.568958 0.278140
vt 0.568721 0.277156
vt 0.566972 0.275761
vt 0.567135 0.275762
vt 0.568100 0.275902
vt 0.568104 0.275905
vt 0.568105 0.275901
vt 0.568103 0.275896
vt 0.568085 0.275899
vt 0.568092 0.275904
vt 0.568095 0.275901
vt 0.568089 0.275901
vt 0.568103 0.275892
vt 0.568109 0.275898
vt 0.568112 0.275898
vt 0.568102 0.275892
vt 0.568101 0.275902
vt 0.568090 0.275891
vt 0.156330 0.426871
vt 0.147786 0.447109
vt 0.801296 0.737649
vt 0.811249 0.750103
vt 0.789130 0.758903
vt 0.787842 0.742998
vt 0.568484 0.278304
vt 0.588776 0.365891
vt 0.100499 0.420239
vt 0.064418 0.447174
vt 0.056861 0.447092
vt 0.568083 0.275894
vt 0.568093 0.275902
vt 0.568066 0.275905
vt 0.568079 0.275910
vt 0.568056 0.275884
vt 0.599655 0.360862
vt 0.565837 0.274607
vt 0.567469 0.274788
vt 0.093812 0.415385
vt 0.117091 0.384244
vt 0.776379 0.721934
vt 0.770502 0.721473
vt 0.779620 0.705572
vt 0.781901 0.711907
vt 0.799157 0.707899
vt 0.794385 0.713018
vt 0.789537 0.799204
vt 0.743261 0.790592
vt 0.764189 0.751283
vt 0.707654 0.753852
vt 0.774468 0.737191
vt 0.799228 0.723174
vt 0.808444 0.724175
vt 0.100684 0.381000
vt 0.033057 0.415884
vt 0.012963 0.313180
vt 0.042587 0.323909
vt 0.052950 0.413965
vt 0.185483 0.466656
vt 0.216727 0.346522
vt 0.260759 0.349811
vt 0.232166 0.473786
vt 0.089347 0.239969
vt 0.091394 0.228012
vt 0.135014 0.195059
vt 0.133935 0.204604
vt 0.198614 0.223484
vt 0.200433 0.213568
vt 0.232030 0.228044
vt 0.230262 0.238309
vt 0.038764 0.201240
vt 0.039734 0.195715
vt 0.065386 0.205682
vt 0.065495 0.212291
vt 0.235795 0.233836
vt 0.236672 0.228625
vt 0.262716 0.229262
vt 0.262409 0.234787
vt 0.159598 0.201070
vt 0.157839 0.210066
vt 0.086638 0.227027
vt 0.086109 0.230770
vt 0.832721 0.785693
vt 0.707654 0.609456
vt 0.718428 0.568425
vt 0.746662 0.581381
vt 0.741021 0.614024
vt 0.766947 0.557194
vt 0.762157 0.535781
vt 0.804765 0.542746
vt 0.799037 0.561433
vt 0.825144 0.554933
vt 0.814264 0.568903
vt 0.736674 0.546620
vt 0.749887 0.562505
vt 0.768249 0.576687
vt 0.800320 0.583476
vt 0.820971 0.681451
vt 0.821452 0.619286
vt 0.853066 0.613300
vt 0.857440 0.676355
vt 0.816870 0.589938
vt 0.863676 0.314130
vt 0.864691 0.368529
vt 0.841433 0.371784
vt 0.844174 0.317670
vt 0.772812 0.655105
vt 0.768607 0.599171
vt 0.803251 0.603336
vt 0.805199 0.657802
vt 0.841409 0.272203
vt 0.864919 0.268474
vt 0.888295 0.232977
vt 0.888432 0.264745
vt 0.864779 0.237282
vt 0.865754 0.207611
vt 0.885973 0.212581
vt 0.751484 0.675123
vt 0.864077 0.749354
vt 0.709238 0.673487
vt 0.091779 0.040781
vt 0.096426 0.010408
vt 0.131209 0.018846
vt 0.125517 0.050877
vt 0.195122 0.038319
vt 0.201550 0.009194
vt 0.237376 0.016245
vt 0.229722 0.045814
vt 0.167491 0.000338
vt 0.164257 0.030081
vt 0.265016 0.042643
vt 0.259661 0.071219
vt 0.057416 0.036718
vt 0.060632 0.007148
vt 0.300044 0.046538
vt 0.293855 0.075152
vt 0.232677 0.218571
vt 0.263704 0.219993
vt 0.041190 0.186393
vt 0.067247 0.195946
vt 0.201638 0.202892
vt 0.094036 0.217435
vt 0.137420 0.184794
vt 0.161775 0.190889
vt 0.859171 0.414205
vt 0.829060 0.404555
vt 0.888432 0.365274
vt 0.885594 0.396725
vt 0.883662 0.310587
vt 0.817934 0.375040
vt 0.821690 0.321209
vt 0.821644 0.273739
vt 0.841264 0.241587
vt 0.817990 0.245896
vt 0.834344 0.217210
vt 0.819608 0.225788
vt 0.568114 0.275915
vt 0.568121 0.275923
vt 0.568110 0.275911
vt 0.568111 0.275911
vt 0.568110 0.275907
vt 0.568113 0.275908
vt 0.568120 0.275914
vt 0.568133 0.275928
vt 0.568100 0.275888
vt 0.568099 0.275878
vt 0.567690 0.275196
vt 0.567264 0.275576
vt 0.567237 0.275639
vt 0.567455 0.276560
vt 0.568098 0.275904
vt 0.568604 0.277203
vt 0.568091 0.275875
vt 0.568069 0.275865
vt 0.568101 0.275896
vt 0.568102 0.275898
vt 0.566915 0.276869
vt 0.063337 0.216417
vt 0.074760 0.350948
vt 0.262087 0.239344
vt 0.037470 0.205615
vt 0.120859 0.298066
vt 0.065022 0.200156
vt 0.088872 0.219258
vt 0.040140 0.190896
vt 0.236965 0.223414
vt 0.263228 0.224554
vt 0.817257 0.416738
vt 0.649242 0.521822
vt 0.612568 0.217093
vt 0.753839 0.047953
vt 0.817257 0.130915
vt 0.606308 0.535104
vt 0.446794 0.513111
vt 0.393839 0.478866
vt 0.775089 0.871826
vt 0.772907 0.876187
vt 0.774339 0.874060
vt 0.776528 0.873696
vt 0.776523 0.873714
vt 0.776510 0.873739
vt 0.776511 0.873735
vt 0.776513 0.873740
vt 0.868243 0.509639
vt 0.868243 0.511949
vt 0.861471 0.512039
vt 0.861471 0.509972
vt 0.872970 0.509700
vt 0.872970 0.510853
vt 0.868480 0.511312
vt 0.868480 0.510159
vt 0.547670 0.842774
vt 0.547670 0.843929
vt 0.540896 0.843929
vt 0.540896 0.842774
vt 0.540659 0.841957
vt 0.540659 0.844504
vt 0.534718 0.844504
vt 0.534718 0.842199
vt 0.535631 0.884834
vt 0.535631 0.883679
vt 0.542404 0.883679
vt 0.542404 0.884834
vt 0.890392 0.667928
vt 0.542642 0.885409
vt 0.542642 0.883104
vt 0.548582 0.883104
vt 0.548582 0.885409
vt 0.547105 0.821355
vt 0.548225 0.821127
vt 0.548282 0.827016
vt 0.546908 0.827054
vt 0.481849 0.842130
vt 0.873883 0.530156
vt 0.868243 0.530909
vt 0.873883 0.511372
vt 0.861471 0.531096
vt 0.540659 0.864447
vt 0.534718 0.864441
vt 0.548583 0.864237
vt 0.548583 0.844262
vt 0.542642 0.865332
vt 0.548582 0.865336
vt 0.534718 0.865123
vt 0.534718 0.883346
vt 0.871641 0.814559
vt 0.484938 0.868789
vt 0.865311 0.791803
vt 0.866458 0.791862
vt 0.866458 0.796357
vt 0.865311 0.796299
vt 0.869676 0.891865
vt 0.869674 0.891867
vt 0.489483 0.885912
vt 0.489483 0.884763
vt 0.496257 0.884763
vt 0.496257 0.885912
vt 0.496494 0.886488
vt 0.496494 0.884188
vt 0.502435 0.884431
vt 0.502435 0.886487
vt 0.547670 0.887146
vt 0.547670 0.888293
vt 0.540896 0.888293
vt 0.540896 0.887146
vt 0.540659 0.886571
vt 0.540659 0.888868
vt 0.534718 0.888625
vt 0.534718 0.886329
vt 0.895800 0.039820
vt 0.895800 0.037279
vt 0.901741 0.037520
vt 0.901741 0.039574
vt 0.890018 0.038269
vt 0.890018 0.037128
vt 0.895563 0.037790
vt 0.895563 0.038930
vt 0.869668 0.891867
vt 0.467474 0.812064
vt 0.496494 0.870632
vt 0.502435 0.870390
vt 0.488571 0.870390
vt 0.488571 0.884431
vt 0.540659 0.900691
vt 0.534718 0.900691
vt 0.548582 0.900449
vt 0.548582 0.888625
vt 0.889105 0.027132
vt 0.895800 0.028495
vt 0.889105 0.036481
vt 0.901741 0.028499
vt 0.564831 0.274665
vt 0.564952 0.275157
vt 0.564439 0.274722
vt 0.564655 0.274491
vt 0.565942 0.273488
vt 0.566874 0.272976
vt 0.564414 0.276409
vt 0.563543 0.275776
vt 0.817934 0.505735
vt 0.827295 0.477520
vt 0.888871 0.478142
vt 0.858532 0.508144
vt 0.570863 0.267025
vt 0.567136 0.271480
vt 0.566475 0.272271
vt 0.565860 0.273005
vt 0.826338 0.461513
vt 0.893242 0.461513
vt 0.014636 0.446711
vt 0.000338 0.446539
vt 0.006790 0.431378
vt 0.143514 0.300106
vt 0.182887 0.318861
vt 0.843468 0.577568
vt 0.873883 0.508821
vt 0.548583 0.842199
vt 0.534718 0.885651
vt 0.546241 0.827432
vt 0.546241 0.820599
vt 0.548758 0.820087
vt 0.488571 0.886488
vt 0.548582 0.886328
vt 0.889105 0.038779
vt 0.430936 0.668839
vt 0.433836 0.671866
vt 0.436538 0.674977
vt 0.421414 0.687327
vt 0.416581 0.684814
vt 0.428629 0.738283
vt 0.422820 0.741262
vt 0.413390 0.719088
vt 0.415429 0.716064
vt 0.401623 0.713672
vt 0.400145 0.717296
vt 0.395481 0.715949
vt 0.396754 0.712377
vt 0.409403 0.690512
vt 0.406937 0.698639
vt 0.402256 0.696931
vt 0.405142 0.688830
vt 0.567241 0.847990
vt 0.570249 0.885976
vt 0.564236 0.909583
vt 0.550554 0.859255
vt 0.432005 0.740362
vt 0.425217 0.744147
vt 0.452655 0.685475
vt 0.451548 0.705251
vt 0.444600 0.704919
vt 0.442967 0.689242
vt 0.419985 0.702631
vt 0.421177 0.694870
vt 0.435660 0.667550
vt 0.437615 0.669952
vt 0.436933 0.671801
vt 0.434715 0.669495
vt 0.576069 0.887427
vt 0.607053 0.899944
vt 0.603639 0.905880
vt 0.570738 0.907601
vt 0.559127 0.969226
vt 0.603720 0.909354
vt 0.604077 0.911357
vt 0.561536 0.981350
vt 0.610930 0.988976
vt 0.614352 0.914968
vt 0.618130 0.914580
vt 0.628030 0.984994
vt 0.586761 0.988097
vt 0.609051 0.913508
vt 0.608516 0.863772
vt 0.612812 0.891814
vt 0.610412 0.894557
vt 0.587154 0.870177
vt 0.419318 0.649036
vt 0.431302 0.650792
vt 0.429578 0.654725
vt 0.427501 0.659149
vt 0.425799 0.663164
vt 0.415950 0.658491
vt 0.412433 0.745178
vt 0.400809 0.745859
vt 0.406826 0.718476
vt 0.413934 0.750176
vt 0.400236 0.751768
vt 0.602231 0.827235
vt 0.607738 0.859111
vt 0.582384 0.867593
vt 0.586511 0.838372
vt 0.415138 0.692708
vt 0.413465 0.700754
vt 0.408309 0.715021
vt 0.411682 0.682472
vt 0.407920 0.681031
vt 0.445506 0.725165
vt 0.550554 0.978894
vt 0.582717 0.999239
vt 0.609689 0.999662
vt 0.629399 0.995242
vt 0.555629 0.992414
vt 0.596877 0.799881
vt 0.587367 0.805064
vt 0.592122 0.802481
vt 0.446126 0.665529
vt 0.574811 0.810434
vt 0.561899 0.815544
vt 0.383928 0.748381
vt 0.386115 0.742241
vt 0.398500 0.768155
vt 0.378238 0.764355
vt 0.461792 0.643611
vt 0.482312 0.669258
vt 0.418181 0.763634
vt 0.451473 0.635757
vt 0.442943 0.661183
vt 0.439492 0.657303
vt 0.480759 0.710009
vt 0.442489 0.747519
vt 0.432585 0.751887
vt 0.476970 0.765969
vt 0.457637 0.771958
vt 0.534370 0.596743
vt 0.549878 0.676623
vt 0.429293 0.800970
vt 0.390398 0.811388
vt 0.465830 0.732698
vt 0.488808 0.566508
vt 0.362722 0.807910
vt 0.453302 0.566316
vt 0.449505 0.564295
vt 0.454527 0.550196
vt 0.459049 0.552534
vt 0.463751 0.571377
vt 0.457032 0.568461
vt 0.463519 0.554952
vt 0.476088 0.560190
vt 0.456790 0.626797
vt 0.470352 0.574654
vt 0.451203 0.623433
vt 0.438655 0.617366
vt 0.445425 0.620547
vt 0.441176 0.629636
vt 0.434696 0.627251
vt 0.420526 0.645643
vt 0.422140 0.646077
vt 0.431880 0.629996
vt 0.429031 0.636312
vt 0.430733 0.633350
vt 0.428218 0.624050
vt 0.429381 0.625946
vt 0.427765 0.625322
vt 0.428447 0.635390
vt 0.429770 0.632328
vt 0.427830 0.627656
vt 0.428162 0.628264
vt 0.427821 0.628263
vt 0.426716 0.628269
vt 0.428754 0.628583
vt 0.429575 0.628578
vt 0.430108 0.629414
vt 0.428880 0.629193
vt 0.430871 0.627927
vt 0.428755 0.626340
vt 0.427976 0.626880
vt 0.427139 0.627082
vt 0.426467 0.628968
vt 0.427568 0.634925
vt 0.428740 0.631700
vt 0.422049 0.645601
vt 0.421940 0.645174
vt 0.424639 0.634099
vt 0.420826 0.644802
vt 0.426035 0.630179
vt 0.420681 0.645209
vt 0.854840 0.834752
vt 0.855014 0.842179
vt 0.851886 0.842152
vt 0.851712 0.834724
vt 0.431076 0.656676
vt 0.433037 0.655986
vt 0.429355 0.661559
vt 0.429041 0.659875
vt 0.440958 0.665936
vt 0.435126 0.656274
vt 0.435512 0.653846
vt 0.439324 0.662750
vt 0.437543 0.661497
vt 0.855020 0.808551
vt 0.855282 0.810623
vt 0.852075 0.810792
vt 0.851717 0.808788
vt 0.437540 0.655507
vt 0.432288 0.665160
vt 0.433891 0.665886
vt 0.432366 0.667334
vt 0.431677 0.666374
vt 0.427455 0.664649
vt 0.428685 0.665972
vt 0.429850 0.667376
vt 0.459958 0.727486
vt 0.472902 0.715645
vt 0.454085 0.714016
vt 0.467707 0.717052
vt 0.459546 0.725652
vt 0.453519 0.723007
vt 0.451920 0.723946
vt 0.452319 0.711639
vt 0.430341 0.663379
vt 0.430990 0.665433
vt 0.429539 0.663804
vt 0.428506 0.662545
vt 0.539160 0.819466
vt 0.535426 0.821791
vt 0.534718 0.816317
vt 0.538517 0.812065
vt 0.539435 0.830466
vt 0.539103 0.834068
vt 0.535646 0.831010
vt 0.535887 0.829028
vt 0.854424 0.856636
vt 0.854366 0.861681
vt 0.851237 0.861653
vt 0.851296 0.856609
vt 0.854688 0.806549
vt 0.851237 0.806889
vt 0.854979 0.816109
vt 0.851851 0.816082
vt 0.854730 0.821622
vt 0.854666 0.827325
vt 0.851538 0.827297
vt 0.851602 0.821595
vt 0.854941 0.799921
vt 0.854995 0.802771
vt 0.851800 0.802836
vt 0.851813 0.799881
vt 0.854597 0.852400
vt 0.851443 0.852994
vt 0.431658 0.614394
vt 0.432060 0.613265
vt 0.432330 0.613506
vt 0.434608 0.613627
vt 0.436723 0.612891
vt 0.439943 0.612874
vt 0.449446 0.602500
vt 0.450820 0.599382
vt 0.454812 0.589942
vt 0.457339 0.581266
vt 0.455357 0.577226
vt 0.455124 0.577022
vt 0.441194 0.612913
vt 0.444775 0.611331
vt 0.447935 0.606127
vt 0.539803 0.826867
vt 0.536092 0.827043
vt 0.851591 0.849380
vt 0.854736 0.848993
vt 0.538540 0.841280
vt 0.534718 0.837986
vt 0.535281 0.835085
vt 0.538821 0.837674
vt 0.854875 0.845586
vt 0.851738 0.845766
vt 0.436834 0.657528
vt 0.437681 0.659438
vt 0.434793 0.666691
vt 0.371214 0.887813
vt 0.371528 0.886190
vt 0.372388 0.887189
vt 0.372570 0.887619
vt 0.374318 0.889370
vt 0.373833 0.889656
vt 0.373592 0.888905
vt 0.373771 0.888769
vt 0.386052 0.904531
vt 0.381866 0.898982
vt 0.385952 0.895347
vt 0.391199 0.894338
vt 0.889133 0.596611
vt 0.889297 0.596752
vt 0.889129 0.597056
vt 0.888700 0.596663
vt 0.888971 0.596438
vt 0.504518 0.821172
vt 0.504491 0.821218
vt 0.504405 0.821159
vt 0.504483 0.821098
vt 0.504548 0.821124
vt 0.901309 0.732740
vt 0.901309 0.732740
vt 0.901309 0.732740
vt 0.901308 0.732740
vt 0.901308 0.732740
vt 0.881124 0.573399
vt 0.880585 0.572894
vt 0.881281 0.571983
vt 0.882470 0.573126
vt 0.881695 0.573944
vt 0.444322 0.906983
vt 0.416595 0.945418
vt 0.354930 0.881019
vt 0.300721 0.868921
vt 0.329862 0.827990
vt 0.360235 0.869509
vt 0.372714 0.889609
vt 0.373269 0.888569
vt 0.371782 0.888965
vt 0.372866 0.888142
vt 0.374311 0.906585
vt 0.365133 0.894372
vt 0.369565 0.890948
vt 0.371963 0.892658
vt 0.377929 0.900724
vt 0.374746 0.891916
vt 0.381884 0.882054
vt 0.377904 0.888360
vt 0.377069 0.885355
vt 0.372802 0.867652
vt 0.374758 0.883392
vt 0.369937 0.872496
vt 0.372726 0.883537
vt 0.375870 0.891367
vt 0.376983 0.890218
vt 0.373394 0.888565
vt 0.373568 0.888767
vt 0.373684 0.888666
vt 0.372579 0.887077
vt 0.372814 0.887070
vt 0.372778 0.887148
vt 0.372618 0.887160
vt 0.372494 0.887227
vt 0.372622 0.887489
vt 0.372817 0.887480
vt 0.372762 0.887405
vt 0.372970 0.887245
vt 0.372864 0.887265
vt 0.373018 0.887453
vt 0.372870 0.887561
vt 0.372708 0.887657
vt 0.372907 0.887972
vt 0.373304 0.887627
vt 0.373170 0.887657
vt 0.373136 0.887945
vt 0.373366 0.887918
vt 0.373205 0.888037
vt 0.373042 0.888155
vt 0.373277 0.888438
vt 0.373474 0.888395
vt 0.373408 0.888319
vt 0.373636 0.888116
vt 0.373512 0.888137
vt 0.373066 0.887856
vt 0.373855 0.888532
vt 0.373753 0.888518
vt 0.373522 0.888461
vt 0.370601 0.959949
vt 0.444322 0.836421
vt 0.362687 0.879556
vt 0.364794 0.875538
vt 0.881039 0.574604
vt 0.880009 0.573907
vt 0.901308 0.732740
vt 0.901309 0.732740
vt 0.504616 0.821148
vt 0.504590 0.821264
vt 0.889157 0.596236
vt 0.889412 0.596505
vt 0.369460 0.885284
vt 0.368845 0.885388
vt 0.368574 0.888491
vt 0.369551 0.886381
vt 0.370418 0.886630
vt 0.369539 0.885022
vt 0.370043 0.885951
vt 0.370068 0.885946
vt 0.370056 0.885929
vt 0.370057 0.885928
vt 0.370069 0.885931
vt 0.370058 0.885927
vt 0.370076 0.885929
vt 0.370618 0.886147
vt 0.370801 0.886061
vt 0.370076 0.885909
vt 0.370391 0.885391
vt 0.369999 0.885900
vt 0.370053 0.885928
vt 0.370055 0.885925
vt 0.370056 0.885923
vt 0.376875 0.812065
vt 0.303261 0.939647
vt 0.880069 0.509626
vt 0.886843 0.509931
vt 0.886855 0.511998
vt 0.879962 0.511312
vt 0.874559 0.508821
vt 0.880199 0.509639
vt 0.874559 0.511372
vt 0.846206 0.530996
vt 0.838318 0.531446
vt 0.838449 0.529455
vt 0.846160 0.528973
vt 0.832432 0.530987
vt 0.832498 0.528731
vt 0.459540 0.870390
vt 0.467464 0.870632
vt 0.467226 0.872362
vt 0.459540 0.872694
vt 0.467209 0.870616
vt 0.473150 0.870558
vt 0.473178 0.872863
vt 0.898089 0.535781
vt 0.899753 0.552076
vt 0.894271 0.549972
vt 0.892374 0.536361
vt 0.548758 0.812577
vt 0.548758 0.819410
vt 0.546717 0.818994
vt 0.546241 0.812065
vt 0.895377 0.731862
vt 0.894126 0.744323
vt 0.887969 0.742793
vt 0.892602 0.730664
vt 0.512058 0.839495
vt 0.520880 0.837442
vt 0.521505 0.840185
vt 0.512588 0.842391
vt 0.894551 0.614062
vt 0.903702 0.612789
vt 0.903964 0.615989
vt 0.894703 0.617021
vt 0.878325 0.554328
vt 0.865885 0.545349
vt 0.871659 0.540103
vt 0.879852 0.552610
vt 0.494157 0.839750
vt 0.507382 0.840201
vt 0.507454 0.842834
vt 0.493992 0.842776
vt 0.897222 0.729182
vt 0.896175 0.726881
vt 0.892328 0.556861
vt 0.881655 0.555924
vt 0.881904 0.553848
vt 0.890656 0.553851
vt 0.912776 0.731223
vt 0.908004 0.727538
vt 0.908641 0.724671
vt 0.915024 0.727736
vt 0.874900 0.707996
vt 0.864753 0.715075
vt 0.874559 0.530156
vt 0.880199 0.530908
vt 0.886972 0.531054
vt 0.838357 0.508821
vt 0.832432 0.508846
vt 0.846253 0.509067
vt 0.516464 0.868611
vt 0.525554 0.866939
vt 0.467464 0.890708
vt 0.473404 0.890630
vt 0.459540 0.890917
vt 0.887008 0.640624
vt 0.889544 0.617009
vt 0.894884 0.640325
vt 0.904110 0.640624
vt 0.884066 0.550469
vt 0.884059 0.550476
vt 0.884046 0.550479
vt 0.884030 0.550459
vt 0.884054 0.550455
vt 0.915024 0.693628
vt 0.904282 0.693894
vt 0.883792 0.701904
vt 0.508616 0.869713
vt 0.864753 0.635857
vt 0.871448 0.613116
vt 0.876515 0.614641
vt 0.872189 0.638399
vt 0.493488 0.869713
vt 0.901317 0.732739
vt 0.901311 0.732732
vt 0.901312 0.732724
vt 0.901322 0.732738
vt 0.530475 0.862130
vt 0.530475 0.856482
vt 0.532772 0.856366
vt 0.532772 0.862013
vt 0.517767 0.870390
vt 0.525690 0.870445
vt 0.525441 0.872168
vt 0.517752 0.872446
vt 0.505604 0.824199
vt 0.507876 0.823350
vt 0.508861 0.825024
vt 0.505754 0.825861
vt 0.498870 0.821984
vt 0.497263 0.823730
vt 0.525430 0.870428
vt 0.531370 0.870391
vt 0.531389 0.872447
vt 0.877956 0.767951
vt 0.885877 0.768257
vt 0.885626 0.769977
vt 0.877937 0.770248
vt 0.883697 0.597275
vt 0.890018 0.600103
vt 0.890031 0.601806
vt 0.881956 0.598792
vt 0.885612 0.768238
vt 0.891551 0.767951
vt 0.891575 0.770248
vt 0.894997 0.013091
vt 0.889105 0.012673
vt 0.889148 0.010663
vt 0.895123 0.011035
vt 0.901663 0.011879
vt 0.901620 0.009621
vt 0.880512 0.567957
vt 0.876556 0.567946
vt 0.876022 0.565294
vt 0.880556 0.565273
vt 0.889306 0.571881
vt 0.891593 0.569495
vt 0.901304 0.732736
vt 0.901299 0.732735
vt 0.511732 0.817650
vt 0.513992 0.819076
vt 0.495276 0.816711
vt 0.492928 0.819811
vt 0.892599 0.599646
vt 0.897365 0.594008
vt 0.899529 0.596299
vt 0.893337 0.601342
vt 0.881185 0.591943
vt 0.878346 0.594736
vt 0.895450 0.582076
vt 0.899753 0.576042
vt 0.901303 0.732743
vt 0.901308 0.732746
vt 0.901315 0.732749
vt 0.907397 0.744285
vt 0.489093 0.839073
vt 0.525578 0.886301
vt 0.531521 0.886487
vt 0.517653 0.886487
vt 0.872350 0.610203
vt 0.877169 0.611727
vt 0.888608 0.588650
vt 0.885765 0.782377
vt 0.891705 0.782313
vt 0.877843 0.782071
vt 0.867408 0.574820
vt 0.878737 0.587973
vt 0.864753 0.570253
vt 0.901671 0.000338
vt 0.895015 0.001654
vt 0.889105 0.001687
vt 0.372863 0.886284
vt 0.372690 0.886208
vt 0.372874 0.886145
vt 0.372882 0.885947
vt 0.374886 0.888932
vt 0.374550 0.888985
vt 0.374719 0.888861
vt 0.374556 0.888800
vt 0.374442 0.888754
vt 0.374221 0.887152
vt 0.374352 0.887086
vt 0.374695 0.888064
vt 0.374538 0.888059
vt 0.374511 0.886997
vt 0.374640 0.886917
vt 0.375043 0.888062
vt 0.374873 0.888066
vt 0.373474 0.886582
vt 0.373558 0.886455
vt 0.373647 0.886308
vt 0.373716 0.886182
vt 0.372857 0.886421
vt 0.564154 0.273453
vt 0.564056 0.273560
vt 0.563176 0.272536
vt 0.563325 0.272418
vt 0.065495 0.453939
vt 0.074452 0.465281
vt 0.073491 0.471496
vt 0.059509 0.456829
vt 0.091936 0.452954
vt 0.106536 0.456642
vt 0.566239 0.270870
vt 0.563812 0.270418
vt 0.561888 0.268859
vt 0.568011 0.266208
vt 0.085270 0.464107
vt 0.088636 0.463450
vt 0.092476 0.466459
vt 0.087865 0.469053
vt 0.108744 0.457991
vt 0.558142 0.277878
vt 0.494429 0.326413
vt 0.520007 0.197964
vt 0.588364 0.201272
vt 0.563225 0.270727
vt 0.562093 0.270271
vt 0.562621 0.271323
vt 0.562622 0.271314
vt 0.562623 0.271313
vt 0.562623 0.271320
vt 0.561958 0.272427
vt 0.560872 0.271496
vt 0.561161 0.271319
vt 0.562016 0.272206
vt 0.560275 0.270861
vt 0.561281 0.270922
vt 0.562960 0.272395
vt 0.562930 0.272236
vt 0.562622 0.271311
vt 0.562627 0.271308
vt 0.562622 0.271306
vt 0.562619 0.271308
vt 0.562627 0.271326
vt 0.562625 0.271322
vt 0.562624 0.271316
vt 0.562621 0.271320
vt 0.562631 0.271307
vt 0.562631 0.271307
vt 0.562624 0.271299
vt 0.562624 0.271301
vt 0.562635 0.271319
vt 0.562622 0.271311
vt 0.156411 0.467478
vt 0.644196 0.597336
vt 0.630743 0.591987
vt 0.632031 0.576082
vt 0.654150 0.584882
vt 0.560192 0.271355
vt 0.470361 0.266936
vt 0.100211 0.474182
vt 0.562633 0.271326
vt 0.562623 0.271318
vt 0.562625 0.271346
vt 0.562618 0.271334
vt 0.562648 0.271352
vt 0.473382 0.255338
vt 0.564296 0.273292
vt 0.563826 0.271735
vt 0.093422 0.479048
vt 0.116795 0.510479
vt 0.619279 0.613051
vt 0.624801 0.623078
vt 0.622521 0.629413
vt 0.613402 0.613512
vt 0.637285 0.621967
vt 0.642058 0.627086
vt 0.607089 0.583702
vt 0.586161 0.544393
vt 0.632437 0.535781
vt 0.550554 0.581133
vt 0.617368 0.597794
vt 0.642128 0.611811
vt 0.651344 0.610810
vt 0.100248 0.513687
vt 0.032352 0.478028
vt 0.052359 0.480233
vt 0.041341 0.570905
vt 0.011370 0.581562
vt 0.185991 0.427380
vt 0.233176 0.420329
vt 0.261651 0.545669
vt 0.217163 0.548832
vt 0.088123 0.655879
vt 0.132986 0.691794
vt 0.134032 0.701438
vt 0.090135 0.667962
vt 0.198383 0.673014
vt 0.230407 0.658176
vt 0.232150 0.668550
vt 0.200178 0.683035
vt 0.036858 0.694747
vt 0.063907 0.683714
vt 0.063765 0.690387
vt 0.037812 0.700331
vt 0.235976 0.662716
vt 0.262862 0.661867
vt 0.263148 0.667449
vt 0.236841 0.667982
vt 0.157147 0.686386
vt 0.158885 0.695478
vt 0.084811 0.665152
vt 0.085328 0.668934
vt 0.675622 0.549292
vt 0.550554 0.725529
vt 0.583922 0.720961
vt 0.589562 0.753604
vt 0.561328 0.766560
vt 0.609847 0.777791
vt 0.641937 0.773552
vt 0.647665 0.792239
vt 0.605057 0.799204
vt 0.657164 0.766082
vt 0.668044 0.780052
vt 0.592787 0.772481
vt 0.579574 0.788365
vt 0.611149 0.758298
vt 0.643220 0.751509
vt 0.663871 0.653534
vt 0.700340 0.658630
vt 0.695966 0.721685
vt 0.664353 0.715700
vt 0.659770 0.745047
vt 0.842713 0.106857
vt 0.862213 0.110407
vt 0.864930 0.164522
vt 0.841674 0.161257
vt 0.615712 0.679880
vt 0.648099 0.677183
vt 0.646151 0.731649
vt 0.611507 0.735815
vt 0.864998 0.064941
vt 0.841489 0.061202
vt 0.818129 0.025694
vt 0.841643 0.030009
vt 0.817978 0.057462
vt 0.840681 0.000338
vt 0.820460 0.005299
vt 0.594384 0.659862
vt 0.706977 0.585631
vt 0.552139 0.661499
vt 0.089665 0.857051
vt 0.123786 0.847009
vt 0.129390 0.879386
vt 0.094220 0.887750
vt 0.194032 0.860007
vt 0.229012 0.852591
vt 0.236611 0.882492
vt 0.200394 0.889453
vt 0.162820 0.868188
vt 0.165952 0.898244
vt 0.259365 0.827065
vt 0.264647 0.855952
vt 0.054939 0.860997
vt 0.058053 0.890878
vt 0.293920 0.823245
vt 0.300044 0.852173
vt 0.232763 0.678120
vt 0.264107 0.676815
vt 0.039238 0.709753
vt 0.065599 0.700229
vt 0.201348 0.693822
vt 0.092753 0.678654
vt 0.136415 0.711816
vt 0.161038 0.705769
vt 0.847174 0.206935
vt 0.877289 0.197298
vt 0.817934 0.157991
vt 0.820759 0.189443
vt 0.822728 0.103307
vt 0.888428 0.167788
vt 0.884695 0.113955
vt 0.884762 0.066485
vt 0.865156 0.034325
vt 0.888428 0.038643
vt 0.872086 0.009950
vt 0.886818 0.018535
vt 0.562598 0.271295
vt 0.562607 0.271300
vt 0.562611 0.271303
vt 0.562611 0.271302
vt 0.562616 0.271302
vt 0.562613 0.271300
vt 0.562607 0.271294
vt 0.562591 0.271283
vt 0.562635 0.271309
vt 0.562646 0.271308
vt 0.563388 0.271590
vt 0.563090 0.272076
vt 0.563033 0.272113
vt 0.562089 0.272061
vt 0.561255 0.271045
vt 0.562621 0.271314
vt 0.562664 0.271335
vt 0.562650 0.271315
vt 0.562628 0.271310
vt 0.562626 0.271309
vt 0.561880 0.272646
vt 0.073967 0.543819
vt 0.061747 0.679537
vt 0.262555 0.657263
vt 0.035573 0.690321
vt 0.120215 0.597380
vt 0.087547 0.676789
vt 0.063372 0.695967
vt 0.038198 0.705200
vt 0.263646 0.672206
vt 0.237115 0.673248
vt 0.306137 0.235163
vt 0.379683 0.051172
vt 0.660911 0.000338
vt 0.350710 0.432852
vt 0.300721 0.279779
vt 0.371472 0.884010
vt 0.373653 0.888370
vt 0.372222 0.886244
vt 0.370032 0.885880
vt 0.370037 0.885898
vt 0.370049 0.885919
vt 0.370050 0.885922
vt 0.370047 0.885924
vt 0.870393 0.745818
vt 0.877165 0.746151
vt 0.877165 0.748218
vt 0.870393 0.748128
vt 0.865666 0.745879
vt 0.870156 0.746338
vt 0.870156 0.747491
vt 0.865666 0.747032
vt 0.859881 0.530493
vt 0.853108 0.530493
vt 0.853108 0.529338
vt 0.859881 0.529338
vt 0.852870 0.531311
vt 0.846929 0.531068
vt 0.846929 0.528763
vt 0.852870 0.528763
vt 0.445912 0.871207
vt 0.452685 0.871207
vt 0.452685 0.872362
vt 0.445912 0.872362
vt 0.889856 0.614155
vt 0.452923 0.870632
vt 0.458863 0.870632
vt 0.458863 0.872937
vt 0.452923 0.872937
vt 0.527095 0.862443
vt 0.526898 0.856744
vt 0.528273 0.856781
vt 0.528216 0.862671
vt 0.488704 0.842130
vt 0.864753 0.766335
vt 0.864753 0.747551
vt 0.870393 0.767087
vt 0.877165 0.767274
vt 0.852870 0.508821
vt 0.846929 0.508826
vt 0.860794 0.509031
vt 0.860794 0.529006
vt 0.452923 0.890708
vt 0.458863 0.890705
vt 0.444999 0.890917
vt 0.444999 0.872694
vt 0.884070 0.550460
vt 0.485615 0.868790
vt 0.848255 0.863300
vt 0.848255 0.867795
vt 0.847109 0.867853
vt 0.847109 0.863358
vt 0.901306 0.732742
vt 0.901308 0.732745
vt 0.516063 0.885912
vt 0.509290 0.885912
vt 0.509290 0.884763
vt 0.516063 0.884763
vt 0.509052 0.886488
vt 0.503112 0.886487
vt 0.503112 0.884431
vt 0.509052 0.884188
vt 0.878756 0.783871
vt 0.885530 0.783871
vt 0.885530 0.785018
vt 0.878756 0.785018
vt 0.885767 0.783296
vt 0.891708 0.783054
vt 0.891708 0.785351
vt 0.885767 0.785593
vt 0.895045 0.026456
vt 0.889105 0.026209
vt 0.889105 0.024155
vt 0.895045 0.023914
vt 0.900828 0.024904
vt 0.895283 0.025565
vt 0.895283 0.024425
vt 0.900828 0.023764
vt 0.901313 0.732745
vt 0.503079 0.812065
vt 0.509052 0.870632
vt 0.503112 0.870390
vt 0.516976 0.870390
vt 0.516976 0.884431
vt 0.885767 0.797417
vt 0.891708 0.797417
vt 0.877843 0.797174
vt 0.877843 0.785351
vt 0.901741 0.013768
vt 0.901741 0.023116
vt 0.895045 0.015130
vt 0.889105 0.015134
vt 0.564475 0.274307
vt 0.563938 0.274268
vt 0.565368 0.273012
vt 0.565710 0.272002
vt 0.562776 0.275020
vt 0.817934 0.417291
vt 0.858532 0.414882
vt 0.888871 0.444883
vt 0.827295 0.445506
vt 0.006416 0.461866
vt 0.182893 0.576645
vt 0.143081 0.595421
vt 0.686369 0.757418
vt 0.864753 0.745000
vt 0.860794 0.531068
vt 0.444999 0.870390
vt 0.526231 0.856366
vt 0.526231 0.863199
vt 0.528749 0.863711
vt 0.848813 0.868005
vt 0.846516 0.868121
vt 0.848813 0.862357
vt 0.846516 0.862474
vt 0.516976 0.886488
vt 0.877843 0.783054
vt 0.901741 0.025415
vt 0.397796 0.657034
vt 0.398819 0.678486
vt 0.393485 0.677377
vt 0.389575 0.658248
vt 0.393636 0.657546
vt 0.355679 0.712297
vt 0.379954 0.703427
vt 0.379622 0.707059
vt 0.358296 0.718277
vt 0.392163 0.710302
vt 0.391016 0.714044
vt 0.400777 0.687439
vt 0.397550 0.695295
vt 0.643163 0.833661
vt 0.663992 0.838162
vt 0.669010 0.893472
vt 0.654792 0.871850
vt 0.351749 0.711772
vt 0.354615 0.718997
vt 0.370451 0.656192
vt 0.375575 0.665235
vt 0.364399 0.676349
vt 0.358806 0.672213
vt 0.388899 0.683372
vt 0.384916 0.690139
vt 0.394951 0.653048
vt 0.394453 0.655152
vt 0.391277 0.655537
vt 0.391917 0.653673
vt 0.649577 0.875415
vt 0.661934 0.893519
vt 0.630450 0.902314
vt 0.625149 0.897094
vt 0.690563 0.951588
vt 0.691587 0.963921
vt 0.630806 0.908218
vt 0.630832 0.905757
vt 0.645621 0.984336
vt 0.621920 0.913782
vt 0.668836 0.977134
vt 0.626332 0.911050
vt 0.631941 0.862336
vt 0.619121 0.893166
vt 0.405364 0.655885
vt 0.406584 0.651697
vt 0.407771 0.646957
vt 0.408922 0.642820
vt 0.363868 0.727878
vt 0.385094 0.710734
vt 0.372444 0.735755
vt 0.359545 0.730801
vt 0.369152 0.740695
vt 0.621066 0.831823
vt 0.635726 0.858022
vt 0.394945 0.685515
vt 0.391155 0.692807
vt 0.386130 0.707120
vt 0.404094 0.679769
vt 0.350897 0.691463
vt 0.701562 0.958622
vt 0.675702 0.986892
vt 0.649628 0.994365
vt 0.700246 0.973089
vt 0.602258 0.800468
vt 0.607647 0.801039
vt 0.388120 0.644865
vt 0.621408 0.801140
vt 0.635588 0.800858
vt 0.360137 0.754488
vt 0.389839 0.617979
vt 0.357726 0.624877
vt 0.347746 0.738543
vt 0.402800 0.618418
vt 0.398460 0.642686
vt 0.393333 0.643511
vt 0.333165 0.657432
vt 0.339101 0.710689
vt 0.344013 0.720335
vt 0.300721 0.703184
vt 0.311913 0.720047
vt 0.363238 0.535781
vt 0.300721 0.587866
vt 0.315532 0.760445
vt 0.339081 0.793107
vt 0.330388 0.684449
vt 0.417655 0.541161
vt 0.445286 0.563460
vt 0.449547 0.549149
vt 0.433990 0.560775
vt 0.431504 0.544309
vt 0.444554 0.548196
vt 0.441040 0.562764
vt 0.404345 0.608115
vt 0.426804 0.559141
vt 0.410801 0.609040
vt 0.424359 0.612273
vt 0.421176 0.622435
vt 0.414648 0.620186
vt 0.417102 0.610457
vt 0.419002 0.644959
vt 0.421622 0.626342
vt 0.420391 0.629666
vt 0.419836 0.633036
vt 0.426119 0.624784
vt 0.421782 0.629483
vt 0.420872 0.632692
vt 0.426239 0.627090
vt 0.425863 0.627566
vt 0.425598 0.627350
vt 0.424938 0.627224
vt 0.424454 0.627616
vt 0.423363 0.627012
vt 0.424305 0.626701
vt 0.423713 0.625377
vt 0.426355 0.625486
vt 0.426617 0.626396
vt 0.422978 0.629647
vt 0.421847 0.632887
vt 0.419373 0.644647
vt 0.419728 0.644386
vt 0.846958 0.834752
vt 0.850086 0.834724
vt 0.849912 0.842152
vt 0.846784 0.842179
vt 0.405378 0.647521
vt 0.404932 0.651286
vt 0.403624 0.652393
vt 0.404294 0.645747
vt 0.391867 0.648448
vt 0.402493 0.644649
vt 0.403730 0.642524
vt 0.395147 0.647013
vt 0.397319 0.647168
vt 0.846778 0.808550
vt 0.850081 0.808788
vt 0.849723 0.810791
vt 0.846517 0.810623
vt 0.401108 0.642529
vt 0.399074 0.653328
vt 0.398780 0.654655
vt 0.397639 0.654963
vt 0.397374 0.652877
vt 0.399563 0.656587
vt 0.401353 0.656235
vt 0.403142 0.655987
vt 0.335690 0.666766
vt 0.338232 0.684124
vt 0.351298 0.677401
vt 0.346052 0.684724
vt 0.339711 0.682963
vt 0.338825 0.671140
vt 0.346698 0.686462
vt 0.354169 0.676675
vt 0.402062 0.654016
vt 0.399908 0.654360
vt 0.401709 0.653179
vt 0.403658 0.653693
vt 0.544921 0.833879
vt 0.544279 0.841280
vt 0.540479 0.837027
vt 0.541187 0.831554
vt 0.545197 0.822879
vt 0.541648 0.824316
vt 0.541408 0.822335
vt 0.544864 0.819277
vt 0.847374 0.856636
vt 0.850502 0.856608
vt 0.850561 0.861653
vt 0.847432 0.861681
vt 0.847110 0.806549
vt 0.850561 0.806889
vt 0.849947 0.816082
vt 0.846819 0.816109
vt 0.847068 0.821622
vt 0.850196 0.821595
vt 0.850261 0.827297
vt 0.847132 0.827325
vt 0.846857 0.799921
vt 0.849986 0.799881
vt 0.849998 0.802836
vt 0.846803 0.802770
vt 0.847201 0.852400
vt 0.850355 0.852994
vt 0.426403 0.607504
vt 0.428973 0.609621
vt 0.430316 0.611836
vt 0.437490 0.569835
vt 0.435900 0.569890
vt 0.431823 0.571773
vt 0.428560 0.580168
vt 0.425929 0.590073
vt 0.424772 0.595175
vt 0.424259 0.597201
vt 0.423710 0.603315
vt 0.425489 0.606806
vt 0.545564 0.826477
vt 0.541853 0.826301
vt 0.850207 0.849380
vt 0.847062 0.848993
vt 0.544301 0.812064
vt 0.544582 0.815671
vt 0.541042 0.818259
vt 0.540479 0.815358
vt 0.846923 0.845586
vt 0.850060 0.845766
vt 0.400377 0.644541
vt 0.398514 0.645486
vt 0.396166 0.652931
vt 0.529798 0.852782
vt 0.529796 0.855689
vt 0.527475 0.855689
vt 0.527478 0.852782
vt 0.529463 0.834961
vt 0.529764 0.838460
vt 0.527449 0.838593
vt 0.527091 0.835024
vt 0.529760 0.841155
vt 0.529773 0.844062
vt 0.527453 0.844062
vt 0.527439 0.841155
vt 0.529794 0.849875
vt 0.527474 0.849875
vt 0.529786 0.846969
vt 0.527465 0.846969
vt 0.529667 0.817906
vt 0.529405 0.820979
vt 0.527031 0.820950
vt 0.527346 0.817877
vt 0.528799 0.824086
vt 0.526282 0.824054
vt 0.529715 0.815000
vt 0.527394 0.814971
vt 0.528750 0.827306
vt 0.528792 0.830456
vt 0.526275 0.830508
vt 0.526231 0.827392
vt 0.892814 0.512040
vt 0.894708 0.513693
vt 0.893235 0.518221
vt 0.890980 0.516551
vt 0.896603 0.515345
vt 0.900729 0.518263
vt 0.900489 0.521444
vt 0.896190 0.520292
vt 0.898253 0.510079
vt 0.900067 0.512348
vt 0.900718 0.515178
vt 0.890114 0.510080
vt 0.888301 0.512349
vt 0.892732 0.508821
vt 0.895636 0.508821
vt 0.888465 0.517607
vt 0.887649 0.515179
vt 0.890554 0.520519
vt 0.894455 0.522929
vt 0.897566 0.523050
vt 0.529759 0.812094
vt 0.527438 0.812065
vt 0.534041 0.855660
vt 0.531721 0.855689
vt 0.531682 0.852782
vt 0.534003 0.852753
vt 0.533707 0.829886
vt 0.531335 0.829822
vt 0.531693 0.826254
vt 0.534008 0.826387
vt 0.534003 0.823692
vt 0.531683 0.823692
vt 0.531696 0.820785
vt 0.534017 0.820785
vt 0.534038 0.814971
vt 0.531717 0.814971
vt 0.531721 0.812065
vt 0.534041 0.812065
vt 0.531708 0.817878
vt 0.534029 0.817878
vt 0.533911 0.846940
vt 0.531590 0.846969
vt 0.531275 0.843897
vt 0.533649 0.843867
vt 0.530526 0.840792
vt 0.533042 0.840761
vt 0.533959 0.849847
vt 0.531638 0.849876
vt 0.532994 0.837541
vt 0.530475 0.837455
vt 0.530519 0.834339
vt 0.533035 0.834391
vt 0.511054 0.890383
vt 0.512889 0.894895
vt 0.510634 0.896564
vt 0.509161 0.892036
vt 0.507266 0.893688
vt 0.507678 0.898636
vt 0.503380 0.899788
vt 0.503140 0.896607
vt 0.505615 0.888423
vt 0.503802 0.890691
vt 0.503150 0.893521
vt 0.513754 0.888423
vt 0.515567 0.890692
vt 0.511137 0.887164
vt 0.508232 0.887164
vt 0.516219 0.893523
vt 0.515404 0.895950
vt 0.513315 0.898863
vt 0.509413 0.901273
vt 0.506303 0.901393
vt 0.342448 0.502604
vt 0.312500 0.500000
vt 0.340791 0.502460
vt 0.447463 0.570026
vt 0.447303 0.569929
vt 0.444154 0.569368
vt 0.442672 0.569557
vt 0.218750 0.500000
vt 0.441403 0.569747
vt 0.342448 0.747396
vt 0.451193 0.573666
vt 0.373698 0.684896
vt 0.449698 0.571572
vt 0.201687 0.500000
vt 0.374393 0.652942
vt 0.165290 0.748069
vt 0.245772 0.750000
vt 0.126302 0.684896
vt 0.166046 0.501866
vt 0.125933 0.667913
vt 0.334006 0.748130
vt 0.252038 0.500000
s 0
usemtl Skin
f 1260/1397/817 1267/1398/817 1192/1399/817 1152/1400/817
f 1267/1398/818 1261/1401/818 1153/1402/818 1192/1399/818
f 1186/1403/819 1268/1404/819 1199/1404/819 1146/1405/819
f 1268/1404/820 1260/1406/820 1152/1406/820 1199/1404/820
f 1185/1407/821 1269/1408/821 1195/1409/821 1155/1410/821
f 1269/1408/822 1259/1411/822 1148/1412/822 1195/1409/822
f 1259/1413/823 1270/1414/823 1198/1415/823 1148/1416/823
f 1270/1414/824 1186/1403/824 1146/1405/824 1198/1415/824
f 1177/1417/825 1243/1418/825 1271/1419/825 1258/1417/825
f 1258/1417/825 1271/1419/825 1245/1418/825 1179/1417/825
f 1271/1419/826 1217/1420/826 1165/1410/826 1245/1418/826
f 1243/1418/826 1155/1410/826 1217/1420/826 1271/1419/826
f 1150/1421/827 1189/1422/827 1272/1423/827 1216/1424/827
f 1216/1424/827 1272/1423/827 1204/1422/827 1160/1421/827
f 1272/1423/828 1215/1425/828 1157/1426/828 1204/1422/828
f 1189/1422/828 1147/1426/828 1215/1425/828 1272/1423/828
f 1146/1405/829 1199/1404/829 1273/1404/829 1187/1403/829
f 1187/1403/829 1273/1404/829 1214/1404/829 1156/1405/829
f 1273/1404/830 1188/1406/830 1162/1406/830 1214/1404/830
f 1199/1404/830 1152/1406/830 1188/1406/830 1273/1404/830
f 1152/1406/831 1192/1427/831 1274/1427/831 1188/1406/831
f 1188/1406/831 1274/1427/831 1207/1427/831 1162/1406/831
f 1274/1427/832 1191/1402/832 1163/1402/832 1207/1427/832
f 1192/1427/832 1153/1402/832 1191/1402/832 1274/1427/832
f 1266/1428/833 1275/1418/833 1243/1418/833 1177/1429/833
f 1275/1418/834 1185/1407/834 1155/1410/834 1243/1418/834
f 1263/1424/835 1276/1423/835 1189/1422/835 1150/1421/835
f 1276/1423/836 1200/1425/836 1147/1426/836 1189/1422/836
f 1265/1430/837 1277/1431/837 1242/1432/837 1176/1433/837
f 1277/1431/838 1264/1434/838 1154/1435/838 1242/1432/838
f 1200/1425/839 1278/1436/839 1197/1437/839 1147/1426/839
f 1278/1436/840 1201/1438/840 1149/1439/840 1197/1437/840
f 1264/1434/841 1279/1440/841 1194/1441/841 1154/1435/841
f 1279/1440/842 1263/1442/842 1150/1443/842 1194/1441/842
f 1201/1444/843 1280/1445/843 1190/1446/843 1149/1444/843
f 1280/1445/844 1262/1447/844 1151/1448/844 1190/1446/844
f 1159/1444/845 1205/1446/845 1281/1449/845 1238/1444/845
f 1238/1444/845 1281/1449/845 1225/1450/845 1169/1451/845
f 1281/1449/846 1235/1452/846 1171/1453/846 1225/1450/846
f 1205/1446/846 1161/1448/846 1235/1452/846 1281/1449/846
f 1178/1433/847 1244/1432/847 1282/1454/847 1257/1455/847
f 1257/1455/847 1282/1454/847 1249/1456/847 1183/1457/847
f 1282/1454/848 1236/1458/848 1174/1459/848 1249/1456/848
f 1244/1432/848 1164/1435/848 1236/1458/848 1282/1454/848
f 1179/1429/849 1245/1418/849 1283/1460/849 1256/1461/849
f 1256/1461/849 1283/1460/849 1250/1462/849 1184/1428/849
f 1283/1460/850 1202/1463/850 1175/1464/850 1250/1462/850
f 1245/1418/850 1165/1410/850 1202/1463/850 1283/1460/850
f 1160/1443/851 1204/1465/851 1284/1466/851 1203/1421/851
f 1203/1421/851 1284/1466/851 1224/1422/851 1170/1467/851
f 1284/1466/852 1206/1426/852 1167/1468/852 1224/1422/852
f 1204/1465/852 1157/1426/852 1206/1426/852 1284/1466/852
f 1176/1455/853 1242/1469/853 1285/1469/853 1255/1470/853
f 1255/1470/853 1285/1469/853 1244/1469/853 1178/1455/853
f 1285/1469/854 1219/1435/854 1164/1435/854 1244/1469/854
f 1242/1469/854 1154/1435/854 1219/1435/854 1285/1469/854
f 1149/1439/855 1190/1471/855 1286/1472/855 1220/1438/855
f 1220/1438/855 1286/1472/855 1205/1471/855 1159/1439/855
f 1286/1472/856 1218/1448/856 1161/1448/856 1205/1471/856
f 1190/1471/856 1151/1448/856 1218/1448/856 1286/1472/856
f 1147/1426/857 1197/1437/857 1287/1436/857 1215/1425/857
f 1215/1425/857 1287/1436/857 1212/1437/857 1157/1426/857
f 1287/1436/858 1220/1438/858 1159/1439/858 1212/1437/858
f 1197/1437/858 1149/1439/858 1220/1438/858 1287/1436/858
f 1154/1435/859 1194/1473/859 1288/1474/859 1219/1435/859
f 1219/1435/859 1288/1474/859 1209/1473/859 1164/1435/859
f 1288/1474/860 1216/1424/860 1160/1421/860 1209/1473/860
f 1194/1473/860 1150/1421/860 1216/1424/860 1288/1474/860
f 1148/1416/861 1198/1415/861 1289/1414/861 1221/1413/861
f 1221/1413/861 1289/1414/861 1213/1415/861 1158/1416/861
f 1289/1414/862 1187/1403/862 1156/1405/862 1213/1415/862
f 1198/1415/862 1146/1405/862 1187/1403/862 1289/1414/862
f 1155/1410/863 1195/1409/863 1290/1409/863 1217/1420/863
f 1217/1420/863 1290/1409/863 1210/1409/863 1165/1410/863
f 1290/1409/864 1221/1413/864 1158/1416/864 1210/1409/864
f 1195/1409/864 1148/1416/864 1221/1413/864 1290/1409/864
f 1184/1428/865 1254/1475/865 1291/1476/865 1231/1477/865
f 1231/1477/865 1291/1476/865 1225/1478/865 1171/1479/865
f 1291/1476/865 1223/1480/865 1169/1451/865 1225/1478/865
f 1254/1475/865 1181/1481/865 1223/1480/865 1291/1476/865
f 1182/1482/865 1253/1483/865 1292/1484/865 1226/1485/865
f 1226/1485/865 1292/1484/865 1229/1486/865 1170/1467/865
f 1292/1484/865 1249/1456/865 1174/1487/865 1229/1486/865
f 1253/1483/865 1183/1457/865 1249/1456/865 1292/1484/865
f 1180/1488/865 1252/1489/865 1293/1490/865 1222/1491/865
f 1222/1491/865 1293/1490/865 1224/1465/865 1167/1468/865
f 1293/1490/865 1226/1485/865 1170/1467/865 1224/1465/865
f 1252/1489/865 1182/1482/865 1226/1485/865 1293/1490/865
f 1181/1481/865 1251/1492/865 1294/1493/865 1223/1480/865
f 1223/1480/865 1294/1493/865 1232/1437/865 1169/1451/865
f 1294/1493/865 1222/1491/865 1167/1468/865 1232/1437/865
f 1251/1492/865 1180/1488/865 1222/1491/865 1294/1493/865
f 1157/1426/866 1212/1437/866 1295/1494/866 1206/1426/866
f 1206/1426/866 1295/1494/866 1232/1437/866 1167/1468/866
f 1295/1494/867 1238/1444/867 1169/1451/867 1232/1437/867
f 1212/1437/867 1159/1444/867 1238/1444/867 1295/1494/867
f 1164/1435/868 1209/1441/868 1296/1495/868 1236/1458/868
f 1236/1458/868 1296/1495/868 1229/1486/868 1174/1459/868
f 1296/1495/869 1203/1421/869 1170/1467/869 1229/1486/869
f 1209/1441/869 1160/1443/869 1203/1421/869 1296/1495/869
f 1158/1412/870 1213/1415/870 1297/1496/870 1240/1497/870
f 1240/1497/870 1297/1496/870 1233/1415/870 1168/1497/870
f 1297/1496/871 1239/1498/871 1166/1499/871 1233/1415/871
f 1213/1415/871 1156/1405/871 1239/1498/871 1297/1496/871
f 1165/1410/872 1210/1409/872 1298/1500/872 1202/1463/872
f 1202/1463/872 1298/1500/872 1230/1501/872 1175/1464/872
f 1298/1500/873 1240/1497/873 1168/1497/873 1230/1501/873
f 1210/1409/873 1158/1412/873 1240/1497/873 1298/1500/873
f 1162/1400/874 1207/1399/874 1299/1502/874 1241/1503/874
f 1241/1503/874 1299/1502/874 1227/1504/874 1172/1397/874
f 1299/1502/875 1237/1505/875 1173/1506/875 1227/1504/875
f 1207/1399/875 1163/1402/875 1237/1505/875 1299/1502/875
f 1156/1405/876 1214/1507/876 1300/1508/876 1239/1498/876
f 1239/1498/876 1300/1508/876 1234/1509/876 1166/1499/876
f 1300/1508/877 1241/1503/877 1172/1397/877 1234/1509/877
f 1214/1507/877 1162/1400/877 1241/1503/877 1300/1508/877
f 1168/1497/865 1233/1415/865 1301/1510/865 1247/1511/865
f 1247/1511/865 1301/1510/865 1251/1492/865 1181/1481/865
f 1301/1510/865 1246/1512/865 1180/1488/865 1251/1492/865
f 1233/1415/865 1166/1499/865 1246/1512/865 1301/1510/865
f 1166/1499/865 1234/1509/865 1302/1513/865 1246/1512/865
f 1246/1512/865 1302/1513/865 1252/1489/865 1180/1488/865
f 1302/1513/865 1248/1514/865 1182/1482/865 1252/1489/865
f 1234/1509/865 1172/1397/865 1248/1514/865 1302/1513/865
f 1172/1397/865 1227/1504/865 1303/1515/865 1248/1514/865
f 1248/1514/865 1303/1515/865 1253/1483/865 1182/1482/865
f 1303/1515/865 1228/1516/865 1183/1457/865 1253/1483/865
f 1227/1504/865 1173/1517/865 1228/1516/865 1303/1515/865
f 1175/1518/865 1230/1501/865 1304/1519/865 1250/1520/865
f 1250/1520/865 1304/1519/865 1254/1475/865 1184/1428/865
f 1304/1519/865 1247/1511/865 1181/1481/865 1254/1475/865
f 1230/1501/865 1168/1497/865 1247/1511/865 1304/1519/865
f 1153/1402/878 1193/1521/878 1305/1522/878 1191/1402/878
f 1191/1402/878 1305/1522/878 1208/1521/878 1163/1402/878
f 1305/1522/879 1255/1470/879 1178/1455/879 1208/1521/879
f 1193/1521/879 1176/1455/879 1255/1470/879 1305/1522/879
f 1161/1448/880 1211/1523/880 1306/1524/880 1235/1452/880
f 1235/1452/880 1306/1524/880 1231/1477/880 1171/1453/880
f 1306/1524/881 1256/1461/881 1184/1428/881 1231/1477/881
f 1211/1523/881 1179/1429/881 1256/1461/881 1306/1524/881
f 1163/1402/882 1208/1525/882 1307/1526/882 1237/1505/882
f 1237/1505/882 1307/1526/882 1228/1516/882 1173/1506/882
f 1307/1526/883 1257/1455/883 1183/1457/883 1228/1516/883
f 1208/1525/883 1178/1433/883 1257/1455/883 1307/1526/883
f 1261/1401/884 1308/1522/884 1193/1525/884 1153/1402/884
f 1308/1522/885 1265/1430/885 1176/1433/885 1193/1525/885
f 1262/1447/886 1309/1527/886 1196/1523/886 1151/1448/886
f 1309/1527/887 1266/1428/887 1177/1429/887 1196/1523/887
f 1151/1448/888 1196/1528/888 1310/1529/888 1218/1448/888
f 1218/1448/888 1310/1529/888 1211/1528/888 1161/1448/888
f 1310/1529/889 1258/1417/889 1179/1417/889 1211/1528/889
f 1196/1528/889 1177/1417/889 1258/1417/889 1310/1529/889
f 1513/1530/890 1314/1531/890 1448/1532/890 1512/1533/890
f 1328/1534/891 1495/1535/891 1447/1536/891 1459/1537/891
f 1327/1538/892 1455/1539/892 1312/1540/892 1326/1541/892
f 1536/1542/893 1336/1543/893 1489/1544/893 1491/1545/893 1337/1546/893
f 1344/1547/894 1509/1548/894 1325/1549/894 1487/1550/894 1335/1551/894
f 1343/1552/895 1507/1553/895 1482/1554/895 1484/1555/895 1508/1556/895
f 1535/1557/896 1506/1558/896 1479/1559/896 1480/1560/896 1334/1561/896
f 1455/1539/897 1327/1538/897 1541/1562/897 1538/1563/897
f 1510/1564/898 1499/1565/898 1346/1566/898 1542/1567/898
f 1459/1537/899 1447/1536/899 1313/1568/899 1464/1569/899
f 1464/1569/900 1313/1568/900 1454/1570/900 1465/1571/900
f 1465/1571/901 1454/1570/901 1314/1531/901 1513/1530/901
f 1453/1572/902 1319/1573/902 1466/1574/902 1452/1575/902
f 1319/1573/903 1464/1569/903 1465/1571/903 1466/1574/903
f 1446/1576/904 1458/1577/904 1319/1573/904 1453/1572/904
f 1458/1577/905 1459/1537/905 1464/1569/905 1319/1573/905
f 1315/1578/906 1462/1579/906 1463/1580/906 1455/1539/906
f 1456/1581/907 1318/1582/907 1462/1579/907 1315/1578/907
f 1450/1583/908 1460/1584/908 1318/1582/908 1456/1581/908
f 1326/1541/909 1500/1585/909 1458/1577/909 1446/1576/909
f 1500/1585/891 1328/1534/891 1459/1537/891 1458/1577/891
f 1455/1539/910 1463/1580/910 1461/1586/910 1312/1540/910
f 1447/1536/911 1469/1587/911 1468/1588/911 1313/1568/911
f 1495/1535/912 1329/1589/912 1469/1587/912 1447/1536/912
f 1494/1590/913 1330/1591/913 1471/1592/913 1451/1593/913
f 1314/1531/914 1321/1594/914 1320/1595/914 1448/1532/914
f 1496/1596/915 1331/1597/915 1321/1594/915 1314/1531/915
f 1451/1593/916 1471/1592/916 1472/1598/916 1316/1599/916
f 1496/1596/917 1504/1600/917 1473/1601/917 1316/1599/917
f 1454/1570/918 1475/1602/918 1474/1603/918 1314/1531/918
f 1316/1599/919 1473/1601/919 1322/1604/919 1317/1605/919
f 1497/1606/920 1332/1607/920 1323/1608/920 1317/1605/920
f 1313/1568/921 1477/1609/921 1476/1610/921 1454/1570/921
f 1498/1611/922 1333/1612/922 1477/1609/922 1313/1568/922
f 1317/1605/923 1323/1608/923 1478/1613/923 1457/1614/923
f 1457/1614/924 1478/1613/924 1333/1612/924 1498/1611/924
f 1454/1570/925 1476/1610/925 1332/1607/925 1497/1606/925
f 1317/1605/926 1322/1604/926 1505/1615/926 1497/1606/926
f 1314/1531/927 1474/1603/927 1504/1600/927 1496/1596/927
f 1316/1599/928 1472/1598/928 1331/1597/928 1496/1596/928
f 1448/1532/929 1320/1595/929 1330/1591/929 1494/1590/929
f 1449/1616/930 1470/1617/930 1329/1589/930 1495/1535/930
f 1313/1568/931 1468/1588/931 1503/1618/931 1498/1611/931
f 1312/1540/932 1461/1586/932 1500/1585/932 1326/1541/932
f 1327/1538/933 1453/1572/933 1345/1619/933 1541/1562/933
f 1315/1578/934 1455/1539/934 1538/1563/934 1539/1620/934
f 1338/1621/935 1493/1622/935 1499/1565/935 1510/1564/935
f 1506/1558/936 1535/1557/936 1334/1561/936 1481/1623/936 1324/1624/936
f 1507/1553/937 1343/1552/937 1508/1556/937 1485/1625/937 1483/1626/937
f 1509/1548/938 1344/1547/938 1335/1551/938 1488/1627/938 1486/1628/938
f 1336/1543/939 1536/1542/939 1337/1546/939 1492/1629/939 1490/1630/939
f 1453/1572/940 1327/1538/940 1326/1541/940 1446/1576/940
f 1338/1621/941 1510/1564/941 1514/1631/941 1517/1632/941
f 1511/1633/942 1513/1530/942 1340/1634/942 1339/1635/942
f 1510/1564/943 1511/1633/943 1339/1635/943 1514/1631/943
f 1493/1622/944 1338/1621/944 1517/1632/944 1518/1636/944
f 1339/1635/945 1340/1634/945 1522/1637/945 1520/1638/945
f 1522/1637/946 1523/1639/946 1529/1640/946 1342/1641/946
f 1523/1639/947 1341/1642/947 1533/1643/947 1529/1640/947
f 1515/1644/948 1519/1645/948 1341/1642/948 1523/1639/948
f 1519/1645/949 1516/1646/949 1526/1647/949 1341/1642/949
f 1514/1631/950 1339/1635/950 1520/1638/950 1521/1648/950
f 1527/1649/951 1342/1641/951 1529/1640/951 1530/1650/951
f 1341/1642/952 1526/1647/952 1534/1651/952 1533/1643/952
f 1520/1638/953 1522/1637/953 1342/1641/953 1527/1649/953
f 1456/1581/954 1315/1578/954 1539/1620/954 1540/1652/954
f 1499/1565/955 1456/1581/955 1540/1652/955 1346/1566/955
f 1453/1572/956 1452/1575/956 1537/1653/956 1345/1619/956
f 1775/1654/957 1546/1655/957 1354/1656/957 1562/1657/957
f 1347/1658/958 1777/1659/958 1546/1655/958 1775/1660/958
f 1778/1661/958 1349/1662/958 1547/1663/958 1348/1664/958
f 1348/1664/959 1547/1663/959 1565/1665/959 1566/1666/959
f 1350/1667/958 1351/1668/958 1551/1669/958 1780/1670/958
f 1780/1670/960 1551/1669/960 1569/1671/960 1570/1672/960
f 1782/1673/961 1353/1674/961 1571/1675/961 1572/1676/961
f 1352/1677/958 1783/1678/958 1353/1679/958 1782/1680/958
f 1355/1681/962 1356/1682/962 1777/1683/962 1347/1684/962
f 1563/1685/963 1564/1686/963 1349/1687/963 1778/1688/963
f 1568/1689/963 1567/1690/963 1351/1691/963 1350/1692/963
f 1574/1693/964 1573/1694/964 1783/1695/964 1352/1696/964
f 1579/1697/965 1580/1698/965 1357/1699/965 1581/1700/965
f 1576/1701/966 1575/1702/966 1356/1682/966 1355/1681/966
f 1581/1700/967 1357/1699/967 1564/1686/967 1563/1685/967
f 1358/1703/968 1584/1704/968 1558/1705/968 1557/1706/968
f 1562/1707/969 1354/1708/969 1578/1709/969 1577/1710/969
f 1572/1676/970 1571/1675/970 1584/1704/970 1358/1703/970
f 1331/1711/962 1472/1712/962 1777/1683/962 1356/1682/962
f 1472/1713/958 1471/1714/958 1546/1655/958 1777/1659/958
f 1471/1714/971 1330/1715/971 1354/1656/971 1546/1655/971
f 1473/1716/972 1504/1717/972 1565/1665/972 1547/1663/972
f 1322/1718/958 1473/1716/958 1547/1663/958 1349/1662/958
f 1505/1719/963 1322/1720/963 1349/1687/963 1564/1686/963
f 1323/1721/973 1332/1722/973 1569/1671/973 1551/1669/973
f 1478/1723/958 1323/1721/958 1551/1669/958 1351/1668/958
f 1477/1724/974 1333/1725/974 1567/1690/974 1554/1726/974
f 1333/1725/963 1478/1727/963 1351/1691/963 1567/1690/963
f 1469/1728/975 1329/1729/975 1573/1694/975 1558/1705/975
f 1329/1729/964 1470/1730/964 1783/1695/964 1573/1694/964
f 1470/1730/958 1467/1731/958 1353/1674/958 1783/1695/958
f 1467/1731/961 1503/1732/961 1571/1675/961 1353/1674/961
f 1330/1733/976 1320/1734/976 1578/1709/976 1354/1708/976
f 1321/1735/977 1331/1711/977 1356/1682/977 1575/1702/977
f 1475/1736/978 1505/1719/978 1564/1686/978 1357/1699/978
f 1332/1737/979 1476/1738/979 1583/1739/979 1569/1740/979
f 1320/1734/980 1321/1735/980 1575/1702/980 1578/1709/980
f 1474/1741/981 1475/1736/981 1357/1699/981 1580/1698/981
f 1784/1742/982 1785/1743/982 1614/1744/982 1366/1745/982
f 1786/1746/958 1787/1747/958 1785/1748/958 1784/1749/958
f 1789/1750/958 1360/1751/958 1594/1752/958 1788/1753/958
f 1596/1754/983 1597/1755/983 1617/1756/983 1367/1757/983
f 1359/1758/984 1593/1759/984 1597/1755/984 1596/1754/984
f 1788/1760/985 1594/1752/985 1368/1761/985 1618/1762/985
f 1362/1763/958 1363/1764/958 1601/1765/958 1791/1766/958
f 1361/1767/986 1600/1768/986 1604/1769/986 1603/1770/986
f 1791/1766/987 1601/1765/987 1369/1771/987 1370/1772/987
f 1365/1773/988 1613/1774/988 1371/1775/988 1621/1776/988
f 1794/1777/958 1795/1778/958 1613/1774/958 1365/1773/958
f 1364/1779/989 1607/1780/989 1622/1781/989 1623/1782/989
f 1608/1783/990 1609/1784/990 1607/1780/990 1364/1779/990
f 1366/1745/991 1614/1744/991 1588/1785/991 1587/1786/991
f 1367/1757/963 1617/1756/963 1360/1787/963 1789/1788/963
f 1618/1789/992 1368/1790/992 1593/1759/992 1359/1758/992
f 1620/1791/963 1619/1792/963 1363/1793/963 1362/1794/963
f 1370/1795/993 1369/1796/993 1600/1768/993 1361/1767/993
f 1621/1797/994 1371/1798/994 1609/1784/994 1608/1783/994
f 1576/1701/995 1355/1681/995 1615/1799/995 1586/1800/995
f 1366/1745/961 1587/1786/961 1482/1554/961 1507/1553/961
f 1355/1681/962 1347/1684/962 1787/1801/962 1615/1799/962
f 1347/1684/958 1775/1802/958 1785/1743/958 1787/1801/958
f 1784/1742/982 1366/1745/982 1507/1553/982 1483/1626/982
f 1359/1758/996 1596/1754/996 1487/1550/996 1325/1549/996
f 1566/1803/997 1579/1697/997 1593/1759/997 1368/1790/997
f 1618/1789/961 1359/1758/961 1325/1549/961 1509/1548/961
f 1348/1804/998 1566/1805/998 1368/1761/998 1594/1752/998
f 1778/1806/958 1348/1804/958 1594/1752/958 1360/1751/958
f 1596/1754/891 1367/1757/891 1335/1551/891 1487/1550/891
f 1563/1685/963 1778/1688/963 1360/1787/963 1617/1756/963
f 1367/1757/963 1789/1788/963 1488/1627/963 1335/1551/963
f 1361/1767/999 1603/1770/999 1491/1545/999 1489/1544/999
f 1570/1807/1000 1582/1808/1000 1600/1768/1000 1369/1796/1000
f 1370/1795/961 1361/1767/961 1489/1544/961 1336/1543/961
f 1791/1809/961 1370/1795/961 1336/1543/961 1490/1630/961
f 1780/1810/1001 1570/1811/1001 1369/1771/1001 1601/1765/1001
f 1362/1794/958 1791/1809/958 1490/1630/958 1492/1629/958
f 1350/1812/958 1780/1810/958 1601/1765/958 1363/1764/958
f 1603/1770/891 1620/1791/891 1337/1546/891 1491/1545/891
f 1568/1689/963 1350/1692/963 1363/1793/963 1619/1792/963
f 1620/1791/963 1362/1794/963 1492/1629/963 1337/1546/963
f 1364/1779/891 1623/1782/891 1334/1561/891 1480/1560/891
f 1358/1703/1002 1557/1706/1002 1607/1780/1002 1609/1784/1002
f 1608/1783/1003 1364/1779/1003 1480/1560/1003 1479/1559/1003
f 1572/1676/1004 1358/1703/1004 1609/1784/1004 1371/1798/1004
f 1794/1813/958 1365/1814/958 1324/1624/958 1481/1623/958
f 1574/1693/964 1352/1696/964 1795/1815/964 1622/1781/964
f 1352/1816/958 1782/1817/958 1613/1774/958 1795/1778/958
f 1623/1782/964 1794/1813/964 1481/1623/964 1334/1561/964
f 1365/1814/961 1621/1797/961 1506/1558/961 1324/1624/961
f 1782/1817/1005 1572/1818/1005 1371/1775/1005 1613/1774/1005
f 1627/1819/1006 1372/1820/1006 1626/1821/1006
f 1372/1820/1006 1625/1822/1006 1626/1821/1006
f 1628/1823/963 1630/1824/963 1373/1825/963
f 1630/1824/963 1374/1826/963 1373/1825/963
f 1374/1826/963 1629/1827/963 1373/1825/963
f 1633/1828/1007 1378/1829/1007 1637/1830/1007 1635/1831/1007
f 1634/1832/1008 1638/1833/1008 1636/1834/1008 1377/1835/1008
f 1376/1836/1009 1633/1828/1009 1635/1831/1009 1632/1837/1009
f 1631/1838/1010 1634/1832/1010 1377/1835/1010 1375/1839/1010
f 1624/1840/1011 1376/1836/1011 1632/1837/1011 1627/1819/1011
f 1627/1819/1012 1632/1837/1012 1631/1838/1012 1372/1820/1012
f 1372/1820/1013 1631/1838/1013 1375/1839/1013 1625/1822/1013
f 1378/1829/1014 1629/1827/1014 1374/1826/1014 1637/1830/1014
f 1637/1830/1015 1374/1826/1015 1630/1824/1015 1638/1833/1015
f 1624/1840/1016 1451/1593/1016 1316/1599/1016 1376/1836/1016
f 1460/1584/1017 1625/1822/1017 1375/1839/1017 1318/1582/1017
f 1629/1827/963 1449/1616/963 1495/1535/963 1328/1534/963 1373/1825/963
f 1378/1829/1018 1457/1614/1018 1449/1616/1018 1629/1827/1018
f 1628/1823/963 1373/1825/963 1328/1534/963 1500/1585/963 1461/1586/963
f 1376/1836/1019 1316/1599/1019 1317/1605/1019 1633/1828/1019
f 1318/1582/1020 1375/1839/1020 1377/1835/1020 1462/1579/1020
f 1633/1828/1021 1317/1605/1021 1457/1614/1021 1378/1829/1021
f 1462/1579/1022 1377/1835/1022 1636/1834/1022 1463/1580/1022
f 1403/1841/1023 1672/1842/1023 1751/1843/1023 1640/1844/1023
f 1444/1845/1024 1667/1846/1024 1681/1847/1024 1774/1848/1024
f 1443/1849/1025 1666/1850/1025 1388/1851/1025 1440/1852/1025
f 1663/1853/1026 1665/1854/1026 1386/1855/1026 1646/1856/1026
f 1445/1857/1027 1670/1858/1027 1643/1859/1027 1441/1860/1027
f 1666/1850/1028 1402/1861/1028 1400/1862/1028 1388/1851/1028
f 1664/1863/1029 1401/1864/1029 1390/1865/1029 1385/1866/1029
f 1665/1854/1030 1668/1867/1030 1645/1868/1030 1386/1855/1030
f 1386/1855/1031 1395/1869/1031 1648/1870/1031 1646/1856/1031
f 1743/1871/1032 1396/1872/1032 1651/1873/1032 1742/1874/1032
f 1642/1875/1033 1394/1876/1033 1649/1877/1033 1392/1878/1033
f 1669/1879/1034 1674/1880/1034 1395/1869/1034 1386/1855/1034
f 1380/1881/1035 1393/1882/1035 1394/1876/1035 1642/1875/1035
f 1747/1883/1036 1397/1884/1036 1657/1885/1036 1432/1886/1036
f 1404/1887/1037 1739/1888/1037 1654/1889/1037 1431/1890/1037
f 1675/1891/1038 1405/1892/1038 1398/1893/1038 1653/1894/1038
f 1431/1890/1039 1654/1889/1039 1397/1884/1039 1747/1883/1039
f 1653/1894/1040 1398/1893/1040 1656/1895/1040 1652/1896/1040
f 1402/1861/1041 1678/1897/1041 1407/1898/1041 1400/1862/1041
f 1422/1899/1042 1685/1900/1042 1409/1901/1042 1731/1902/1042
f 1755/1903/1043 1644/1904/1043 1401/1864/1043 1664/1863/1043
f 1643/1859/1044 1406/1905/1044 1402/1861/1044 1666/1850/1044
f 1441/1860/1045 1643/1859/1045 1666/1850/1045 1443/1849/1045
f 1442/1906/1046 1389/1907/1046 1667/1846/1046 1444/1845/1046
f 1432/1886/1047 1657/1885/1047 1405/1892/1047 1675/1891/1047
f 1650/1908/1048 1655/1909/1048 1739/1888/1048 1404/1887/1048
f 1430/1910/1049 1404/1887/1049 1431/1890/1049 1749/1911/1049
f 1745/1912/1050 1650/1908/1050 1404/1887/1050 1430/1910/1050
f 1386/1855/1051 1645/1868/1051 1671/1913/1051 1669/1879/1051
f 1774/1848/1052 1681/1847/1052 1670/1858/1052 1445/1857/1052
f 1641/1914/1053 1639/1915/1053 1672/1842/1053 1403/1841/1053
f 1643/1859/1054 1670/1858/1054 1680/1916/1054 1406/1905/1054
f 1406/1905/1055 1677/1917/1055 1678/1897/1055 1402/1861/1055
f 1423/1918/1056 1410/1919/1056 1687/1920/1056 1729/1921/1056
f 1729/1921/1057 1687/1920/1057 1688/1922/1057 1421/1923/1057
f 1409/1901/1058 1702/1924/1058 1704/1925/1058 1689/1926/1058
f 1689/1926/1059 1704/1925/1059 1703/1927/1059 1410/1919/1059
f 1732/1928/1060 1689/1926/1060 1410/1919/1060 1423/1918/1060
f 1730/1929/1061 1686/1930/1061 1685/1900/1061 1422/1899/1061
f 1731/1902/1062 1409/1901/1062 1689/1926/1062 1732/1928/1062
f 1406/1905/1063 1680/1916/1063 1676/1931/1063 1677/1917/1063
f 1421/1923/1064 1688/1922/1064 1686/1930/1064 1730/1929/1064
f 1682/1932/1065 1411/1933/1065 1690/1934/1065 1684/1935/1065
f 1683/1936/1066 1692/1937/1066 1411/1938/1066 1682/1939/1066
f 1439/1940/1067 1767/1941/1067 1414/1942/1067 1758/1943/1067
f 1759/1944/1068 1698/1945/1068 1438/1946/1068 1769/1947/1068
f 1756/1948/1069 1696/1949/1069 1412/1950/1069 1770/1951/1069
f 1434/1952/1070 1413/1953/1070 1696/1954/1070 1756/1955/1070
f 1758/1943/1071 1414/1942/1071 1699/1956/1071 1760/1957/1071
f 1770/1951/1072 1412/1950/1072 1697/1958/1072 1757/1959/1072
f 1685/1900/1073 1700/1960/1073 1702/1924/1073 1409/1901/1073
f 1721/1961/1074 1415/1962/1074 1708/1963/1074 1719/1964/1074
f 1711/1965/1075 1710/1966/1075 1713/1967/1075 1416/1968/1075
f 1416/1968/1076 1713/1967/1076 1716/1969/1076 1712/1970/1076
f 1415/1962/1077 1715/1971/1077 1714/1972/1077 1708/1963/1077
f 1705/1973/1078 1711/1965/1078 1416/1968/1078 1707/1974/1078
f 1726/1975/1079 1718/1976/1079 1722/1977/1079 1420/1978/1079
f 1707/1974/1080 1416/1968/1080 1712/1970/1080 1706/1979/1080
f 1428/1980/1081 1429/1981/1081 1737/1982/1081 1736/1983/1081
f 1727/1984/1082 1720/1985/1082 1717/1986/1082 1419/1987/1082
f 1723/1988/1083 1724/1989/1083 1428/1980/1083 1736/1983/1083
f 1415/1990/1084 1721/1991/1084 1724/1989/1084 1417/1992/1084
f 1419/1987/1085 1717/1986/1085 1718/1976/1085 1726/1975/1085
f 1710/1993/891 1715/1994/891 1415/1990/891 1417/1992/891
f 1688/1922/1086 1419/1987/1086 1726/1975/1086 1686/1930/1086
f 1687/1920/1087 1727/1984/1087 1419/1987/1087 1688/1922/1087
f 1410/1919/1088 1725/1995/1088 1727/1984/1088 1687/1920/1088
f 1686/1930/1089 1726/1975/1089 1420/1978/1089 1701/1996/1089
f 1703/1927/1090 1728/1997/1090 1725/1995/1090 1410/1919/1090
f 1427/1998/1091 1421/1999/1091 1730/2000/1091 1424/2001/1091
f 1735/2002/1092 1731/2003/1092 1732/2004/1092 1426/2005/1092
f 1424/2001/1093 1730/2000/1093 1422/2006/1093 1734/2007/1093
f 1426/2005/1094 1732/2004/1094 1423/2008/1094 1425/2009/1094
f 1733/2010/1095 1729/2011/1095 1421/1999/1095 1427/1998/1095
f 1425/2009/1096 1423/2008/1096 1729/2012/1096 1733/2013/1096
f 1734/2007/1097 1422/2006/1097 1731/2003/1097 1735/2002/1097
f 1768/2014/1098 1425/2009/1098 1733/2013/1098 1761/2015/1098
f 1761/2016/1099 1733/2010/1099 1427/1998/1099 1772/2017/1099
f 1437/2018/1100 1426/2005/1100 1425/2009/1100 1768/2014/1100
f 1766/2019/1101 1424/2001/1101 1734/2007/1101 1762/2020/1101
f 1763/2021/1102 1735/2002/1102 1426/2005/1102 1437/2018/1102
f 1772/2017/1103 1427/1998/1103 1424/2001/1103 1766/2019/1103
f 1702/2022/1104 1700/2023/1104 1737/1982/1104 1429/1981/1104
f 1703/2024/1105 1704/2025/1105 1702/2022/1105 1429/1981/1105
f 1428/1980/1106 1728/2026/1106 1703/2024/1106 1429/1981/1106
f 1701/2027/1107 1420/2028/1107 1736/1983/1107 1737/1982/1107
f 1428/1980/1108 1724/1989/1108 1721/1991/1108 1728/2026/1108
f 1722/2029/1109 1723/1988/1109 1736/1983/1109 1420/2028/1109
f 1417/1992/1110 1724/1989/1110 1723/1988/1110 1418/2030/1110
f 1722/2029/1111 1709/2031/1111 1418/2030/1111 1723/1988/1111
f 1713/2032/891 1710/1993/891 1417/1992/891 1418/2030/891
f 1709/2031/891 1716/2033/891 1713/2032/891 1418/2030/891
f 1398/1893/1112 1405/1892/1112 1541/2034/1112 1345/2035/1112
f 1405/1892/1113 1657/1885/1113 1538/2036/1113 1541/2034/1113
f 1657/1885/1114 1397/1884/1114 1539/2037/1114 1538/2036/1114
f 1397/1884/1115 1654/1889/1115 1540/2038/1115 1539/2037/1115
f 1654/1889/1116 1739/1888/1116 1346/2039/1116 1540/2038/1116
f 1739/1888/1117 1655/1909/1117 1542/2040/1117 1346/2039/1117
f 1656/1895/1118 1398/1893/1118 1345/2035/1118 1537/2041/1118
f 1748/2042/1119 1432/1886/1119 1675/1891/1119 1746/2043/1119
f 1647/2044/1120 1745/1912/1120 1430/1910/1120 1673/2045/1120
f 1673/2045/1121 1430/1910/1121 1749/1911/1121 1754/2046/1121
f 1752/2047/1122 1433/2048/1122 1748/2042/1122 1753/2049/1122
f 1395/1869/1123 1740/2050/1123 1744/2051/1123 1648/1870/1123
f 1674/1880/1124 1746/2043/1124 1740/2050/1124 1395/1869/1124
f 1754/2046/1125 1749/1911/1125 1433/2048/1125 1752/2047/1125
f 1651/1873/1126 1396/1872/1126 1431/1890/1126 1747/1883/1126
f 1741/2052/1127 1738/2053/1127 1432/1886/1127 1748/2042/1127
f 1742/1874/1128 1741/2052/1128 1748/2042/1128 1433/2048/1128
f 1743/1871/1129 1742/1874/1129 1433/2048/1129 1749/1911/1129
f 1738/2053/1130 1651/1873/1130 1747/1883/1130 1432/1886/1130
f 1396/1872/1131 1743/1871/1131 1749/1911/1131 1431/1890/1131
f 1380/1881/1132 1642/1875/1132 1750/2054/1132 1751/1843/1132
f 1649/1877/1133 1394/1876/1133 1752/2047/1133 1753/2049/1133
f 1394/1876/1134 1393/1882/1134 1754/2046/1134 1752/2047/1134
f 1392/1878/1135 1649/1877/1135 1753/2049/1135 1755/1903/1135
f 1642/1875/1136 1392/1878/1136 1755/1903/1136 1750/2054/1136
f 1393/1882/1137 1380/1881/1137 1751/1843/1137 1754/2046/1137
f 1690/1934/1138 1435/2055/1138 1439/1940/1138 1691/2056/1138
f 1692/1937/1139 1769/1947/1139 1771/2057/1139 1411/1938/1139
f 1411/1933/1140 1771/2058/1140 1435/2055/1140 1690/1934/1140
f 1691/2056/1141 1439/1940/1141 1758/1943/1141 1693/2059/1141
f 1412/1950/1142 1765/2060/1142 1436/2061/1142 1697/1958/1142
f 1699/1956/1143 1763/2021/1143 1437/2018/1143 1698/1945/1143
f 1767/1941/1144 1766/2019/1144 1762/2020/1144 1414/1942/1144
f 1698/1945/1145 1437/2018/1145 1768/2014/1145 1438/1946/1145
f 1696/1949/1146 1773/2062/1146 1765/2060/1146 1412/1950/1146
f 1413/1953/1147 1764/2063/1147 1773/2064/1147 1696/1954/1147
f 1414/1942/1148 1762/2020/1148 1763/2021/1148 1699/1956/1148
f 1697/1958/1149 1436/2061/1149 1766/2019/1149 1767/1941/1149
f 1764/2063/1150 1413/1953/1150 1438/1946/1150 1768/2014/1150
f 1757/1959/1151 1697/1958/1151 1767/1941/1151 1439/1940/1151
f 1413/1953/1152 1434/1952/1152 1769/1947/1152 1438/1946/1152
f 1770/1951/1153 1757/1959/1153 1439/1940/1153 1435/2055/1153
f 1434/1952/1154 1756/1955/1154 1771/2057/1154 1769/1947/1154
f 1756/1948/1155 1770/1951/1155 1435/2055/1155 1771/2058/1155
f 1436/2061/1156 1765/2060/1156 1772/2017/1156 1766/2019/1156
f 1645/1868/1157 1774/2065/1157 1445/2066/1157 1671/1913/1157
f 1391/2067/1158 1442/2068/1158 1444/2069/1158 1668/1867/1158
f 1644/1904/1159 1441/2070/1159 1443/2071/1159 1401/1864/1159
f 1671/1913/1160 1445/2066/1160 1441/2070/1160 1644/1904/1160
f 1401/1864/1161 1443/2071/1161 1440/2072/1161 1390/1865/1161
f 1668/1867/1162 1444/2069/1162 1774/2065/1162 1645/1868/1162
f 1493/1622/1163 1450/1583/1163 1456/1581/1163 1499/1565/1163
f 1452/1575/1164 1466/1574/1164 1511/1633/1164 1510/1564/1164
f 1466/1574/1165 1465/1571/1165 1513/1530/1165 1511/1633/1165
f 1493/1622/1166 1501/2073/1166 1460/1584/1166 1450/1583/1166
f 1498/1611/1167 1503/1618/1167 1467/2074/1167 1457/1614/1167
f 1457/1614/1168 1467/2074/1168 1470/1617/1168 1449/1616/1168
f 1497/1606/1169 1505/1615/1169 1475/1602/1169 1454/1570/1169
f 1512/1533/1170 1448/1532/1170 1494/1590/1170 1502/2075/1170
f 1513/1530/1171 1512/1533/1171 1515/1644/1171 1340/1634/1171
f 1512/1533/1172 1502/2075/1172 1519/1645/1172 1515/1644/1172
f 1501/2073/1173 1493/1622/1173 1518/1636/1173 1516/1646/1173
f 1502/2075/1174 1501/2073/1174 1516/1646/1174 1519/1645/1174
f 1516/1646/1175 1518/1636/1175 1525/2076/1175 1526/1647/1175
f 1518/1636/1176 1517/1632/1176 1524/2077/1176 1525/2076/1176
f 1517/1632/1177 1514/1631/1177 1521/1648/1177 1524/2077/1177
f 1525/2076/1178 1524/2077/1178 1531/2078/1178 1532/2079/1178
f 1526/1647/1179 1525/2076/1179 1532/2079/1179 1534/1651/1179
f 1340/1634/1180 1515/1644/1180 1523/1639/1180 1522/1637/1180
f 1528/2080/1181 1527/1649/1181 1530/1650/1181 1531/2078/1181
f 1530/1650/1182 1529/1640/1182 1533/1643/1182 1534/1651/1182
f 1531/2078/1183 1530/1650/1183 1534/1651/1183 1532/2079/1183
f 1521/1648/1184 1520/1638/1184 1527/1649/1184 1528/2080/1184
f 1524/2077/1185 1521/1648/1185 1528/2080/1185 1531/2078/1185
f 1452/1575/1186 1510/1564/1186 1542/1567/1186 1537/1653/1186
f 1775/2081/982 1776/2082/982 1354/2083/982 1562/2084/982
f 1543/2085/958 1544/2086/958 1546/2087/958 1545/2088/958
f 1549/2089/958 1550/2090/958 1547/2091/958 1548/2092/958
f 1348/2093/961 1779/2094/961 1565/2095/961 1566/2096/961
f 1555/2097/958 1556/2098/958 1551/2099/958 1552/2100/958
f 1553/2101/1187 1554/1726/1187 1567/1690/1187 1568/1689/1187
f 1780/2102/961 1781/2103/961 1569/2104/961 1570/2105/961
f 1559/2106/958 1560/2107/958 1353/2108/958 1561/2109/958
f 1557/1706/1188 1558/1705/1188 1573/1694/1188 1574/1693/1188
f 1577/1710/1189 1578/1709/1189 1575/1702/1189 1576/1701/1189
f 1582/1808/1190 1583/1739/1190 1554/1726/1190 1553/2101/1190
f 1566/1803/1191 1565/2110/1191 1580/1698/1191 1579/1697/1191
f 1570/1807/1192 1569/1740/1192 1583/1739/1192 1582/1808/1192
f 1472/2111/958 1471/2112/958 1776/2082/958 1777/2113/958
f 1471/2112/982 1330/2114/982 1354/2083/982 1776/2082/982
f 1473/2115/961 1504/2116/961 1565/2095/961 1779/2094/961
f 1322/2117/958 1473/2115/958 1779/2094/958 1349/2118/958
f 1323/2119/961 1332/2120/961 1569/2104/961 1781/2103/961
f 1478/2121/958 1323/2119/958 1781/2103/958 1351/2122/958
f 1476/1738/1193 1477/1724/1193 1554/1726/1193 1583/1739/1193
f 1468/2123/1194 1469/1728/1194 1558/1705/1194 1584/1704/1194
f 1504/2124/1195 1474/1741/1195 1580/1698/1195 1565/2110/1195
f 1503/1732/1196 1468/2123/1196 1584/1704/1196 1571/1675/1196
f 1589/2125/958 1590/2126/958 1592/2127/958 1591/2128/958
f 1585/2129/1197 1586/1800/1197 1615/1799/1197 1616/2130/1197
f 1587/1786/1198 1588/1785/1198 1586/1800/1198 1585/2129/1198
f 1598/2131/958 1599/2132/958 1594/2133/958 1595/2134/958
f 1788/2135/961 1790/2136/961 1368/2137/961 1618/2138/961
f 1605/2139/958 1606/2140/958 1601/2141/958 1602/2142/958
f 1603/1770/1199 1604/1769/1199 1619/1792/1199 1620/1791/1199
f 1791/2143/961 1792/2144/961 1369/2145/961 1370/2146/961
f 1365/2147/961 1793/2148/961 1371/2149/961 1621/2150/961
f 1610/2151/958 1611/2152/958 1613/2153/958 1612/2154/958
f 1616/2130/962 1615/1799/962 1787/1801/962 1786/2155/962
f 1623/1782/964 1622/1781/964 1795/1815/964 1794/1813/964
f 1585/2129/891 1616/2130/891 1508/1556/891 1484/1555/891
f 1577/1710/1002 1576/1701/1002 1586/1800/1002 1588/1785/1002
f 1587/1786/1200 1585/2129/1200 1484/1555/1200 1482/1554/1200
f 1562/1707/1201 1577/1710/1201 1588/1785/1201 1614/1744/1201
f 1786/2155/958 1784/1742/958 1483/1626/958 1485/1625/958
f 1616/2130/962 1786/2155/962 1485/1625/962 1508/1556/962
f 1775/1802/982 1562/1707/982 1614/1744/982 1785/1743/982
f 1579/1697/1002 1581/1700/1002 1597/1755/1002 1593/1759/1002
f 1788/2156/961 1618/1789/961 1509/1548/961 1486/1628/961
f 1348/2157/961 1566/2158/961 1368/2137/961 1790/2136/961
f 1789/1788/958 1788/2156/958 1486/1628/958 1488/1627/958
f 1778/2159/958 1348/2157/958 1790/2136/958 1360/2160/958
f 1581/1700/1202 1563/1685/1202 1617/1756/1202 1597/1755/1202
f 1582/1808/1002 1553/2101/1002 1604/1769/1002 1600/1768/1002
f 1780/2161/961 1570/2162/961 1369/2145/961 1792/2144/961
f 1350/2163/958 1780/2161/958 1792/2144/958 1363/2164/958
f 1553/2101/1203 1568/1689/1203 1619/1792/1203 1604/1769/1203
f 1557/1706/1204 1574/1693/1204 1622/1781/1204 1607/1780/1204
f 1621/1797/961 1608/1783/961 1479/1559/961 1506/1558/961
f 1352/2165/958 1782/2166/958 1793/2148/958 1795/2167/958
f 1782/2166/961 1572/2168/961 1371/2149/961 1793/2148/961
f 1624/1840/1006 1627/1819/1006 1626/1821/1006
f 1635/1831/1205 1637/1830/1205 1638/1833/1205 1634/1832/1205
f 1632/1837/1206 1635/1831/1206 1634/1832/1206 1631/1838/1206
f 1638/1833/1207 1630/1824/1207 1628/1823/1207 1636/1834/1207
f 1502/2075/1208 1626/1821/1208 1625/1822/1208 1460/1584/1208 1501/2073/1208
f 1626/1821/1209 1502/2075/1209 1494/1590/1209 1451/1593/1209 1624/1840/1209
f 1463/1580/1210 1636/1834/1210 1628/1823/1210 1461/1586/1210
f 1661/2169/1211 1658/2170/1211 1379/2171/1211 1311/2172/1211
f 1660/2173/1212 1659/2174/1212 1639/1915/1212 1641/1914/1212
f 1658/2170/1213 1662/2175/1213 1383/2176/1213 1379/2171/1213
f 1659/2174/1214 1663/1853/1214 1646/1856/1214 1639/1915/1214
f 1662/2175/1215 1664/1863/1215 1385/1866/1215 1383/2176/1215
f 1682/2177/1216 1679/2178/1216 1678/2179/1216 1683/2180/1216
f 1669/1879/1217 1671/1913/1217 1644/1904/1217 1755/1903/1217
f 1646/1856/1218 1648/1870/1218 1647/2044/1218 1639/1915/1218
f 1672/1842/1219 1673/2045/1219 1754/2046/1219 1751/1843/1219
f 1652/1896/1220 1656/1895/1220 1655/1909/1220 1650/1908/1220
f 1746/2043/1221 1675/1891/1221 1653/1894/1221 1740/2050/1221
f 1740/2050/1222 1653/1894/1222 1652/1896/1222 1744/2051/1222
f 1744/2051/1223 1652/1896/1223 1650/1908/1223 1745/1912/1223
f 1742/1874/1224 1651/1873/1224 1738/2053/1224 1741/2052/1224
f 1387/2181/1225 1391/2067/1225 1668/1867/1225 1665/1854/1225
f 1384/2182/1226 1387/2181/1226 1665/1854/1226 1663/1853/1226
f 1750/2054/1227 1755/1903/1227 1664/1863/1227 1662/2175/1227
f 1381/2183/1228 1384/2182/1228 1663/1853/1228 1659/2174/1228
f 1751/1843/1229 1750/2054/1229 1662/2175/1229 1658/2170/1229
f 1382/2184/1230 1381/2183/1230 1659/2174/1230 1660/2173/1230
f 1640/1844/1231 1751/1843/1231 1658/2170/1231 1661/2169/1231
f 1755/1903/1232 1753/2049/1232 1674/1880/1232 1669/1879/1232
f 1639/1915/1233 1647/2044/1233 1673/2045/1233 1672/1842/1233
f 1408/2185/1234 1407/2186/1234 1678/2179/1234 1679/2178/1234
f 1399/2187/1235 1408/2188/1235 1679/2189/1235 1682/1932/1235
f 1389/1907/1236 1399/2187/1236 1682/1932/1236 1667/1846/1236
f 1720/1985/1237 1705/1973/1237 1707/1974/1237 1717/1986/1237
f 1667/1846/1238 1682/1932/1238 1684/1935/1238 1681/1847/1238
f 1677/1917/1239 1695/2190/1239 1694/2191/1239 1678/1897/1239
f 1691/2056/1240 1693/2059/1240 1676/1931/1240 1680/1916/1240 1670/1858/1240 1681/1847/1240
f 1678/1897/1241 1694/2191/1241 1692/1937/1241 1683/1936/1241
f 1676/1931/1242 1693/2059/1242 1695/2190/1242 1677/1917/1242
f 1760/1957/1243 1699/1956/1243 1698/1945/1243 1759/1944/1243
f 1684/1935/1244 1690/1934/1244 1691/2056/1244 1681/1847/1244
f 1719/1964/1245 1708/1963/1245 1705/1973/1245 1720/1985/1245
f 1686/1930/1246 1701/1996/1246 1700/1960/1246 1685/1900/1246
f 1708/1963/1247 1714/1972/1247 1711/1965/1247 1705/1973/1247
f 1718/1976/1248 1706/1979/1248 1709/2192/1248 1722/1977/1248
f 1714/1972/1249 1715/1971/1249 1710/1966/1249 1711/1965/1249
f 1717/1986/1250 1707/1974/1250 1706/1979/1250 1718/1976/1250
f 1706/1979/1251 1712/1970/1251 1716/1969/1251 1709/2192/1251
f 1728/1997/1252 1721/1961/1252 1719/1964/1252 1725/1995/1252
f 1725/1995/1253 1719/1964/1253 1720/1985/1253 1727/1984/1253
f 1700/2023/1254 1701/2027/1254 1737/1982/1254
f 1762/2020/1255 1734/2007/1255 1735/2002/1255 1763/2021/1255
f 1655/1909/1256 1656/1895/1256 1537/2041/1256 1542/2040/1256
f 1753/2049/1221 1748/2042/1221 1746/2043/1221 1674/1880/1221
f 1648/1870/1223 1744/2051/1223 1745/1912/1223 1647/2044/1223
f 1693/2059/1257 1758/1943/1257 1760/1957/1257 1695/2190/1257
f 1694/2191/1258 1759/1944/1258 1769/1947/1258 1692/1937/1258
f 1695/2190/1259 1760/1957/1259 1759/1944/1259 1694/2191/1259
f 1765/2060/1260 1773/2062/1260 1761/2016/1260 1772/2017/1260
f 1773/2064/1261 1764/2063/1261 1768/2014/1261 1761/2015/1261
f 1545/2088/958 1546/2087/958 1776/2082/958 1775/2081/958
f 1543/2085/958 1545/2088/958 1775/2081/958 1347/2193/958
f 1544/2086/958 1543/2085/958 1347/2193/958 1777/2113/958
f 1546/2087/958 1544/2086/958 1777/2113/958 1776/2082/958
f 1549/2089/958 1548/2092/958 1348/2093/958 1778/2194/958
f 1548/2092/958 1547/2091/958 1779/2094/958 1348/2093/958
f 1550/2090/958 1549/2089/958 1778/2194/958 1349/2118/958
f 1547/2091/958 1550/2090/958 1349/2118/958 1779/2094/958
f 1555/2097/958 1552/2100/958 1780/2102/958 1350/2195/958
f 1552/2100/958 1551/2099/958 1781/2103/958 1780/2102/958
f 1556/2098/958 1555/2097/958 1350/2195/958 1351/2122/958
f 1551/2099/958 1556/2098/958 1351/2122/958 1781/2103/958
f 1561/2109/958 1353/2108/958 1782/2196/958
f 1559/2106/958 1561/2109/958 1782/2196/958 1352/2197/958
f 1560/2107/958 1559/2106/958 1352/2197/958 1783/2198/958
f 1353/2108/958 1560/2107/958 1783/2198/958
f 1591/2128/958 1592/2127/958 1785/1748/958 1784/1749/958
f 1589/2125/958 1591/2128/958 1784/1749/958 1786/1746/958
f 1590/2126/958 1589/2125/958 1786/1746/958 1787/1747/958
f 1592/2127/958 1590/2126/958 1787/1747/958 1785/1748/958
f 1598/2131/958 1595/2134/958 1788/2135/958 1789/2199/958
f 1595/2134/958 1594/2133/958 1790/2136/958 1788/2135/958
f 1599/2132/958 1598/2131/958 1789/2199/958 1360/2160/958
f 1594/2133/958 1599/2132/958 1360/2160/958 1790/2136/958
f 1605/2139/958 1602/2142/958 1791/2143/958 1362/2200/958
f 1602/2142/958 1601/2141/958 1792/2144/958 1791/2143/958
f 1606/2140/958 1605/2139/958 1362/2200/958 1363/2164/958
f 1601/2141/958 1606/2140/958 1363/2164/958 1792/2144/958
f 1612/2154/958 1613/2153/958 1793/2148/958 1365/2147/958
f 1610/2151/958 1612/2154/958 1365/2147/958 1794/2201/958
f 1611/2152/958 1610/2151/958 1794/2201/958 1795/2167/958
f 1613/2153/958 1611/2152/958 1795/2167/958 1793/2148/958
f 1907/2202/1262 1970/2203/1262 1896/2204/1262 1799/2205/1262 1899/2206/1262
f 1817/2207/1263 1803/2208/1263 1797/2209/1263 1814/2210/1263
f 1818/2211/1264 1835/2212/1264 1837/2213/1264 1816/2214/1264
f 1831/2215/1265 1811/2216/1265 1804/2217/1265 1828/2218/1265
f 1911/2219/1266 1904/2220/1266 1801/2221/1266 1826/2222/1266
f 1841/2223/1267 1838/2224/1267 1803/2208/1267 1817/2207/1267
f 1843/2225/1268 1839/2226/1268 1806/2227/1268 1832/2228/1268
f 1832/2228/1269 1806/2227/1269 1802/2229/1269 1827/2230/1269
f 1938/2231/1270 1933/2232/1270 1808/2233/1270 1932/2234/1270
f 1909/2235/1271 1905/2236/1271 1641/2237/1271 1820/2238/1271
f 1825/2239/1272 1403/2240/1272 1640/2241/1272 1819/2242/1272
f 1823/2243/1273 1661/2244/1273 1311/2245/1273 1821/2246/1273
f 1908/2247/1274 1902/2248/1274 1661/2244/1274 1823/2243/1274
f 1822/2249/1275 1382/2250/1275 1660/2251/1275 1824/2252/1275
f 1859/2253/1276 1897/2254/1276 1971/2255/1276 1946/2256/1276 1895/2257/1276 1807/2258/1276
f 1913/2259/1277 1834/2260/1277 1835/2212/1277 1912/2261/1277
f 1914/2262/1278 1844/2263/1278 1834/2260/1278 1913/2259/1278
f 1829/2264/1279 1805/2265/1279 1812/2266/1279 1830/2267/1279
f 1910/2268/1280 1901/2269/1280 1811/2216/1280 1831/2215/1280
f 1906/2270/1281 1912/2261/1281 1835/2212/1281 1818/2211/1281
f 1807/2258/1282 1895/2257/1282 1809/2271/1282 1800/2272/1282
f 1901/2269/1283 1906/2270/1283 1818/2211/1283 1811/2216/1283
f 1820/2238/1284 1641/2237/1284 1403/2240/1284 1825/2239/1284
f 1922/2273/1285 1841/2223/1285 1817/2207/1285 1806/2227/1285 1839/2226/1285
f 1811/2216/1286 1818/2211/1286 1816/2214/1286 1804/2217/1286
f 1806/2227/1287 1817/2207/1287 1814/2210/1287 1802/2229/1287
f 1801/2221/1288 1820/2238/1288 1825/2239/1288 1815/2274/1288
f 1805/2265/1289 1822/2249/1289 1824/2252/1289 1812/2266/1289
f 1900/2275/1290 1908/2247/1290 1823/2243/1290 1810/2276/1290
f 1810/2276/1291 1823/2243/1291 1821/2246/1291 1836/2277/1291
f 1815/2274/1292 1825/2239/1292 1819/2242/1292 1796/2278/1292
f 1904/2220/1293 1909/2235/1293 1820/2238/1293 1801/2221/1293
f 1899/2206/1294 1910/2268/1294 1831/2215/1294 1809/2271/1294
f 1855/2279/1295 1829/2264/1295 1830/2267/1295 1854/2280/1295 1961/2281/1295
f 1896/2204/1296 1832/2228/1296 1827/2230/1296 1799/2205/1296
f 1898/2282/1297 1843/2225/1297 1832/2228/1297 1896/2204/1297
f 1903/2283/1298 1911/2219/1298 1826/2222/1298 1856/2284/1298
f 1809/2271/1299 1831/2215/1299 1828/2218/1299 1800/2272/1299
f 1844/2263/1300 1845/2285/1300 1833/2286/1300 1834/2260/1300
f 1834/2260/1301 1833/2286/1301 1837/2213/1301 1835/2212/1301
f 1852/2287/1302 1853/2288/1302 1845/2285/1302 1844/2263/1302
f 1857/2289/1303 1851/2290/1303 1843/2225/1303 1898/2282/1303
f 1917/2291/1304 1852/2287/1304 1844/2263/1304 1914/2262/1304
f 1916/2292/1305 1857/2289/1305 1898/2282/1305 1974/2293/1305 1915/2294/1305
f 1851/2290/1306 1847/2295/1306 1839/2226/1306 1843/2225/1306
f 1850/2296/1307 1846/2297/1307 1838/2224/1307 1841/2223/1307
f 1815/2298/1308 1796/2299/1308 1846/2297/1308 1850/2296/1308
f 1826/2300/1309 1801/2301/1309 1847/2295/1309 1851/2290/1309
f 1900/2302/1310 1810/2303/1310 1852/2287/1310 1917/2291/1310
f 1847/2295/1311 1801/2301/1311 1815/2298/1311 1850/2296/1311 1923/2304/1311
f 1856/2305/1312 1826/2300/1312 1851/2290/1312 1857/2289/1312
f 1810/2303/1313 1836/2306/1313 1853/2288/1313 1852/2287/1313
f 1960/2307/1314 1891/2308/1314 1855/2309/1314 1961/2310/1314
f 1919/2311/1315 1893/2312/1315 1854/2313/1315 1903/2314/1315
f 1894/2315/1316 1798/2316/1316 1856/2305/1316 1857/2289/1316
f 1918/2317/1317 1894/2315/1317 1857/2289/1317 1916/2292/1317
f 1959/2318/1318 1892/2319/1318 1861/2320/1318 1862/2321/1318
f 1840/2322/1319 1864/2323/1319 1897/2254/1319 1859/2253/1319
f 1876/2324/1320 1861/2320/1320 1897/2254/1320 1864/2323/1320 1886/2325/1320 1889/2326/1320
f 1848/2327/1321 1862/2321/1321 1881/2328/1321 1879/2329/1321
f 1886/2325/1322 1885/2330/1322 1888/2331/1322 1889/2326/1322
f 1865/2332/1323 1870/2333/1323 1872/2334/1323 1873/2335/1323
f 1868/2336/1324 1871/2337/1324 1874/2338/1324 1875/2339/1324
f 1870/2333/1325 1868/2336/1325 1875/2339/1325 1872/2334/1325
f 1871/2337/1326 1849/2340/1326 1876/2324/1326 1874/2338/1326
f 1863/2341/1327 1877/2342/1327 1878/2343/1327 1879/2329/1327
f 1877/2342/1328 1865/2332/1328 1873/2335/1328 1878/2343/1328
f 1879/2329/1329 1881/2328/1329 1863/2341/1329
f 1881/2328/1330 1862/2321/1330 1849/2340/1330
f 1875/2339/1331 1882/2344/1331 1873/2335/1331 1872/2334/1331
f 1888/2331/1332 1885/2330/1332 1884/2345/1332 1887/2346/1332
f 1883/2347/1333 1867/2348/1333 1884/2345/1333 1885/2330/1333
f 1864/2323/1334 1883/2347/1334 1885/2330/1334 1886/2325/1334
f 1887/2346/1335 1875/2339/1335 1874/2338/1335 1888/2331/1335
f 1889/2326/1336 1888/2331/1336 1874/2338/1336 1876/2324/1336
f 1880/2349/1337 1884/2345/1337 1867/2348/1337 1866/2350/1337
f 1869/2351/1338 1887/2346/1338 1884/2345/1338 1880/2349/1338
f 1887/2346/1339 1869/2351/1339 1882/2344/1339 1875/2339/1339
f 1883/2347/1340 1864/2323/1340 1840/2322/1340 1890/2352/1340
f 1866/2350/1341 1867/2348/1341 1883/2347/1341 1890/2352/1341
f 1876/2324/1342 1849/2340/1342 1862/2321/1342 1861/2320/1342
f 1970/2353/1343 1907/2354/1343 1952/2355/1343 1969/2356/1343
f 1939/2357/1344 1860/2358/1344 1953/2359/1344 1943/2360/1344
f 1933/2232/1345 1842/2361/1345 1898/2282/1345 1896/2204/1345 1808/2233/1345
f 1940/2362/1346 1860/2358/1346 1897/2254/1346 1972/2363/1346
f 1936/2364/1347 1921/2365/1347 1915/2294/1347 1974/2293/1347
f 1941/2366/1348 1920/2367/1348 1956/2368/1348 1955/2369/1348
f 1892/2319/1349 1918/2317/1349 1916/2292/1349 1861/2320/1349
f 1798/2316/1350 1919/2311/1350 1903/2314/1350 1856/2305/1350
f 1796/2299/1351 1900/2302/1351 1917/2291/1351 1846/2297/1351
f 1861/2320/1352 1916/2292/1352 1915/2294/1352 1973/2370/1352 1972/2363/1352 1897/2254/1352
f 1846/2297/1353 1917/2291/1353 1914/2262/1353 1838/2224/1353
f 1854/2280/1354 1830/2267/1354 1911/2219/1354 1903/2283/1354
f 1799/2205/1355 1827/2230/1355 1910/2268/1355 1899/2206/1355
f 1812/2266/1356 1824/2252/1356 1909/2235/1356 1904/2220/1356
f 1796/2278/1357 1819/2242/1357 1908/2247/1357 1900/2275/1357
f 1802/2229/1358 1814/2210/1358 1906/2270/1358 1901/2269/1358
f 1814/2210/1359 1797/2209/1359 1912/2261/1359 1906/2270/1359
f 1827/2230/1360 1802/2229/1360 1901/2269/1360 1910/2268/1360
f 1838/2224/1361 1914/2262/1361 1913/2259/1361 1803/2208/1361
f 1803/2208/1362 1913/2259/1362 1912/2261/1362 1797/2209/1362
f 1819/2242/1363 1640/2241/1363 1902/2248/1363 1908/2247/1363
f 1824/2252/1364 1660/2251/1364 1905/2236/1364 1909/2235/1364
f 1954/2371/1365 1942/2372/1365 1920/2373/1365 1941/2374/1365
f 1830/2267/1366 1812/2266/1366 1904/2220/1366 1911/2219/1366
f 1895/2257/1367 1966/2375/1367 1967/2376/1367 1968/2377/1367 1907/2202/1367 1899/2206/1367 1809/2271/1367
f 1850/2296/1368 1841/2223/1368 1922/2273/1368 1923/2304/1368
f 1847/2295/1369 1923/2304/1369 1931/2378/1369 1930/2379/1369
s 1
f 1925/2380/1370 1926/2381/1370 1927/2382/1370 1924/2383/1370
s 0
f 1923/2304/1371 1922/2273/1371 1928/2384/1371 1931/2378/1371
f 1922/2273/1372 1839/2226/1372 1929/2385/1372 1928/2384/1372
f 1839/2226/1373 1847/2295/1373 1930/2379/1373 1929/2385/1373
f 1925/2380/1374 1924/2383/1374 1928/2384/1374 1929/2385/1374
f 1926/2381/1375 1925/2380/1375 1929/2385/1375 1930/2379/1375
f 1927/2382/1376 1926/2381/1376 1930/2379/1376 1931/2378/1376
f 1924/2383/1377 1927/2382/1377 1931/2378/1377 1928/2384/1377
f 1953/2359/1378 1947/2386/1378 1935/2387/1378 1945/2388/1378
f 1936/2364/1379 1842/2361/1379 1933/2232/1379 1938/2231/1379
f 1943/2360/1380 1953/2359/1380 1945/2388/1380 1813/2389/1380
f 1947/2386/1381 1954/2371/1381 1941/2374/1381 1935/2387/1381
f 1971/2255/1382 1897/2254/1382 1860/2358/1382 1939/2357/1382
f 1969/2390/1383 1950/2391/1383 1949/2392/1383 1951/2393/1383
f 1965/2394/1384 1962/2395/1384 1958/2396/1384 1964/2397/1384
f 1895/2398/1385 1813/2399/1385 1937/2400/1385 1948/2401/1385
f 1935/2402/1386 1941/2366/1386 1955/2369/1386 1958/2403/1386
f 1920/2367/1387 1932/2404/1387 1950/2405/1387 1956/2368/1387
f 1808/2406/1388 1896/2407/1388 1951/2408/1388 1949/2409/1388
f 1813/2410/1389 1945/2411/1389 1957/2412/1389 1937/2413/1389
f 1945/2411/1390 1935/2402/1390 1958/2403/1390 1957/2412/1390
f 1966/2414/1391 1895/2398/1391 1948/2401/1391 1963/2415/1391
f 1932/2404/1392 1808/2406/1392 1949/2409/1392 1950/2405/1392
f 1959/2318/1393 1858/2416/1393 2675/2417/1393 2674/2418/1393 2673/2419/1393 2663/2420/1393 2665/2421/1393
f 1918/2317/1394 1892/2319/1394 2669/2422/1394 2668/2423/1394 2670/2424/1394 2671/2425/1394 2672/2426/1394 2679/2427/1394 1893/2312/1394 1919/2311/1394
f 1798/2316/1395 1894/2315/1395 1918/2317/1395 1919/2311/1395
f 1862/2321/1396 1848/2327/1396 1858/2416/1396 1959/2318/1396
f 1892/2319/1397 1959/2318/1397 2665/2421/1397 2664/2428/1397 2667/2429/1397 2666/2430/1397 2669/2422/1397
f 1893/2312/1398 1960/2307/1398 1961/2310/1398 1854/2313/1398
f 1952/2431/1399 1965/2394/1399 1964/2397/1399 1956/2432/1399
f 1962/2433/1391 1967/2434/1391 1966/2414/1391 1963/2415/1391
f 1948/2435/1400 1937/2436/1400 1957/2437/1400 1963/2438/1400
f 1958/2396/1401 1962/2395/1401 1963/2438/1401 1957/2437/1401
f 1968/2439/1402 1967/2434/1402 1962/2433/1402 1965/2440/1402
f 1907/2354/1391 1968/2439/1391 1965/2440/1391 1952/2355/1391
f 1952/2431/1403 1956/2432/1403 1950/2391/1403 1969/2390/1403
f 1896/2407/1343 1970/2353/1343 1969/2356/1343 1951/2408/1343
f 1860/2358/1404 1940/2362/1404 1947/2386/1404 1953/2359/1404
f 1940/2362/1405 1934/2441/1405 1954/2371/1405 1947/2386/1405
f 1934/2441/1406 1944/2442/1406 1942/2372/1406 1954/2371/1406
f 1971/2255/1407 1939/2357/1407 1943/2360/1407 1946/2256/1407
f 1943/2360/1408 1813/2389/1408 1895/2257/1408 1946/2256/1408
f 1934/2441/1409 1940/2362/1409 1972/2363/1409 1973/2370/1409
f 1915/2294/1410 1944/2442/1410 1934/2441/1410 1973/2370/1410
f 1921/2365/1411 1944/2442/1411 1915/2294/1411
f 1842/2361/1412 1936/2364/1412 1974/2293/1412 1898/2282/1412
f 1944/2442/1413 1921/2365/1413 1975/2443/1413 1942/2372/1413
f 1938/2231/1414 1932/2234/1414 1920/2373/1414 1942/2372/1414 1975/2443/1414
f 1921/2365/1415 1936/2364/1415 1938/2231/1415 1975/2443/1415
f 2160/2444/1416 2159/2445/1416 2095/2446/1416 1978/2447/1416
f 1992/2448/891 2106/2449/891 2094/2450/891 2142/2451/891
f 1991/2452/1417 1990/2453/1417 1976/2454/1417 2102/2455/1417
f 2183/2456/1418 2001/2457/1418 2138/2458/1418 2136/2459/1418 2000/2460/1418
f 2008/2461/1419 1999/2462/1419 2134/2463/1419 1989/2464/1419 2156/2465/1419
f 2007/2466/1420 2155/2467/1420 2131/2468/1420 2129/2469/1420 2154/2470/1420
f 2182/2471/1421 1998/2472/1421 2127/2473/1421 2126/2474/1421 2153/2475/1421
f 2102/2455/1422 2185/2476/1422 2188/2477/1422 1991/2452/1422
f 2157/2478/1423 2189/2479/1423 2010/2480/1423 2146/2481/1423
f 2106/2449/1424 2111/2482/1424 1977/2483/1424 2094/2450/1424
f 2111/2482/1425 2112/2484/1425 2101/2485/1425 1977/2483/1425
f 2112/2484/1426 2160/2444/1426 1978/2447/1426 2101/2485/1426
f 2100/2486/1427 2099/2487/1427 2113/2488/1427 1983/2489/1427
f 1983/2489/903 2113/2488/903 2112/2484/903 2111/2482/903
f 2093/2490/1428 2100/2486/1428 1983/2489/1428 2105/2491/1428
f 2105/2491/905 1983/2489/905 2111/2482/905 2106/2449/905
f 1979/2492/1429 2102/2455/1429 2110/2493/1429 2109/2494/1429
f 2103/2495/1430 1979/2492/1430 2109/2494/1430 1982/2496/1430
f 2097/2497/1431 2103/2495/1431 1982/2496/1431 2107/2498/1431
f 1990/2453/1432 2093/2490/1432 2105/2491/1432 2147/2499/1432
f 2147/2499/891 2105/2491/891 2106/2449/891 1992/2448/891
f 2102/2455/1433 1976/2454/1433 2108/2500/1433 2110/2493/1433
f 2094/2450/1434 1977/2483/1434 2115/2501/1434 2116/2502/1434
f 2142/2451/1435 2094/2450/1435 2116/2502/1435 1993/2503/1435
f 2141/2504/1436 2098/2505/1436 2118/2506/1436 1994/2507/1436
f 1978/2447/1437 2095/2446/1437 1984/2508/1437 1985/2509/1437
f 2143/2510/1438 1978/2447/1438 1985/2509/1438 1995/2511/1438
f 2098/2505/1439 1980/2512/1439 2119/2513/1439 2118/2506/1439
f 2143/2510/1440 1980/2512/1440 2120/2514/1440 2151/2515/1440
f 2101/2485/1441 1978/2447/1441 2121/2516/1441 2122/2517/1441
f 1980/2512/1442 1981/2518/1442 1986/2519/1442 2120/2514/1442
f 2144/2520/1443 1981/2518/1443 1987/2521/1443 1996/2522/1443
f 1977/2483/1444 2101/2485/1444 2123/2523/1444 2124/2524/1444
f 2145/2525/1445 1977/2483/1445 2124/2524/1445 1997/2526/1445
f 1981/2518/1446 2104/2527/1446 2125/2528/1446 1987/2521/1446
f 2104/2527/1447 2145/2525/1447 1997/2526/1447 2125/2528/1447
f 2101/2485/1448 2144/2520/1448 1996/2522/1448 2123/2523/1448
f 1981/2518/1449 2144/2520/1449 2152/2529/1449 1986/2519/1449
f 1978/2447/1450 2143/2510/1450 2151/2515/1450 2121/2516/1450
f 1980/2512/1451 2143/2510/1451 1995/2511/1451 2119/2513/1451
f 2095/2446/1452 2141/2504/1452 1994/2507/1452 1984/2508/1452
f 2096/2530/1453 2142/2451/1453 1993/2503/1453 2117/2531/1453
f 1977/2483/1454 2145/2525/1454 2150/2532/1454 2115/2501/1454
f 1976/2454/1455 1990/2453/1455 2147/2499/1455 2108/2500/1455
f 1991/2452/1456 2188/2477/1456 2009/2533/1456 2100/2486/1456
f 1979/2492/1457 2186/2534/1457 2185/2476/1457 2102/2455/1457
f 2002/2535/1458 2157/2478/1458 2146/2481/1458 2140/2536/1458
f 2153/2475/1459 1988/2537/1459 2128/2538/1459 1998/2472/1459 2182/2471/1459
f 2154/2470/1460 2130/2539/1460 2132/2540/1460 2155/2467/1460 2007/2466/1460
f 2156/2465/1461 2133/2541/1461 2135/2542/1461 1999/2462/1461 2008/2461/1461
f 2000/2460/1462 2137/2543/1462 2139/2544/1462 2001/2457/1462 2183/2456/1462
f 2100/2486/1463 2093/2490/1463 1990/2453/1463 1991/2452/1463
f 2002/2535/1464 2164/2545/1464 2161/2546/1464 2157/2478/1464
f 2158/2547/1465 2003/2548/1465 2004/2549/1465 2160/2444/1465
f 2157/2478/1466 2161/2546/1466 2003/2548/1466 2158/2547/1466
f 2140/2536/1467 2165/2550/1467 2164/2545/1467 2002/2535/1467
f 2003/2548/1468 2167/2551/1468 2169/2552/1468 2004/2549/1468
f 2169/2552/1469 2006/2553/1469 2176/2554/1469 2170/2555/1469
f 2170/2555/1470 2176/2554/1470 2180/2556/1470 2005/2557/1470
f 2162/2558/1471 2170/2555/1471 2005/2557/1471 2166/2559/1471
f 2166/2559/1472 2005/2557/1472 2173/2560/1472 2163/2561/1472
f 2161/2546/1473 2168/2562/1473 2167/2551/1473 2003/2548/1473
f 2174/2563/1474 2177/2564/1474 2176/2554/1474 2006/2553/1474
f 2005/2557/1475 2180/2556/1475 2181/2565/1475 2173/2560/1475
f 2167/2551/1476 2174/2563/1476 2006/2553/1476 2169/2552/1476
f 2103/2495/1477 2187/2566/1477 2186/2534/1477 1979/2492/1477
f 2146/2481/1478 2010/2480/1478 2187/2566/1478 2103/2495/1478
f 2100/2486/1479 2009/2533/1479 2184/2567/1479 2099/2487/1479
f 2422/2568/1480 2209/2569/1480 2018/2570/1480 2193/2571/1480
f 2011/2572/958 2422/2573/958 2193/2571/958 2424/2574/958
f 2425/2575/958 2012/2576/958 2194/2577/958 2013/2578/958
f 2012/2576/1481 2213/2579/1481 2212/2580/1481 2194/2577/1481
f 2014/2581/958 2427/2582/958 2198/2583/958 2015/2584/958
f 2427/2585/1482 2217/2586/1482 2216/2587/1482 2198/2583/1482
f 2429/2588/961 2219/2589/961 2218/2590/961 2017/2591/961
f 2016/2592/958 2429/2593/958 2017/2594/958 2430/2595/958
f 2019/2596/962 2011/2597/962 2424/2598/962 2020/2599/962
f 2210/2600/963 2425/2601/963 2013/2602/963 2211/2603/963
f 2215/2604/963 2014/2605/963 2015/2606/963 2214/2607/963
f 2221/2608/964 2016/2609/964 2430/2610/964 2220/2611/964
f 2226/2612/1483 2228/2613/1483 2021/2614/1483 2227/2615/1483
f 2223/2616/1484 2019/2596/1484 2020/2599/1484 2222/2617/1484
f 2228/2613/1485 2210/2600/1485 2211/2603/1485 2021/2614/1485
f 2022/2618/1486 2204/2619/1486 2205/2620/1486 2231/2621/1486
f 2209/2622/1487 2224/2623/1487 2225/2624/1487 2018/2625/1487
f 2219/2589/1488 2022/2618/1488 2231/2621/1488 2218/2590/1488
f 1995/2626/962 2020/2599/962 2424/2598/962 2119/2627/962
f 2119/2628/958 2424/2574/958 2193/2571/958 2118/2629/958
f 2118/2629/1489 2193/2571/1489 2018/2570/1489 1994/2630/1489
f 2120/2631/1490 2194/2577/1490 2212/2580/1490 2151/2632/1490
f 1986/2633/958 2013/2578/958 2194/2577/958 2120/2631/958
f 2152/2634/963 2211/2603/963 2013/2602/963 1986/2635/963
f 1987/2636/1491 2198/2583/1491 2216/2587/1491 1996/2637/1491
f 2125/2638/958 2015/2584/958 2198/2583/958 1987/2636/958
f 2124/2639/1492 2201/2640/1492 2214/2607/1492 1997/2641/1492
f 1997/2641/963 2214/2607/963 2015/2606/963 2125/2642/963
f 2116/2643/1493 2205/2620/1493 2220/2611/1493 1993/2644/1493
f 1993/2644/964 2220/2611/964 2430/2610/964 2117/2645/964
f 2117/2645/958 2430/2610/958 2017/2591/958 2114/2646/958
f 2114/2646/961 2017/2591/961 2218/2590/961 2150/2647/961
f 1994/2648/1494 2018/2625/1494 2225/2624/1494 1984/2649/1494
f 1985/2650/1495 2222/2617/1495 2020/2599/1495 1995/2626/1495
f 2122/2651/1496 2021/2614/1496 2211/2603/1496 2152/2634/1496
f 1996/2652/1497 2216/2653/1497 2230/2654/1497 2123/2655/1497
f 1984/2649/1498 2225/2624/1498 2222/2617/1498 1985/2650/1498
f 2121/2656/1499 2227/2615/1499 2021/2614/1499 2122/2651/1499
f 2431/2657/982 2030/2658/982 2261/2659/982 2432/2660/982
f 2433/2661/958 2431/2662/958 2432/2663/958 2434/2664/958
f 2436/2665/958 2435/2666/958 2241/2667/958 2024/2668/958
f 2243/2669/1500 2031/2670/1500 2264/2671/1500 2244/2672/1500
f 2023/2673/1501 2243/2669/1501 2244/2672/1501 2240/2674/1501
f 2435/2675/1502 2265/2676/1502 2032/2677/1502 2241/2667/1502
f 2026/2678/958 2438/2679/958 2248/2680/958 2027/2681/958
f 2025/2682/1503 2250/2683/1503 2251/2684/1503 2247/2685/1503
f 2438/2686/1504 2034/2687/1504 2033/2688/1504 2248/2680/1504
f 2029/2689/1505 2268/2690/1505 2035/2691/1505 2260/2692/1505
f 2441/2693/958 2029/2689/958 2260/2692/958 2442/2694/958
f 2028/2695/1506 2270/2696/1506 2269/2697/1506 2254/2698/1506
f 2255/2699/1507 2028/2695/1507 2254/2698/1507 2256/2700/1507
f 2030/2658/1508 2234/2701/1508 2235/2702/1508 2261/2659/1508
f 2031/2670/963 2436/2703/963 2024/2704/963 2264/2671/963
f 2265/2705/1509 2023/2673/1509 2240/2674/1509 2032/2706/1509
f 2267/2707/963 2026/2708/963 2027/2709/963 2266/2710/963
f 2034/2711/1510 2025/2682/1510 2247/2685/1510 2033/2712/1510
f 2268/2713/1511 2255/2699/1511 2256/2700/1511 2035/2714/1511
f 2223/2616/1512 2233/2715/1512 2262/2716/1512 2019/2596/1512
f 2030/2658/961 2154/2470/961 2129/2469/961 2234/2701/961
f 2019/2596/962 2262/2716/962 2434/2717/962 2011/2597/962
f 2011/2597/958 2434/2717/958 2432/2660/958 2422/2718/958
f 2431/2657/982 2130/2539/982 2154/2470/982 2030/2658/982
f 2023/2673/1513 1989/2464/1513 2134/2463/1513 2243/2669/1513
f 2213/2719/1514 2032/2706/1514 2240/2674/1514 2226/2612/1514
f 2265/2705/961 2156/2465/961 1989/2464/961 2023/2673/961
f 2012/2720/1515 2241/2667/1515 2032/2677/1515 2213/2721/1515
f 2425/2722/958 2024/2668/958 2241/2667/958 2012/2720/958
f 2243/2669/891 2134/2463/891 1999/2462/891 2031/2670/891
f 2210/2600/963 2264/2671/963 2024/2704/963 2425/2601/963
f 2031/2670/963 1999/2462/963 2135/2542/963 2436/2703/963
f 2025/2682/1516 2136/2459/1516 2138/2458/1516 2250/2683/1516
f 2217/2723/1517 2033/2712/1517 2247/2685/1517 2229/2724/1517
f 2034/2711/961 2000/2460/961 2136/2459/961 2025/2682/961
f 2438/2725/961 2137/2543/961 2000/2460/961 2034/2711/961
f 2427/2726/1518 2248/2680/1518 2033/2688/1518 2217/2727/1518
f 2026/2708/958 2139/2544/958 2137/2543/958 2438/2725/958
f 2014/2728/958 2027/2681/958 2248/2680/958 2427/2726/958
f 2250/2683/891 2138/2458/891 2001/2457/891 2267/2707/891
f 2215/2604/963 2266/2710/963 2027/2709/963 2014/2605/963
f 2267/2707/963 2001/2457/963 2139/2544/963 2026/2708/963
f 2028/2695/891 2127/2473/891 1998/2472/891 2270/2696/891
f 2022/2618/1002 2256/2700/1002 2254/2698/1002 2204/2619/1002
f 2255/2699/1519 2126/2474/1519 2127/2473/1519 2028/2695/1519
f 2219/2589/1520 2035/2714/1520 2256/2700/1520 2022/2618/1520
f 2441/2729/958 2128/2538/958 1988/2537/958 2029/2730/958
f 2221/2608/964 2269/2697/964 2442/2731/964 2016/2609/964
f 2016/2732/958 2442/2694/958 2260/2692/958 2429/2733/958
f 2270/2696/964 1998/2472/964 2128/2538/964 2441/2729/964
f 2029/2730/961 1988/2537/961 2153/2475/961 2268/2713/961
f 2429/2733/1521 2260/2692/1521 2035/2691/1521 2219/2734/1521
f 2274/2735/1006 2273/2736/1006 2036/2737/1006
f 2036/2737/1006 2273/2736/1006 2272/2738/1006
f 2275/2739/963 2037/2740/963 2277/2741/963
f 2277/2741/963 2037/2740/963 2038/2742/963
f 2038/2742/963 2037/2740/963 2276/2743/963
f 2280/2744/1522 2282/2745/1522 2284/2746/1522 2042/2747/1522
f 2281/2748/1523 2041/2749/1523 2283/2750/1523 2285/2751/1523
f 2040/2752/1524 2279/2753/1524 2282/2745/1524 2280/2744/1524
f 2278/2754/1525 2039/2755/1525 2041/2749/1525 2281/2748/1525
f 2271/2756/1526 2274/2735/1526 2279/2753/1526 2040/2752/1526
f 2274/2735/1527 2036/2737/1527 2278/2754/1527 2279/2753/1527
f 2036/2737/1528 2272/2738/1528 2039/2755/1528 2278/2754/1528
f 2042/2747/1529 2284/2746/1529 2038/2742/1529 2276/2743/1529
f 2284/2746/1530 2285/2751/1530 2277/2741/1530 2038/2742/1530
f 2271/2756/1531 2040/2752/1531 1980/2512/1531 2098/2505/1531
f 2107/2498/1532 1982/2496/1532 2039/2755/1532 2272/2738/1532
f 2276/2743/963 2037/2740/963 1992/2448/963 2142/2451/963 2096/2530/963
f 2042/2747/1533 2276/2743/1533 2096/2530/1533 2104/2527/1533
f 2275/2739/963 2108/2500/963 2147/2499/963 1992/2448/963 2037/2740/963
f 2040/2752/1534 2280/2744/1534 1981/2518/1534 1980/2512/1534
f 1982/2496/1535 2109/2494/1535 2041/2749/1535 2039/2755/1535
f 2280/2744/1536 2042/2747/1536 2104/2527/1536 1981/2518/1536
f 2109/2494/1537 2110/2493/1537 2283/2750/1537 2041/2749/1537
f 2054/2757/1538 2287/2758/1538 2398/2759/1538 2319/2760/1538
f 2091/2761/1539 2421/2762/1539 2328/2763/1539 2314/2764/1539
f 2090/2765/1540 1440/1852/1540 1388/1851/1540 2313/2766/1540
f 2310/2767/1541 2293/2768/1541 2044/2769/1541 2312/2770/1541
f 2092/2771/1542 2089/2772/1542 2290/2773/1542 2317/2774/1542
f 2313/2766/1543 1388/1851/1543 1400/1862/1543 2053/2775/1543
f 2311/2776/1544 1385/1866/1544 1390/1865/1544 2052/2777/1544
f 2312/2770/1545 2044/2769/1545 2292/2778/1545 2315/2779/1545
f 2044/2769/1546 2293/2768/1546 2295/2780/1546 2048/2781/1546
f 2390/2782/1547 2389/2783/1547 2298/2784/1547 2049/2785/1547
f 2289/2786/1548 2045/2787/1548 2296/2788/1548 2047/2789/1548
f 2316/2790/1549 2044/2769/1549 2048/2781/1549 2321/2791/1549
f 2043/2792/1550 2289/2786/1550 2047/2789/1550 2046/2793/1550
f 2394/2794/1551 2081/2795/1551 2304/2796/1551 2050/2797/1551
f 2055/2798/1552 2080/2799/1552 2301/2800/1552 2386/2801/1552
f 2322/2802/1553 2300/2803/1553 2051/2804/1553 2056/2805/1553
f 2080/2799/1554 2394/2794/1554 2050/2797/1554 2301/2800/1554
f 2300/2803/1555 2299/2806/1555 2303/2807/1555 2051/2804/1555
f 2053/2775/1556 1400/1862/1556 1407/1898/1556 2325/2808/1556
f 2071/2809/1557 2378/2810/1557 2058/2811/1557 2332/2812/1557
f 2402/2813/1558 2311/2776/1558 2052/2777/1558 2291/2814/1558
f 2290/2773/1559 2313/2766/1559 2053/2775/1559 2057/2815/1559
f 2089/2772/1560 2090/2765/1560 2313/2766/1560 2290/2773/1560
f 1442/1906/1561 2091/2761/1561 2314/2764/1561 1389/1907/1561
f 2081/2795/1562 2322/2802/1562 2056/2805/1562 2304/2796/1562
f 2297/2816/1563 2055/2798/1563 2386/2801/1563 2302/2817/1563
f 2079/2818/1564 2396/2819/1564 2080/2799/1564 2055/2798/1564
f 2392/2820/1565 2079/2818/1565 2055/2798/1565 2297/2816/1565
f 2044/2769/1566 2316/2790/1566 2318/2821/1566 2292/2778/1566
f 2421/2762/1567 2092/2771/1567 2317/2774/1567 2328/2763/1567
f 2288/2822/1568 2054/2757/1568 2319/2760/1568 2286/2823/1568
f 2290/2773/1569 2057/2815/1569 2327/2824/1569 2317/2774/1569
f 2057/2815/1570 2053/2775/1570 2325/2808/1570 2324/2825/1570
f 2072/2826/1571 2376/2827/1571 2334/2828/1571 2059/2829/1571
f 2376/2827/1572 2070/2830/1572 2335/2831/1572 2334/2828/1572
f 2058/2811/1573 2336/2832/1573 2351/2833/1573 2349/2834/1573
f 2336/2832/1574 2059/2829/1574 2350/2835/1574 2351/2833/1574
f 2379/2836/1575 2072/2826/1575 2059/2829/1575 2336/2832/1575
f 2377/2837/1576 2071/2809/1576 2332/2812/1576 2333/2838/1576
f 2378/2810/1577 2379/2836/1577 2336/2832/1577 2058/2811/1577
f 2057/2815/1578 2324/2825/1578 2323/2839/1578 2327/2824/1578
f 2070/2830/1579 2377/2837/1579 2333/2838/1579 2335/2831/1579
f 2329/2840/1580 2331/2841/1580 2337/2842/1580 2060/2843/1580
f 2330/2844/1581 2329/2845/1581 2060/2846/1581 2339/2847/1581
f 2088/2848/1582 2405/2849/1582 2063/2850/1582 2414/2851/1582
f 2406/2852/1583 2416/2853/1583 2087/2854/1583 2345/2855/1583
f 2403/2856/1584 2417/2857/1584 2061/2858/1584 2343/2859/1584
f 2083/2860/1585 2403/2861/1585 2343/2862/1585 2062/2863/1585
f 2405/2849/1586 2407/2864/1586 2346/2865/1586 2063/2850/1586
f 2417/2857/1587 2404/2866/1587 2344/2867/1587 2061/2858/1587
f 2332/2812/1588 2058/2811/1588 2349/2834/1588 2347/2868/1588
f 2368/2869/1589 2366/2870/1589 2355/2871/1589 2064/2872/1589
f 2358/2873/1590 2065/2874/1590 2360/2875/1590 2357/2876/1590
f 2065/2874/1591 2359/2877/1591 2363/2878/1591 2360/2875/1591
f 2064/2872/1592 2355/2871/1592 2361/2879/1592 2362/2880/1592
f 2352/2881/1593 2354/2882/1593 2065/2874/1593 2358/2873/1593
f 2373/2883/1594 2069/2884/1594 2369/2885/1594 2365/2886/1594
f 2354/2882/1595 2353/2887/1595 2359/2877/1595 2065/2874/1595
f 2077/2888/1596 2383/2889/1596 2384/2890/1596 2078/2891/1596
f 2374/2892/1597 2068/2893/1597 2364/2894/1597 2367/2895/1597
f 2370/2896/1598 2383/2889/1598 2077/2888/1598 2371/2897/1598
f 2064/2898/1599 2066/2899/1599 2371/2897/1599 2368/2900/1599
f 2068/2893/1600 2373/2883/1600 2365/2886/1600 2364/2894/1600
f 2357/2901/891 2066/2899/891 2064/2898/891 2362/2902/891
f 2335/2831/1601 2333/2838/1601 2373/2883/1601 2068/2893/1601
f 2334/2828/1602 2335/2831/1602 2068/2893/1602 2374/2892/1602
f 2059/2829/1603 2334/2828/1603 2374/2892/1603 2372/2903/1603
f 2333/2838/1604 2348/2904/1604 2069/2884/1604 2373/2883/1604
f 2350/2835/1605 2059/2829/1605 2372/2903/1605 2375/2905/1605
f 2076/2906/1606 2073/2907/1606 2377/2908/1606 2070/2909/1606
f 2382/2910/1607 2075/2911/1607 2379/2912/1607 2378/2913/1607
f 2073/2907/1608 2381/2914/1608 2071/2915/1608 2377/2908/1608
f 2075/2911/1609 2074/2916/1609 2072/2917/1609 2379/2912/1609
f 2380/2918/1610 2076/2906/1610 2070/2909/1610 2376/2919/1610
f 2074/2916/1611 2380/2920/1611 2376/2921/1611 2072/2917/1611
f 2381/2914/1612 2382/2910/1612 2378/2913/1612 2071/2915/1612
f 2415/2922/1613 2408/2923/1613 2380/2920/1613 2074/2916/1613
f 2408/2924/1614 2419/2925/1614 2076/2906/1614 2380/2918/1614
f 2086/2926/1615 2415/2922/1615 2074/2916/1615 2075/2911/1615
f 2413/2927/1616 2409/2928/1616 2381/2914/1616 2073/2907/1616
f 2410/2929/1617 2086/2926/1617 2075/2911/1617 2382/2910/1617
f 2419/2925/1618 2413/2927/1618 2073/2907/1618 2076/2906/1618
f 2349/2930/1619 2078/2891/1619 2384/2890/1619 2347/2931/1619
f 2350/2932/1620 2078/2891/1620 2349/2930/1620 2351/2933/1620
f 2077/2888/1621 2078/2891/1621 2350/2932/1621 2375/2934/1621
f 2348/2935/1622 2384/2890/1622 2383/2889/1622 2069/2936/1622
f 2077/2888/1623 2375/2934/1623 2368/2900/1623 2371/2897/1623
f 2369/2937/1624 2069/2936/1624 2383/2889/1624 2370/2896/1624
f 2066/2899/1625 2067/2938/1625 2370/2896/1625 2371/2897/1625
f 2369/2937/1626 2370/2896/1626 2067/2938/1626 2356/2939/1626
f 2360/2940/891 2067/2938/891 2066/2899/891 2357/2901/891
f 2356/2939/891 2067/2938/891 2360/2940/891 2363/2941/891
f 2051/2804/1627 2009/2942/1627 2188/2943/1627 2056/2805/1627
f 2056/2805/1628 2188/2943/1628 2185/2944/1628 2304/2796/1628
f 2304/2796/1629 2185/2944/1629 2186/2945/1629 2050/2797/1629
f 2050/2797/1630 2186/2945/1630 2187/2946/1630 2301/2800/1630
f 2301/2800/1631 2187/2946/1631 2010/2947/1631 2386/2801/1631
f 2386/2801/1632 2010/2947/1632 2189/2948/1632 2302/2817/1632
f 2303/2807/1633 2184/2949/1633 2009/2942/1633 2051/2804/1633
f 2395/2950/1634 2393/2951/1634 2322/2802/1634 2081/2795/1634
f 2294/2952/1635 2320/2953/1635 2079/2818/1635 2392/2820/1635
f 2320/2953/1636 2401/2954/1636 2396/2819/1636 2079/2818/1636
f 2399/2955/1637 2400/2956/1637 2395/2950/1637 2082/2957/1637
f 2048/2781/1638 2295/2780/1638 2391/2958/1638 2387/2959/1638
f 2321/2791/1639 2048/2781/1639 2387/2959/1639 2393/2951/1639
f 2401/2954/1640 2399/2955/1640 2082/2957/1640 2396/2819/1640
f 2298/2784/1641 2394/2794/1641 2080/2799/1641 2049/2785/1641
f 2388/2960/1642 2395/2950/1642 2081/2795/1642 2385/2961/1642
f 2389/2783/1643 2082/2957/1643 2395/2950/1643 2388/2960/1643
f 2390/2782/1644 2396/2819/1644 2082/2957/1644 2389/2783/1644
f 2385/2961/1645 2081/2795/1645 2394/2794/1645 2298/2784/1645
f 2049/2785/1646 2080/2799/1646 2396/2819/1646 2390/2782/1646
f 2043/2792/1647 2398/2759/1647 2397/2962/1647 2289/2786/1647
f 2296/2788/1648 2400/2956/1648 2399/2955/1648 2047/2789/1648
f 2047/2789/1649 2399/2955/1649 2401/2954/1649 2046/2793/1649
f 2045/2787/1650 2402/2813/1650 2400/2956/1650 2296/2788/1650
f 2289/2786/1651 2397/2962/1651 2402/2813/1651 2045/2787/1651
f 2046/2793/1652 2401/2954/1652 2398/2759/1652 2043/2792/1652
f 2337/2842/1653 2338/2963/1653 2088/2848/1653 2084/2964/1653
f 2339/2847/1654 2060/2846/1654 2418/2965/1654 2416/2853/1654
f 2060/2843/1655 2337/2842/1655 2084/2964/1655 2418/2966/1655
f 2338/2963/1656 2340/2967/1656 2405/2849/1656 2088/2848/1656
f 2061/2858/1657 2344/2867/1657 2085/2968/1657 2412/2969/1657
f 2346/2865/1658 2345/2855/1658 2086/2926/1658 2410/2929/1658
f 2414/2851/1659 2063/2850/1659 2409/2928/1659 2413/2927/1659
f 2345/2855/1660 2087/2854/1660 2415/2922/1660 2086/2926/1660
f 2343/2859/1661 2061/2858/1661 2412/2969/1661 2420/2970/1661
f 2062/2863/1662 2343/2862/1662 2420/2971/1662 2411/2972/1662
f 2063/2850/1663 2346/2865/1663 2410/2929/1663 2409/2928/1663
f 2344/2867/1664 2414/2851/1664 2413/2927/1664 2085/2968/1664
f 2411/2972/1665 2415/2922/1665 2087/2854/1665 2062/2863/1665
f 2404/2866/1666 2088/2848/1666 2414/2851/1666 2344/2867/1666
f 2062/2863/1667 2087/2854/1667 2416/2853/1667 2083/2860/1667
f 2417/2857/1668 2084/2964/1668 2088/2848/1668 2404/2866/1668
f 2083/2860/1669 2416/2853/1669 2418/2965/1669 2403/2861/1669
f 2403/2856/1670 2418/2966/1670 2084/2964/1670 2417/2857/1670
f 2085/2968/1671 2413/2927/1671 2419/2925/1671 2412/2969/1671
f 2292/2778/1672 2318/2821/1672 2092/2973/1672 2421/2974/1672
f 1391/2067/1673 2315/2779/1673 2091/2975/1673 1442/2068/1673
f 2291/2814/1674 2052/2777/1674 2090/2976/1674 2089/2977/1674
f 2318/2821/1675 2291/2814/1675 2089/2977/1675 2092/2973/1675
f 2052/2777/1676 1390/1865/1676 1440/2072/1676 2090/2976/1676
f 2315/2779/1677 2292/2778/1677 2421/2974/1677 2091/2975/1677
f 2140/2536/1678 2146/2481/1678 2103/2495/1678 2097/2497/1678
f 2099/2487/1679 2157/2478/1679 2158/2547/1679 2113/2488/1679
f 2113/2488/1680 2158/2547/1680 2160/2444/1680 2112/2484/1680
f 2140/2536/1681 2097/2497/1681 2107/2498/1681 2148/2978/1681
f 2145/2525/1682 2104/2527/1682 2114/2979/1682 2150/2532/1682
f 2104/2527/1683 2096/2530/1683 2117/2531/1683 2114/2979/1683
f 2144/2520/1684 2101/2485/1684 2122/2517/1684 2152/2529/1684
f 2159/2445/1685 2149/2980/1685 2141/2504/1685 2095/2446/1685
f 2160/2444/1686 2004/2549/1686 2162/2558/1686 2159/2445/1686
f 2159/2445/1687 2162/2558/1687 2166/2559/1687 2149/2980/1687
f 2148/2978/1688 2163/2561/1688 2165/2550/1688 2140/2536/1688
f 2149/2980/1689 2166/2559/1689 2163/2561/1689 2148/2978/1689
f 2163/2561/1690 2173/2560/1690 2172/2981/1690 2165/2550/1690
f 2165/2550/1691 2172/2981/1691 2171/2982/1691 2164/2545/1691
f 2164/2545/1692 2171/2982/1692 2168/2562/1692 2161/2546/1692
f 2172/2981/1693 2179/2983/1693 2178/2984/1693 2171/2982/1693
f 2173/2560/1694 2181/2565/1694 2179/2983/1694 2172/2981/1694
f 2004/2549/1695 2169/2552/1695 2170/2555/1695 2162/2558/1695
f 2175/2985/1696 2178/2984/1696 2177/2564/1696 2174/2563/1696
f 2177/2564/1697 2181/2565/1697 2180/2556/1697 2176/2554/1697
f 2178/2984/1698 2179/2983/1698 2181/2565/1698 2177/2564/1698
f 2168/2562/1699 2175/2985/1699 2174/2563/1699 2167/2551/1699
f 2171/2982/1700 2178/2984/1700 2175/2985/1700 2168/2562/1700
f 2099/2487/1701 2184/2567/1701 2189/2479/1701 2157/2478/1701
f 2422/2986/982 2209/2987/982 2018/2988/982 2423/2989/982
f 2190/2990/958 2192/2991/958 2193/2992/958 2191/2993/958
f 2196/2994/958 2195/2995/958 2194/2996/958 2197/2997/958
f 2012/2998/961 2213/2999/961 2212/3000/961 2426/3001/961
f 2202/3002/958 2199/3003/958 2198/3004/958 2203/3005/958
f 2200/3006/1702 2215/2604/1702 2214/2607/1702 2201/2640/1702
f 2427/3007/961 2217/3008/961 2216/3009/961 2428/3010/961
f 2206/3011/958 2208/3012/958 2017/3013/958 2207/3014/958
f 2204/2619/1703 2221/2608/1703 2220/2611/1703 2205/2620/1703
f 2224/2623/1704 2223/2616/1704 2222/2617/1704 2225/2624/1704
f 2229/2724/1705 2200/3006/1705 2201/2640/1705 2230/2654/1705
f 2213/2719/1706 2226/2612/1706 2227/2615/1706 2212/3015/1706
f 2217/2723/1707 2229/2724/1707 2230/2654/1707 2216/2653/1707
f 2119/3016/958 2424/3017/958 2423/2989/958 2118/3018/958
f 2118/3018/982 2423/2989/982 2018/2988/982 1994/3019/982
f 2120/3020/961 2426/3001/961 2212/3000/961 2151/3021/961
f 1986/3022/958 2013/3023/958 2426/3001/958 2120/3020/958
f 1987/3024/961 2428/3010/961 2216/3009/961 1996/3025/961
f 2125/3026/958 2015/3027/958 2428/3010/958 1987/3024/958
f 2123/2655/1708 2230/2654/1708 2201/2640/1708 2124/2639/1708
f 2115/3028/1709 2231/2621/1709 2205/2620/1709 2116/2643/1709
f 2151/3029/1710 2212/3015/1710 2227/2615/1710 2121/2656/1710
f 2150/2647/1711 2218/2590/1711 2231/2621/1711 2115/3028/1711
f 2236/3030/958 2238/3031/958 2239/3032/958 2237/3033/958
f 2232/3034/1712 2263/3035/1712 2262/2716/1712 2233/2715/1712
f 2234/2701/1713 2232/3034/1713 2233/2715/1713 2235/2702/1713
f 2245/3036/958 2242/3037/958 2241/3038/958 2246/3039/958
f 2435/3040/961 2265/3041/961 2032/3042/961 2437/3043/961
f 2252/3044/958 2249/3045/958 2248/3046/958 2253/3047/958
f 2250/2683/1714 2267/2707/1714 2266/2710/1714 2251/2684/1714
f 2438/3048/961 2034/3049/961 2033/3050/961 2439/3051/961
f 2029/3052/961 2268/3053/961 2035/3054/961 2440/3055/961
f 2257/3056/958 2259/3057/958 2260/3058/958 2258/3059/958
f 2263/3035/962 2433/3060/962 2434/2717/962 2262/2716/962
f 2270/2696/964 2441/2729/964 2442/2731/964 2269/2697/964
f 2232/3034/891 2131/2468/891 2155/2467/891 2263/3035/891
f 2224/2623/1002 2235/2702/1002 2233/2715/1002 2223/2616/1002
f 2234/2701/1715 2129/2469/1715 2131/2468/1715 2232/3034/1715
f 2209/2622/1716 2261/2659/1716 2235/2702/1716 2224/2623/1716
f 2433/3060/958 2132/2540/958 2130/2539/958 2431/2657/958
f 2263/3035/962 2155/2467/962 2132/2540/962 2433/3060/962
f 2422/2718/982 2432/2660/982 2261/2659/982 2209/2622/982
f 2226/2612/1002 2240/2674/1002 2244/2672/1002 2228/2613/1002
f 2435/3061/961 2133/2541/961 2156/2465/961 2265/2705/961
f 2012/3062/961 2437/3043/961 2032/3042/961 2213/3063/961
f 2436/2703/958 2135/2542/958 2133/2541/958 2435/3061/958
f 2425/3064/958 2024/3065/958 2437/3043/958 2012/3062/958
f 2228/2613/1717 2244/2672/1717 2264/2671/1717 2210/2600/1717
f 2229/2724/1002 2247/2685/1002 2251/2684/1002 2200/3006/1002
f 2427/3066/961 2439/3051/961 2033/3050/961 2217/3067/961
f 2014/3068/958 2027/3069/958 2439/3051/958 2427/3066/958
f 2200/3006/1718 2251/2684/1718 2266/2710/1718 2215/2604/1718
f 2204/2619/1719 2254/2698/1719 2269/2697/1719 2221/2608/1719
f 2268/2713/961 2153/2475/961 2126/2474/961 2255/2699/961
f 2016/3070/958 2442/3071/958 2440/3055/958 2429/3072/958
f 2429/3072/961 2440/3055/961 2035/3054/961 2219/3073/961
f 2271/2756/1006 2273/2736/1006 2274/2735/1006
f 2282/2745/1720 2281/2748/1720 2285/2751/1720 2284/2746/1720
f 2279/2753/1721 2278/2754/1721 2281/2748/1721 2282/2745/1721
f 2285/2751/1722 2283/2750/1722 2275/2739/1722 2277/2741/1722
f 2149/2980/1723 2148/2978/1723 2107/2498/1723 2272/2738/1723 2273/2736/1723
f 2273/2736/1724 2271/2756/1724 2098/2505/1724 2141/2504/1724 2149/2980/1724
f 2110/2493/1725 2108/2500/1725 2275/2739/1725 2283/2750/1725
f 2308/3074/1726 1311/2172/1726 1379/2171/1726 2305/3075/1726
f 2307/3076/1727 2288/2822/1727 2286/2823/1727 2306/3077/1727
f 2305/3075/1728 1379/2171/1728 1383/2176/1728 2309/3078/1728
f 2306/3077/1729 2286/2823/1729 2293/2768/1729 2310/2767/1729
f 2309/3078/1730 1383/2176/1730 1385/1866/1730 2311/2776/1730
f 2329/3079/1731 2330/3080/1731 2325/3081/1731 2326/3082/1731
f 2316/2790/1732 2402/2813/1732 2291/2814/1732 2318/2821/1732
f 2293/2768/1733 2286/2823/1733 2294/2952/1733 2295/2780/1733
f 2319/2760/1734 2398/2759/1734 2401/2954/1734 2320/2953/1734
f 2299/2806/1735 2297/2816/1735 2302/2817/1735 2303/2807/1735
f 2393/2951/1736 2387/2959/1736 2300/2803/1736 2322/2802/1736
f 2387/2959/1737 2391/2958/1737 2299/2806/1737 2300/2803/1737
f 2391/2958/1738 2392/2820/1738 2297/2816/1738 2299/2806/1738
f 2389/2783/1739 2388/2960/1739 2385/2961/1739 2298/2784/1739
f 1387/2181/1740 2312/2770/1740 2315/2779/1740 1391/2067/1740
f 1384/2182/1741 2310/2767/1741 2312/2770/1741 1387/2181/1741
f 2397/2962/1742 2309/3078/1742 2311/2776/1742 2402/2813/1742
f 1381/2183/1743 2306/3077/1743 2310/2767/1743 1384/2182/1743
f 2398/2759/1744 2305/3075/1744 2309/3078/1744 2397/2962/1744
f 1382/2184/1745 2307/3076/1745 2306/3077/1745 1381/2183/1745
f 2287/2758/1746 2308/3074/1746 2305/3075/1746 2398/2759/1746
f 2402/2813/1747 2316/2790/1747 2321/2791/1747 2400/2956/1747
f 2286/2823/1748 2319/2760/1748 2320/2953/1748 2294/2952/1748
f 1408/2185/1749 2326/3082/1749 2325/3081/1749 1407/2186/1749
f 1399/2187/1750 2329/2840/1750 2326/3083/1750 1408/2188/1750
f 1389/1907/1751 2314/2764/1751 2329/2840/1751 1399/2187/1751
f 2367/2895/1752 2364/2894/1752 2354/2882/1752 2352/2881/1752
f 2314/2764/1753 2328/2763/1753 2331/2841/1753 2329/2840/1753
f 2324/2825/1754 2325/2808/1754 2341/3084/1754 2342/3085/1754
f 2338/2963/1755 2328/2763/1755 2317/2774/1755 2327/2824/1755 2323/2839/1755 2340/2967/1755
f 2325/2808/1756 2330/2844/1756 2339/2847/1756 2341/3084/1756
f 2323/2839/1757 2324/2825/1757 2342/3085/1757 2340/2967/1757
f 2407/2864/1758 2406/2852/1758 2345/2855/1758 2346/2865/1758
f 2331/2841/1759 2328/2763/1759 2338/2963/1759 2337/2842/1759
f 2366/2870/1760 2367/2895/1760 2352/2881/1760 2355/2871/1760
f 2333/2838/1761 2332/2812/1761 2347/2868/1761 2348/2904/1761
f 2355/2871/1762 2352/2881/1762 2358/2873/1762 2361/2879/1762
f 2365/2886/1763 2369/2885/1763 2356/3086/1763 2353/2887/1763
f 2361/2879/1764 2358/2873/1764 2357/2876/1764 2362/2880/1764
f 2364/2894/1765 2365/2886/1765 2353/2887/1765 2354/2882/1765
f 2353/2887/1766 2356/3086/1766 2363/2878/1766 2359/2877/1766
f 2375/2905/1767 2372/2903/1767 2366/2870/1767 2368/2869/1767
f 2372/2903/1768 2374/2892/1768 2367/2895/1768 2366/2870/1768
f 2347/2931/1769 2384/2890/1769 2348/2935/1769
f 2409/2928/1770 2410/2929/1770 2382/2910/1770 2381/2914/1770
f 2302/2817/1771 2189/2948/1771 2184/2949/1771 2303/2807/1771
f 2400/2956/1736 2321/2791/1736 2393/2951/1736 2395/2950/1736
f 2295/2780/1738 2294/2952/1738 2392/2820/1738 2391/2958/1738
f 2340/2967/1772 2342/3085/1772 2407/2864/1772 2405/2849/1772
f 2341/3084/1773 2339/2847/1773 2416/2853/1773 2406/2852/1773
f 2342/3085/1774 2341/3084/1774 2406/2852/1774 2407/2864/1774
f 2412/2969/1775 2419/2925/1775 2408/2924/1775 2420/2970/1775
f 2420/2971/1776 2408/2923/1776 2415/2922/1776 2411/2972/1776
f 2192/2991/958 2422/2986/958 2423/2989/958 2193/2992/958
f 2190/2990/958 2011/3087/958 2422/2986/958 2192/2991/958
f 2191/2993/958 2424/3017/958 2011/3087/958 2190/2990/958
f 2193/2992/958 2423/2989/958 2424/3017/958 2191/2993/958
f 2196/2994/958 2425/3088/958 2012/2998/958 2195/2995/958
f 2195/2995/958 2012/2998/958 2426/3001/958 2194/2996/958
f 2197/2997/958 2013/3023/958 2425/3088/958 2196/2994/958
f 2194/2996/958 2426/3001/958 2013/3023/958 2197/2997/958
f 2202/3002/958 2014/3089/958 2427/3007/958 2199/3003/958
f 2199/3003/958 2427/3007/958 2428/3010/958 2198/3004/958
f 2203/3005/958 2015/3027/958 2014/3089/958 2202/3002/958
f 2198/3004/958 2428/3010/958 2015/3027/958 2203/3005/958
f 2208/3012/958 2429/3090/958 2017/3013/958
f 2206/3011/958 2016/3091/958 2429/3090/958 2208/3012/958
f 2207/3014/958 2430/3092/958 2016/3091/958 2206/3011/958
f 2017/3013/958 2430/3092/958 2207/3014/958
f 2238/3031/958 2431/3093/958 2432/3094/958 2239/3032/958
f 2236/3030/958 2433/3095/958 2431/3093/958 2238/3031/958
f 2237/3033/958 2434/3096/958 2433/3095/958 2236/3030/958
f 2239/3032/958 2432/3094/958 2434/3096/958 2237/3033/958
f 2245/3036/958 2436/3097/958 2435/3040/958 2242/3037/958
f 2242/3037/958 2435/3040/958 2437/3043/958 2241/3038/958
f 2246/3039/958 2024/3065/958 2436/3097/958 2245/3036/958
f 2241/3038/958 2437/3043/958 2024/3065/958 2246/3039/958
f 2252/3044/958 2026/3098/958 2438/3048/958 2249/3045/958
f 2249/3045/958 2438/3048/958 2439/3051/958 2248/3046/958
f 2253/3047/958 2027/3069/958 2026/3098/958 2252/3044/958
f 2248/3046/958 2439/3051/958 2027/3069/958 2253/3047/958
f 2259/3057/958 2029/3052/958 2440/3055/958 2260/3058/958
f 2257/3056/958 2441/3099/958 2029/3052/958 2259/3057/958
f 2258/3059/958 2442/3071/958 2441/3099/958 2257/3056/958
f 2260/3058/958 2440/3055/958 2442/3071/958 2258/3059/958
f 2526/3100/1777 2518/3101/1777 2446/3102/1777 2515/3103/1777 2589/3104/1777
f 2459/3105/1778 2457/3106/1778 2444/3107/1778 2449/3108/1778
f 2460/3109/1779 1816/2214/1779 1837/2213/1779 2472/3110/1779
f 2469/3111/1780 1828/2218/1780 1804/2217/1780 2454/3112/1780
f 2530/3113/1781 2466/3114/1781 2447/3115/1781 2523/3116/1781
f 2475/3117/1782 2459/3105/1782 2449/3108/1782 2473/3118/1782
f 2477/3119/1783 2470/3120/1783 2450/3121/1783 2474/3122/1783
f 2470/3120/1784 2467/3123/1784 2448/3124/1784 2450/3121/1784
f 2557/3125/1785 2551/3126/1785 2451/3127/1785 2552/3128/1785
f 2528/3129/1786 2462/3130/1786 2288/3131/1786 2524/3132/1786
f 2465/3133/1787 2461/3134/1787 2287/3135/1787 2054/3136/1787
f 2463/3137/1788 1821/2246/1788 1311/2245/1788 2308/3138/1788
f 2527/3139/1789 2463/3137/1789 2308/3138/1789 2521/3140/1789
f 1822/2249/1790 2464/3141/1790 2307/3142/1790 1382/2250/1790
f 1859/2253/1791 1807/2258/1791 2514/3143/1791 2565/3144/1791 2590/3145/1791 2516/3146/1791
f 2532/3147/1792 2531/3148/1792 2472/3110/1792 2471/3149/1792
f 2533/3150/1793 2532/3147/1793 2471/3149/1793 2478/3151/1793
f 1829/2264/1794 2468/3152/1794 2455/3153/1794 1805/2265/1794
f 2529/3154/1795 2469/3111/1795 2454/3112/1795 2520/3155/1795
f 2525/3156/1796 2460/3109/1796 2472/3110/1796 2531/3148/1796
f 1807/2258/1797 1800/2272/1797 2452/3157/1797 2514/3143/1797
f 2520/3155/1798 2454/3112/1798 2460/3109/1798 2525/3156/1798
f 2462/3130/1799 2465/3133/1799 2054/3136/1799 2288/3131/1799
f 2541/3158/1800 2474/3122/1800 2450/3121/1800 2459/3105/1800 2475/3117/1800
f 2454/3112/1801 1804/2217/1801 1816/2214/1801 2460/3109/1801
f 2450/3121/1802 2448/3124/1802 2457/3106/1802 2459/3105/1802
f 2447/3115/1803 2458/3159/1803 2465/3133/1803 2462/3130/1803
f 1805/2265/1804 2455/3153/1804 2464/3141/1804 1822/2249/1804
f 2519/3160/1805 2453/3161/1805 2463/3137/1805 2527/3139/1805
f 2453/3161/1806 1836/2277/1806 1821/2246/1806 2463/3137/1806
f 2458/3159/1807 2443/3162/1807 2461/3134/1807 2465/3133/1807
f 2523/3116/1808 2447/3115/1808 2462/3130/1808 2528/3129/1808
f 2518/3101/1809 2452/3157/1809 2469/3111/1809 2529/3154/1809
f 1855/2279/1810 2580/3163/1810 2485/3164/1810 2468/3152/1810 1829/2264/1810
f 2515/3103/1811 2446/3102/1811 2467/3123/1811 2470/3120/1811
f 2517/3165/1812 2515/3103/1812 2470/3120/1812 2477/3119/1812
f 2522/3166/1813 2486/3167/1813 2466/3114/1813 2530/3113/1813
f 2452/3157/1814 1800/2272/1814 1828/2218/1814 2469/3111/1814
f 2478/3151/1815 2471/3149/1815 1833/2286/1815 1845/2285/1815
f 2471/3149/1816 2472/3110/1816 1837/2213/1816 1833/2286/1816
f 2484/3168/1817 2478/3151/1817 1845/2285/1817 1853/2288/1817
f 2487/3169/1818 2517/3165/1818 2477/3119/1818 2483/3170/1818
f 2536/3171/1819 2533/3150/1819 2478/3151/1819 2484/3168/1819
f 2535/3172/1820 2534/3173/1820 2593/3174/1820 2517/3165/1820 2487/3169/1820
f 2483/3170/1821 2477/3119/1821 2474/3122/1821 2480/3175/1821
f 2482/3176/1822 2475/3117/1822 2473/3118/1822 2479/3177/1822
f 2458/3178/1823 2482/3176/1823 2479/3177/1823 2443/3179/1823
f 2466/3180/1824 2483/3170/1824 2480/3175/1824 2447/3181/1824
f 2519/3182/1825 2536/3171/1825 2484/3168/1825 2453/3183/1825
f 2480/3175/1826 2542/3184/1826 2482/3176/1826 2458/3178/1826 2447/3181/1826
f 2486/3185/1827 2487/3169/1827 2483/3170/1827 2466/3180/1827
f 2453/3183/1828 2484/3168/1828 1853/2288/1828 1836/2306/1828
f 2579/3186/1829 2580/3187/1829 1855/2309/1829 1891/2308/1829
f 2538/3188/1830 2522/3189/1830 2485/3190/1830 2512/3191/1830
f 2513/3192/1831 2487/3169/1831 2486/3185/1831 2445/3193/1831
f 2537/3194/1832 2535/3172/1832 2487/3169/1832 2513/3192/1832
f 2578/3195/1833 2490/3196/1833 2489/3197/1833 2511/3198/1833
f 1840/2322/1834 1859/2253/1834 2516/3146/1834 2492/3199/1834
f 2501/3200/1835 2510/3201/1835 2507/3202/1835 2492/3199/1835 2516/3146/1835 2489/3197/1835
f 1848/2327/1836 1879/2329/1836 2503/3203/1836 2490/3196/1836
f 2507/3202/1837 2510/3201/1837 2509/3204/1837 2506/3205/1837
f 2493/3206/1838 1873/2335/1838 2498/3207/1838 2496/3208/1838
f 2495/3209/1839 2500/3210/1839 2499/3211/1839 2497/3212/1839
f 2496/3208/1840 2498/3207/1840 2500/3210/1840 2495/3209/1840
f 2497/3212/1841 2499/3211/1841 2501/3200/1841 2481/3213/1841
f 2491/3214/1842 1879/2329/1842 1878/2343/1842 2502/3215/1842
f 2502/3215/1843 1878/2343/1843 1873/2335/1843 2493/3206/1843
f 1879/2329/1844 2491/3214/1844 2503/3203/1844
f 2503/3203/1845 2481/3213/1845 2490/3196/1845
f 2500/3210/1846 2498/3207/1846 1873/2335/1846 1882/2344/1846
f 2509/3204/1847 2508/3216/1847 2505/3217/1847 2506/3205/1847
f 2504/3218/1848 2506/3205/1848 2505/3217/1848 2494/3219/1848
f 2492/3199/1849 2507/3202/1849 2506/3205/1849 2504/3218/1849
f 2508/3216/1850 2509/3204/1850 2499/3211/1850 2500/3210/1850
f 2510/3201/1851 2501/3200/1851 2499/3211/1851 2509/3204/1851
f 1880/2349/1852 1866/2350/1852 2494/3219/1852 2505/3217/1852
f 1869/2351/1853 1880/2349/1853 2505/3217/1853 2508/3216/1853
f 2508/3216/1854 2500/3210/1854 1882/2344/1854 1869/2351/1854
f 2504/3218/1855 1890/2352/1855 1840/2322/1855 2492/3199/1855
f 1866/2350/1856 1890/2352/1856 2504/3218/1856 2494/3219/1856
f 2501/3200/1857 2489/3197/1857 2490/3196/1857 2481/3213/1857
f 2589/3220/1858 2588/3221/1858 2571/3222/1858 2526/3223/1858
f 2558/3224/1859 2562/3225/1859 2572/3226/1859 2488/3227/1859
f 2552/3128/1860 2451/3127/1860 2515/3103/1860 2517/3165/1860 2476/3228/1860
f 2559/3229/1861 2591/3230/1861 2516/3146/1861 2488/3227/1861
f 2555/3231/1862 2593/3174/1862 2534/3173/1862 2540/3232/1862
f 2560/3233/1863 2574/3234/1863 2575/3235/1863 2539/3236/1863
f 2511/3198/1864 2489/3197/1864 2535/3172/1864 2537/3194/1864
f 2445/3193/1865 2486/3185/1865 2522/3189/1865 2538/3188/1865
f 2443/3179/1866 2479/3177/1866 2536/3171/1866 2519/3182/1866
f 2489/3197/1867 2516/3146/1867 2591/3230/1867 2592/3237/1867 2534/3173/1867 2535/3172/1867
f 2479/3177/1868 2473/3118/1868 2533/3150/1868 2536/3171/1868
f 2485/3164/1869 2522/3166/1869 2530/3113/1869 2468/3152/1869
f 2446/3102/1870 2518/3101/1870 2529/3154/1870 2467/3123/1870
f 2455/3153/1871 2523/3116/1871 2528/3129/1871 2464/3141/1871
f 2443/3162/1872 2519/3160/1872 2527/3139/1872 2461/3134/1872
f 2448/3124/1873 2520/3155/1873 2525/3156/1873 2457/3106/1873
f 2457/3106/1874 2525/3156/1874 2531/3148/1874 2444/3107/1874
f 2467/3123/1875 2529/3154/1875 2520/3155/1875 2448/3124/1875
f 2473/3118/1876 2449/3108/1876 2532/3147/1876 2533/3150/1876
f 2449/3108/1877 2444/3107/1877 2531/3148/1877 2532/3147/1877
f 2461/3134/1878 2527/3139/1878 2521/3140/1878 2287/3135/1878
f 2464/3141/1879 2528/3129/1879 2524/3132/1879 2307/3142/1879
f 2573/3238/1880 2560/3239/1880 2539/3240/1880 2561/3241/1880
f 2468/3152/1881 2530/3113/1881 2523/3116/1881 2455/3153/1881
f 2514/3143/1882 2452/3157/1882 2518/3101/1882 2526/3100/1882 2587/3242/1882 2586/3243/1882 2585/3244/1882
f 2482/3176/1883 2542/3184/1883 2541/3158/1883 2475/3117/1883
f 2480/3175/1884 2549/3245/1884 2550/3246/1884 2542/3184/1884
s 1
f 2544/3247/1885 2543/3248/1885 2546/3249/1885 2545/3250/1885
s 0
f 2542/3184/1886 2550/3246/1886 2547/3251/1886 2541/3158/1886
f 2541/3158/1887 2547/3251/1887 2548/3252/1887 2474/3122/1887
f 2474/3122/1888 2548/3252/1888 2549/3245/1888 2480/3175/1888
f 2544/3247/1889 2548/3252/1889 2547/3251/1889 2543/3248/1889
f 2545/3250/1890 2549/3245/1890 2548/3252/1890 2544/3247/1890
f 2546/3249/1891 2550/3246/1891 2549/3245/1891 2545/3250/1891
f 2543/3248/1892 2547/3251/1892 2550/3246/1892 2546/3249/1892
f 2572/3226/1893 2564/3253/1893 2554/3254/1893 2566/3255/1893
f 2555/3231/1894 2557/3125/1894 2552/3128/1894 2476/3228/1894
f 2562/3225/1895 2456/3256/1895 2564/3253/1895 2572/3226/1895
f 2566/3255/1896 2554/3254/1896 2560/3239/1896 2573/3238/1896
f 2590/3145/1897 2558/3224/1897 2488/3227/1897 2516/3146/1897
f 2588/3257/1898 2570/3258/1898 2568/3259/1898 2569/3260/1898
f 2584/3261/1899 2583/3262/1899 2577/3263/1899 2581/3264/1899
f 2514/3265/1900 2567/3266/1900 2556/3267/1900 2456/3268/1900
f 2554/3269/1901 2577/3270/1901 2574/3234/1901 2560/3233/1901
f 2539/3236/1902 2575/3235/1902 2569/3271/1902 2551/3272/1902
f 2451/3273/1903 2568/3274/1903 2570/3275/1903 2515/3276/1903
f 2456/3277/1904 2556/3278/1904 2576/3279/1904 2564/3280/1904
f 2564/3280/1905 2576/3279/1905 2577/3270/1905 2554/3269/1905
f 2585/3281/1906 2582/3282/1906 2567/3266/1906 2514/3265/1906
f 2551/3272/1907 2569/3271/1907 2568/3274/1907 2451/3273/1907
f 2578/3195/1908 2684/3283/1908 2682/3284/1908 2676/3285/1908 2675/2417/1908 1858/2416/1908
f 2537/3194/1909 2538/3188/1909 2512/3191/1909 2688/3286/1909 2689/3287/1909 2695/3288/1909 2694/3289/1909 2693/3290/1909 2692/3291/1909 2511/3198/1909
f 2445/3193/1910 2538/3188/1910 2537/3194/1910 2513/3192/1910
f 2490/3196/1911 2578/3195/1911 1858/2416/1911 1848/2327/1911
f 2511/3198/1912 2692/3291/1912 2691/3292/1912 2690/3293/1912 2683/3294/1912 2684/3283/1912 2578/3195/1912
f 2512/3191/1913 2485/3190/1913 2580/3187/1913 2579/3186/1913
f 2571/3295/1914 2575/3296/1914 2583/3262/1914 2584/3261/1914
f 2581/3297/1906 2582/3282/1906 2585/3281/1906 2586/3298/1906
f 2567/3299/1915 2582/3300/1915 2576/3301/1915 2556/3302/1915
f 2577/3263/1916 2576/3301/1916 2582/3300/1916 2581/3264/1916
f 2587/3303/1917 2584/3304/1917 2581/3297/1917 2586/3298/1917
f 2526/3223/1906 2571/3222/1906 2584/3304/1906 2587/3303/1906
f 2571/3295/1918 2588/3257/1918 2569/3260/1918 2575/3296/1918
f 2515/3276/1858 2570/3275/1858 2588/3221/1858 2589/3220/1858
f 2488/3227/1919 2572/3226/1919 2566/3255/1919 2559/3229/1919
f 2559/3229/1920 2566/3255/1920 2573/3238/1920 2553/3305/1920
f 2553/3305/1921 2573/3238/1921 2561/3241/1921 2563/3306/1921
f 2590/3145/1922 2565/3144/1922 2562/3225/1922 2558/3224/1922
f 2562/3225/1923 2565/3144/1923 2514/3143/1923 2456/3256/1923
f 2553/3305/1924 2592/3237/1924 2591/3230/1924 2559/3229/1924
f 2534/3173/1925 2592/3237/1925 2553/3305/1925 2563/3306/1925
f 2540/3232/1926 2534/3173/1926 2563/3306/1926
f 2476/3228/1927 2517/3165/1927 2593/3174/1927 2555/3231/1927
f 2563/3306/1928 2561/3241/1928 2594/3307/1928 2540/3232/1928
f 2557/3125/1929 2594/3307/1929 2561/3241/1929 2539/3240/1929 2551/3126/1929
f 2540/3232/1930 2594/3307/1930 2557/3125/1930 2555/3231/1930
f 2689/1409/872 1269/1408/872 1185/1407/872 2695/1410/872
f 2672/3408/874 1267/1398/874 1260/1397/874 2677/3409/874 2679/3410/874
f 2680/3411/1983 2681/3412/1983 2685/3413/1983 2687/3414/1983 2579/3186/1983 1891/2308/1983
f 2681/1405/1984 1186/1403/1984 1270/1414/1984 2685/3415/1984
f 2687/3414/1985 2686/3416/1985 2688/3286/1985 2512/3191/1985 2579/3186/1985
f 2668/1455/1986 1265/1430/1986 1308/1522/1986 2670/1521/1986
f 2682/1438/1987 1201/1438/1987 1278/1436/1987 2676/1494/1987
f 2664/3417/868 1279/1440/868 1264/1434/868 2667/1435/868
f 2674/1425/1988 1200/1425/1988 1276/1423/1988 2673/1423/1988
f 2679/2427/1989 2677/3418/1989 1960/2307/1989 1893/2312/1989
f 2667/1435/1990 1264/1434/1990 1277/1431/1990 2666/3419/1990
f 2677/3418/1991 2678/3420/1991 2680/3411/1991 1891/2308/1991 1960/2307/1991
f 2685/3415/1992 1270/1414/1992 1259/1413/1992 2686/1413/1992 2687/3421/1992
f 2666/3419/1993 1277/1431/1993 1265/1430/1993 2668/1455/1993 2669/3422/1993
f 2683/1445/845 1280/1445/845 1201/1444/845 2682/1444/845 2684/3423/845
f 2671/1402/875 1261/1401/875 1267/1398/875 2672/3408/875
f 2676/1494/1994 1278/1436/1994 1200/1425/1994 2674/1425/1994 2675/3424/1994
f 2694/1418/1995 1275/1418/1995 1266/1428/1995 2693/1428/1995
f 2677/1406/1996 1260/1406/1996 1268/1404/1996 2678/1404/1996
f 2695/1410/1997 1185/1407/1997 1275/1418/1997 2694/1418/1997
f 2691/3425/1998 1309/1527/1998 1262/1447/1998 2690/1447/1998
f 2686/1411/873 1259/1411/873 1269/1408/873 2689/1409/873 2688/3426/873
f 2673/1423/1999 1276/1423/1999 1263/1424/1999 2663/1424/1999
f 2690/1447/846 1262/1447/846 1280/1445/846 2683/1445/846
f 2693/1428/2000 1266/1428/2000 1309/1527/2000 2691/3425/2000 2692/3427/2000
f 2663/1442/869 1263/1442/869 1279/1440/869 2664/3417/869 2665/3428/869
f 2678/1404/2001 1268/1404/2001 1186/1403/2001 2681/1405/2001 2680/3429/2001
f 2670/1521/2002 1308/1522/2002 1261/1401/2002 2671/1402/2002
usemtl Body
f 2601/3308/1931 2598/3309/1931 2615/3310/1931 2611/3311/1931
f 2606/3312/1932 2607/3313/1932 2627/3314/1932 2624/3315/1932
f 2603/3316/1933 2597/3317/1933 2613/3318/1933 2612/3319/1933
f 2595/3320/1934 2601/3308/1934 2611/3311/1934 2610/3321/1934
f 2597/3317/1935 2600/3322/1935 2609/3323/1935 2613/3318/1935
f 2607/3313/1936 2603/3316/1936 2612/3319/1936 2627/3314/1936
f 2596/3324/1937 2605/3325/1937 2616/3326/1937 2623/3327/1937
f 2600/3322/1938 2595/3320/1938 2610/3321/1938 2609/3323/1938
f 2605/3325/1939 2599/3328/1939 2617/3329/1939 2616/3326/1939
f 2604/3330/1940 2596/3324/1940 2623/3327/1940 2614/3331/1940
f 2602/3332/1941 2608/3333/1941 2628/3334/1941 2622/3335/1941
f 2608/3333/1942 2606/3312/1942 2624/3315/1942 2628/3334/1942
f 2626/3336/1943 2618/3337/1943 2619/3338/1943 2620/3339/1943
f 2625/3340/1944 2616/3341/1944 2617/3342/1944 2621/3343/1944
f 2618/3337/1945 2625/3340/1945 2621/3343/1945 2619/3338/1945
f 2615/3344/1946 2614/3345/1946 2625/3340/1946 2618/3337/1946
f 2614/3345/1947 2623/3346/1947 2616/3341/1947 2625/3340/1947
f 2609/3347/1948 2626/3336/1948 2620/3339/1948 2613/3348/1948
f 2610/3349/1949 2611/3350/1949 2626/3336/1949 2609/3347/1949
f 2611/3350/1950 2615/3344/1950 2618/3337/1950 2626/3336/1950
f 2613/3348/1951 2620/3339/1951 2627/3351/1951 2612/3352/1951
f 2620/3339/1952 2619/3338/1952 2624/3353/1952 2627/3351/1952
f 2619/3338/1953 2621/3343/1953 2628/3354/1953 2624/3353/1953
f 2621/3343/1954 2617/3342/1954 2622/3355/1954 2628/3354/1954
f 2598/3356/1955 2604/3330/1955 2614/3331/1955 2615/3357/1955
f 2599/3328/1956 2602/3332/1956 2622/3335/1956 2617/3329/1956
f 2635/3358/1957 2645/3359/1957 2649/3360/1957 2632/3361/1957
f 2640/3362/1958 2658/3363/1958 2661/3364/1958 2641/3365/1958
f 2637/3366/1959 2646/3367/1959 2647/3368/1959 2631/3369/1959
f 2629/3370/1960 2644/3371/1960 2645/3372/1960 2635/3373/1960
f 2631/3369/1961 2647/3368/1961 2643/3374/1961 2634/3375/1961
f 2641/3365/1962 2661/3364/1962 2646/3367/1962 2637/3366/1962
f 2630/3376/1963 2657/3377/1963 2650/3378/1963 2639/3379/1963
f 2634/3375/1964 2643/3374/1964 2644/3371/1964 2629/3370/1964
f 2639/3379/1965 2650/3378/1965 2651/3380/1965 2633/3381/1965
f 2638/3382/1966 2648/3383/1966 2657/3377/1966 2630/3376/1966
f 2636/3384/1967 2656/3385/1967 2662/3386/1967 2642/3387/1967
f 2642/3387/1968 2662/3386/1968 2658/3363/1968 2640/3362/1968
f 2660/3388/1969 2654/3389/1969 2653/3390/1969 2652/3391/1969
f 2659/3392/1970 2655/3393/1970 2651/3394/1970 2650/3395/1970
f 2652/3391/1971 2653/3390/1971 2655/3393/1971 2659/3392/1971
f 2649/3396/1972 2652/3391/1972 2659/3392/1972 2648/3397/1972
f 2648/3397/1973 2659/3392/1973 2650/3395/1973 2657/3398/1973
f 2643/3399/1974 2647/3400/1974 2654/3389/1974 2660/3388/1974
f 2644/3401/1975 2643/3399/1975 2660/3388/1975 2645/3402/1975
f 2645/3402/1976 2660/3388/1976 2652/3391/1976 2649/3396/1976
f 2647/3400/1977 2646/3403/1977 2661/3404/1977 2654/3389/1977
f 2654/3389/1978 2661/3404/1978 2658/3405/1978 2653/3390/1978
f 2653/3390/1979 2658/3405/1979 2662/3406/1979 2655/3393/1979
f 2655/3393/1980 2662/3406/1980 2656/3407/1980 2651/3394/1980
f 2632/3361/1981 2649/3360/1981 2648/3383/1981 2638/3382/1981
f 2633/3381/1982 2651/3380/1982 2656/3385/1982 2636/3384/1982
o Skull
v -0.125460 1.281002 -0.032200
v 0.087492 1.281002 -0.032200
v -0.150751 1.251155 -0.010532
v 0.112783 1.251155 -0.010532
v -0.163125 1.150491 0.007992
v -0.018984 1.315331 -0.042707
v 0.125157 1.150491 0.007992
v -0.018984 0.993279 -0.029904
v 0.029486 1.001231 -0.018370
v -0.158426 1.220225 0.007992
v 0.046582 1.305121 -0.039267
v 0.099453 1.095247 0.002011
v -0.093639 1.009133 -0.011475
v -0.137421 1.095247 0.002011
v -0.084550 1.305121 -0.039267
v 0.120458 1.220225 0.007992
v 0.055671 1.009133 -0.011475
v -0.018984 1.071521 -0.022096
v -0.018984 1.226650 -0.018702
v -0.091918 1.148710 -0.005906
v 0.053950 1.148710 -0.005906
v 0.055737 1.225113 -0.006575
v -0.093705 1.225113 -0.006575
v -0.100236 1.057130 -0.005851
v 0.062268 1.057130 -0.005851
v 0.115962 1.177046 0.006128
v -0.018984 1.190987 -0.017594
v -0.153930 1.177046 0.006128
v -0.018984 1.270420 -0.030555
v 0.050465 1.263703 -0.027964
v -0.088433 1.263703 -0.027964
v -0.140110 1.265863 -0.021239
v 0.048204 1.284765 -0.033742
v 0.102142 1.265863 -0.021238
v -0.018984 1.292876 -0.036631
v -0.086172 1.284765 -0.033742
v -0.155824 1.235222 -0.000195
v 0.117856 1.235222 -0.000195
v -0.018984 1.247893 -0.024460
v 0.052894 1.242972 -0.017579
v -0.090862 1.242972 -0.017580
v -0.155319 1.198454 0.006349
v 0.117351 1.198454 0.006349
v -0.018984 1.208605 -0.016882
v 0.122359 1.165440 0.007407
v -0.018984 1.175484 -0.018179
v -0.160327 1.165440 0.007407
v -0.075994 1.306935 -0.039846
v -0.083830 0.999140 -0.014998
v -0.081677 1.153495 -0.007918
v -0.085302 1.221202 -0.005848
v -0.085282 1.066271 -0.009201
v -0.059912 1.185049 -0.010833
v -0.078741 1.265097 -0.028480
v -0.077198 1.286243 -0.034235
v -0.080906 1.243481 -0.019808
v -0.072840 1.205499 -0.007739
v -0.067841 1.169216 -0.010048
v 0.045862 0.999140 -0.014998
v 0.043709 1.153495 -0.007918
v 0.038026 1.306936 -0.039846
v 0.047334 1.221202 -0.005848
v 0.047314 1.066271 -0.009201
v 0.021944 1.185049 -0.010833
v 0.040773 1.265097 -0.028480
v 0.039230 1.286243 -0.034235
v 0.042938 1.243481 -0.019808
v 0.034872 1.205499 -0.007739
v 0.029873 1.169216 -0.010048
v -0.105337 1.148314 -0.003286
v -0.091722 1.301470 -0.038205
v -0.104806 1.225729 -0.004739
v -0.107982 1.077768 -0.004317
v -0.099507 1.261215 -0.026475
v -0.095408 1.281653 -0.032799
v -0.102302 1.242120 -0.014830
v 0.053754 1.301470 -0.038205
v 0.067368 1.148314 -0.003286
v 0.066838 1.225729 -0.004739
v 0.070014 1.077768 -0.004317
v 0.061539 1.261215 -0.026475
v 0.057440 1.281653 -0.032799
v 0.064334 1.242120 -0.014830
v 0.067591 1.293930 -0.036016
v 0.084774 1.154542 0.000096
v 0.083058 1.220504 0.001763
v 0.082853 1.085040 -0.001555
v 0.084184 1.183360 -0.000040
v 0.081842 1.256574 -0.019824
v 0.074836 1.274817 -0.030660
v 0.085448 1.239048 -0.008853
v 0.086244 1.203452 0.001073
v 0.086276 1.169194 0.000352
v -0.122742 1.154542 0.000096
v -0.121026 1.220504 0.001763
v -0.120821 1.085040 -0.001555
v -0.122152 1.183360 -0.000040
v -0.119810 1.256574 -0.019824
v -0.112804 1.274817 -0.030660
v -0.123416 1.239048 -0.008853
v -0.124212 1.203452 0.001073
v -0.124244 1.169194 0.000352
v -0.105559 1.293930 -0.036016
v -0.147528 1.113136 0.004274
v -0.156177 1.132051 0.006672
v 0.118209 1.132052 0.006672
v 0.109560 1.113136 0.004274
v 0.019806 1.309513 -0.040732
v -0.018984 1.105755 -0.020809
v -0.094337 1.122502 -0.005714
v -0.096768 1.096103 -0.006236
v 0.056369 1.122502 -0.005714
v 0.058800 1.096103 -0.006236
v -0.082481 1.125349 -0.007911
v -0.084113 1.099917 -0.008554
v 0.044513 1.125349 -0.007911
v 0.046145 1.099917 -0.008554
v -0.106248 1.124924 -0.003306
v -0.107330 1.101413 -0.003983
v 0.068280 1.124924 -0.003306
v 0.069362 1.101413 -0.003983
v 0.088145 1.129399 0.000725
v 0.085644 1.107198 -0.000599
v -0.126113 1.129399 0.000725
v -0.123612 1.107198 -0.000599
v 0.007922 0.996748 -0.023743
v 0.001533 1.152694 -0.015611
v 0.002583 1.226235 -0.017315
v 0.004834 1.070445 -0.017694
v -0.006508 1.189122 -0.015640
v 0.000906 1.268981 -0.029961
v 0.000343 1.290784 -0.035866
v 0.001839 1.246914 -0.023970
v -0.001670 1.207831 -0.014036
v -0.005380 1.170988 -0.016127
v -0.000219 1.312587 -0.041771
v 0.003212 1.128910 -0.015806
v 0.000085 1.108468 -0.017186
v -0.037749 1.312587 -0.041771
v -0.045890 0.996748 -0.023743
v -0.039501 1.152694 -0.015611
v -0.040551 1.226235 -0.017315
v -0.042802 1.070445 -0.017694
v -0.031460 1.189122 -0.015640
v -0.038874 1.268981 -0.029961
v -0.038311 1.290784 -0.035866
v -0.039807 1.246914 -0.023970
v -0.036298 1.207831 -0.014036
v -0.032588 1.170988 -0.016127
v -0.041180 1.128910 -0.015806
v -0.038053 1.108468 -0.017186
v 0.022047 1.151213 -0.012089
v 0.024304 1.225230 -0.012606
v 0.027048 1.069210 -0.013422
v 0.007364 1.187010 -0.013301
v 0.021784 1.267028 -0.029215
v 0.020726 1.288330 -0.034991
v 0.023444 1.245119 -0.023188
v 0.016424 1.206734 -0.010924
v 0.012872 1.171017 -0.012944
v 0.024667 1.127326 -0.011695
v 0.025630 1.102487 -0.012446
v -0.067454 1.001231 -0.018370
v -0.060015 1.151213 -0.012089
v -0.062272 1.225230 -0.012607
v -0.065016 1.069210 -0.013422
v -0.045332 1.187010 -0.013301
v -0.059752 1.267028 -0.029215
v -0.058694 1.288330 -0.034991
v -0.061412 1.245119 -0.023188
v -0.054392 1.206734 -0.010924
v -0.050840 1.171017 -0.012944
v -0.062635 1.127326 -0.011695
v -0.063598 1.102487 -0.012446
v -0.057774 1.309513 -0.040732
v -0.124681 1.284881 -0.023016
v 0.086713 1.284881 -0.023016
v -0.149089 1.256092 -0.001995
v 0.111121 1.256092 -0.001995
v -0.161203 1.150505 0.017805
v -0.018984 1.317943 -0.033054
v 0.123235 1.150505 0.017805
v -0.018984 0.992328 -0.019949
v 0.027381 1.000417 -0.008628
v -0.156729 1.222359 0.017613
v 0.046483 1.307733 -0.029614
v 0.097471 1.095099 0.011811
v -0.090991 1.008366 -0.001863
v -0.135439 1.095098 0.011811
v -0.084451 1.307733 -0.029615
v 0.118761 1.222359 0.017613
v 0.053023 1.008366 -0.001863
v -0.018984 1.070864 -0.012118
v -0.018984 1.228825 -0.008942
v -0.090004 1.148626 0.003908
v 0.052036 1.148626 0.003908
v 0.054053 1.230094 0.001931
v -0.092021 1.230094 0.001931
v -0.097849 1.056619 0.003847
v 0.059881 1.056619 0.003847
v 0.114086 1.176986 0.015950
v -0.018984 1.190611 -0.007601
v -0.152054 1.176986 0.015950
v -0.018984 1.273032 -0.020902
v 0.049885 1.267191 -0.018610
v -0.087853 1.267191 -0.018610
v -0.138645 1.270524 -0.012514
v 0.048057 1.287395 -0.024095
v 0.100677 1.270524 -0.012514
v -0.018984 1.295488 -0.026978
v -0.086025 1.287395 -0.024096
v -0.154231 1.240028 0.008429
v 0.116263 1.240028 0.008429
v -0.018984 1.250608 -0.014835
v 0.051588 1.247676 -0.008852
v -0.089556 1.247676 -0.008853
v -0.153545 1.198199 0.016187
v 0.115577 1.198199 0.016187
v -0.018984 1.209206 -0.006900
v 0.120444 1.165460 0.017222
v -0.018984 1.175107 -0.008186
v -0.158412 1.165460 0.017222
v -0.075895 1.309547 -0.030194
v -0.081530 0.998358 -0.005298
v -0.079814 1.153361 0.001906
v -0.083524 1.225011 0.003225
v -0.083110 1.065802 0.000549
v -0.058196 1.184678 -0.000988
v -0.078297 1.268168 -0.018973
v -0.077098 1.288854 -0.024583
v -0.079716 1.247751 -0.010844
v -0.070854 1.206252 0.002032
v -0.066070 1.168869 -0.000212
v 0.043562 0.998358 -0.005297
v 0.041846 1.153361 0.001906
v 0.037927 1.309547 -0.030194
v 0.045556 1.225011 0.003226
v 0.045142 1.065802 0.000549
v 0.020228 1.184678 -0.000988
v 0.040329 1.268168 -0.018973
v 0.039130 1.288854 -0.024583
v 0.041748 1.247751 -0.010844
v 0.032886 1.206252 0.002033
v 0.028102 1.168869 -0.000212
v -0.103398 1.148243 0.006524
v -0.091622 1.304082 -0.028553
v -0.103123 1.230710 0.003768
v -0.106075 1.077631 0.005499
v -0.098512 1.265324 -0.017413
v -0.095074 1.284499 -0.023219
v -0.100765 1.247053 -0.006269
v 0.053654 1.304082 -0.028553
v 0.065430 1.148243 0.006524
v 0.065155 1.230710 0.003768
v 0.068107 1.077631 0.005499
v 0.060544 1.265324 -0.017413
v 0.057106 1.284499 -0.023218
v 0.062797 1.247053 -0.006268
v 0.067344 1.296821 -0.026446
v 0.082847 1.154537 0.009909
v 0.081359 1.223680 0.011092
v 0.080868 1.084867 0.008245
v 0.082325 1.183269 0.009786
v 0.080290 1.261322 -0.011161
v 0.073962 1.278626 -0.021455
v 0.083797 1.243967 -0.000304
v 0.084475 1.203185 0.010912
v 0.084362 1.169210 0.010167
v -0.120815 1.154537 0.009909
v -0.119327 1.223680 0.011092
v -0.118836 1.084867 0.008245
v -0.120293 1.183269 0.009786
v -0.118258 1.261322 -0.011161
v -0.111930 1.278626 -0.021455
v -0.121765 1.243967 -0.000305
v -0.122443 1.203185 0.010912
v -0.122330 1.169210 0.010167
v -0.105312 1.296821 -0.026446
v -0.145601 1.112824 0.014082
v -0.154256 1.131927 0.016485
v 0.116288 1.131927 0.016485
v 0.107633 1.112825 0.014082
v 0.019706 1.312124 -0.031079
v -0.018984 1.105378 -0.010816
v -0.092424 1.122253 0.004099
v -0.094816 1.095872 0.003569
v 0.054456 1.122253 0.004099
v 0.056848 1.095872 0.003569
v -0.080583 1.125138 0.001905
v -0.082147 1.099602 0.001246
v 0.042615 1.125138 0.001905
v 0.044179 1.099602 0.001246
v -0.104325 1.124701 0.006505
v -0.105404 1.101145 0.005826
v 0.066357 1.124701 0.006505
v 0.067436 1.101145 0.005826
v 0.086224 1.129209 0.010537
v 0.083700 1.106929 0.009206
v -0.124192 1.129209 0.010537
v -0.121668 1.106929 0.009206
v 0.005846 0.995860 -0.014001
v -0.000218 1.152428 -0.005769
v 0.001531 1.228796 -0.007706
v 0.002841 1.069817 -0.007914
v -0.008225 1.188750 -0.005795
v 0.000807 1.271593 -0.020308
v 0.000244 1.293396 -0.026213
v 0.001478 1.249881 -0.014427
v -0.003228 1.208489 -0.004180
v -0.007097 1.170617 -0.006283
v -0.000319 1.315198 -0.032118
v 0.001360 1.128666 -0.005982
v -0.001822 1.108098 -0.007377
v -0.037649 1.315198 -0.032118
v -0.043814 0.995860 -0.014002
v -0.037750 1.152428 -0.005769
v -0.039499 1.228796 -0.007706
v -0.040809 1.069817 -0.007914
v -0.029743 1.188750 -0.005795
v -0.038775 1.271593 -0.020308
v -0.038212 1.293396 -0.026213
v -0.039446 1.249881 -0.014427
v -0.034740 1.208489 -0.004180
v -0.030871 1.170617 -0.006283
v -0.039328 1.128666 -0.005982
v -0.036146 1.108098 -0.007377
v 0.020243 1.151003 -0.002256
v 0.022693 1.228301 -0.003227
v 0.025022 1.068638 -0.003646
v 0.005648 1.186639 -0.003456
v 0.021545 1.269756 -0.019597
v 0.020627 1.290941 -0.025339
v 0.022638 1.248721 -0.013895
v 0.014594 1.207379 -0.001114
v 0.011143 1.170651 -0.003101
v 0.022791 1.127102 -0.001875
v 0.023704 1.102129 -0.002639
v -0.065349 1.000417 -0.008628
v -0.058211 1.151003 -0.002256
v -0.060661 1.228301 -0.003227
v -0.062990 1.068638 -0.003646
v -0.043616 1.186639 -0.003456
v -0.059513 1.269756 -0.019597
v -0.058595 1.290941 -0.025339
v -0.060606 1.248721 -0.013895
v -0.052562 1.207379 -0.001114
v -0.049111 1.170651 -0.003101
v -0.060759 1.127102 -0.001875
v -0.061672 1.102129 -0.002639
v -0.057674 1.312124 -0.031079
vn -0.0395 -0.2742 -0.9609
vn -0.1988 0.0930 -0.9756
vn 0.1907 0.0369 -0.9810
vn 0.1916 -0.0025 -0.9815
vn 0.1622 -0.4999 -0.8508
vn 0.1555 -0.4823 -0.8621
vn -0.1679 -0.4979 -0.8508
vn -0.0331 -0.2832 -0.9585
vn -0.0100 -0.2612 -0.9652
vn -0.1869 0.0115 -0.9823
vn -0.1825 0.0364 -0.9825
vn 0.2642 0.0769 -0.9614
vn 0.2086 0.0168 -0.9778
vn 0.1982 0.0149 -0.9801
vn 0.1819 0.0165 -0.9832
vn -0.1625 0.0412 -0.9858
vn 0.1591 -0.4791 -0.8632
vn 0.0117 -0.2626 -0.9648
vn 0.0100 -0.2612 -0.9652
vn 0.0778 -0.3878 -0.9184
vn -0.0103 -0.2613 -0.9652
vn -0.0102 -0.2614 -0.9652
vn -0.0949 -0.4723 -0.8763
vn 0.1684 -0.4980 -0.8507
vn 0.0885 -0.4008 -0.9119
vn -0.1025 -0.1496 -0.9834
vn 0.1698 0.0595 -0.9837
vn 0.1912 -0.0006 -0.9816
vn -0.1605 0.0368 -0.9864
vn -0.0885 -0.4008 -0.9119
vn -0.2086 0.0168 -0.9778
vn -0.0117 -0.2626 -0.9648
vn -0.1622 -0.4999 -0.8508
vn -0.2642 0.0769 -0.9614
vn 0.1716 0.0371 -0.9845
vn 0.2166 -0.1229 -0.9685
vn 0.0722 -0.3134 -0.9469
vn 0.0103 -0.2616 -0.9651
vn 0.1723 0.0397 -0.9842
vn 0.1991 0.0315 -0.9795
vn 0.2127 0.0790 -0.9739
vn 0.1412 -0.4848 -0.8632
vn 0.1793 0.0336 -0.9832
vn -0.1672 -0.4967 -0.8517
vn -0.0125 -0.2632 -0.9647
vn -0.1986 0.0183 -0.9799
vn -0.1718 -0.5019 -0.8477
vn -0.0989 -0.3797 -0.9198
vn 0.0949 -0.4723 -0.8763
vn 0.0103 -0.2613 -0.9652
vn 0.0395 -0.2742 -0.9609
vn 0.1869 0.0115 -0.9823
vn 0.1679 -0.4979 -0.8508
vn 0.1672 -0.4967 -0.8517
vn 0.0125 -0.2632 -0.9647
vn 0.0989 -0.3797 -0.9198
vn 0.1986 0.0183 -0.9799
vn 0.1718 -0.5019 -0.8477
vn -0.1591 -0.4791 -0.8632
vn -0.1916 -0.0025 -0.9815
vn -0.1555 -0.4823 -0.8621
vn -0.1982 0.0149 -0.9801
vn -0.1819 0.0165 -0.9832
vn -0.0778 -0.3878 -0.9184
vn -0.1684 -0.4980 -0.8507
vn -0.1698 0.0595 -0.9837
vn -0.1912 -0.0006 -0.9816
vn -0.1928 -0.0003 -0.9812
vn -0.1907 0.0371 -0.9809
vn 0.1938 0.0048 -0.9810
vn 0.1907 0.0370 -0.9809
vn 0.1940 0.0096 -0.9810
vn -0.1938 0.0048 -0.9810
vn -0.1907 0.0370 -0.9809
vn 0.1882 0.0048 -0.9821
vn -0.1896 0.0076 -0.9818
vn 0.1928 -0.0003 -0.9812
vn 0.1907 0.0371 -0.9809
vn 0.1896 0.0076 -0.9818
vn 0.2085 0.0838 -0.9744
vn 0.0913 -0.3864 -0.9178
vn -0.1940 0.0096 -0.9810
vn 0.1717 0.0371 -0.9845
vn 0.1798 0.0121 -0.9836
vn 0.0331 -0.2832 -0.9585
vn 0.1988 0.0930 -0.9756
vn 0.1825 0.0364 -0.9825
vn 0.1625 0.0412 -0.9858
vn 0.0102 -0.2614 -0.9652
vn 0.1025 -0.1496 -0.9834
vn 0.1605 0.0368 -0.9864
vn -0.1798 0.0121 -0.9836
vn -0.1716 0.0371 -0.9845
vn -0.1796 -0.1889 -0.9654
vn -0.0115 -0.2630 -0.9647
vn -0.1718 0.0398 -0.9843
vn -0.1907 0.0369 -0.9810
vn -0.0913 -0.3864 -0.9178
vn -0.1717 0.0371 -0.9845
vn -0.2085 0.0838 -0.9744
vn 0.1718 0.0398 -0.9843
vn 0.0115 -0.2630 -0.9647
vn 0.1796 -0.1889 -0.9654
vn -0.2127 0.0790 -0.9739
vn -0.1793 0.0336 -0.9832
vn -0.1412 -0.4848 -0.8632
vn -0.0103 -0.2616 -0.9651
vn -0.1991 0.0315 -0.9795
vn -0.1723 0.0397 -0.9842
vn -0.0722 -0.3134 -0.9469
vn -0.2166 -0.1229 -0.9685
vn -0.1882 0.0048 -0.9821
vn 0.0357 0.2710 0.9619
vn 0.2070 -0.0930 0.9739
vn -0.1907 -0.0370 0.9809
vn -0.1916 0.0025 0.9815
vn -0.1684 0.4981 0.8506
vn -0.1542 0.4708 0.8687
vn 0.1684 0.4981 0.8506
vn 0.0333 0.2821 0.9588
vn 0.0100 0.2612 0.9652
vn 0.1876 -0.0118 0.9822
vn 0.1907 -0.0370 0.9809
vn -0.2648 -0.0767 0.9612
vn -0.2085 -0.0170 0.9779
vn -0.1982 -0.0149 0.9801
vn -0.1819 -0.0165 0.9832
vn 0.1716 -0.0371 0.9845
vn -0.1599 0.4809 0.8621
vn -0.0100 0.2612 0.9652
vn -0.0779 0.3879 0.9184
vn 0.0973 0.4739 0.8752
vn -0.0889 0.4014 0.9116
vn 0.1042 0.1495 0.9833
vn -0.1727 -0.0351 0.9843
vn -0.1912 0.0007 0.9816
vn 0.0889 0.4014 0.9116
vn 0.2085 -0.0170 0.9779
vn 0.2648 -0.0767 0.9612
vn -0.1716 -0.0371 0.9845
vn -0.2115 0.1332 0.9683
vn -0.0708 0.3119 0.9475
vn -0.1991 -0.0316 0.9795
vn -0.2126 -0.0790 0.9740
vn -0.1467 0.4820 0.8638
vn -0.1793 -0.0336 0.9832
vn 0.1986 -0.0183 0.9799
vn 0.0991 0.3795 0.9199
vn -0.0973 0.4739 0.8752
vn -0.0357 0.2710 0.9619
vn -0.1876 -0.0118 0.9822
vn -0.0991 0.3795 0.9199
vn -0.1986 -0.0183 0.9799
vn 0.1599 0.4809 0.8621
vn 0.1916 0.0025 0.9815
vn 0.1542 0.4708 0.8687
vn 0.1982 -0.0149 0.9801
vn 0.1819 -0.0165 0.9832
vn 0.0779 0.3879 0.9184
vn 0.1727 -0.0351 0.9843
vn 0.1912 0.0007 0.9816
vn 0.1928 0.0002 0.9812
vn -0.1938 -0.0049 0.9810
vn -0.1940 -0.0097 0.9810
vn 0.1938 -0.0049 0.9810
vn -0.1882 -0.0048 0.9821
vn 0.1896 -0.0077 0.9818
vn -0.1928 0.0002 0.9812
vn -0.1896 -0.0077 0.9818
vn -0.2084 -0.0837 0.9744
vn -0.0937 0.3845 0.9184
vn 0.1940 -0.0097 0.9810
vn -0.1798 -0.0121 0.9836
vn -0.0333 0.2821 0.9588
vn -0.2070 -0.0930 0.9739
vn -0.1042 0.1495 0.9833
vn 0.1798 -0.0121 0.9836
vn 0.1791 0.1879 0.9657
vn 0.0937 0.3845 0.9184
vn 0.2084 -0.0837 0.9744
vn -0.1791 0.1879 0.9657
vn 0.2126 -0.0790 0.9740
vn 0.1793 -0.0336 0.9832
vn 0.1467 0.4820 0.8638
vn 0.1991 -0.0316 0.9795
vn 0.0708 0.3119 0.9475
vn 0.2115 0.1332 0.9683
vn 0.1882 -0.0048 0.9821
vn -0.7707 0.6072 -0.1930
vn 0.5504 0.7944 -0.2567
vn 0.8465 0.5155 -0.1333
vn -0.9171 -0.3569 0.1776
vn -0.1528 0.9542 -0.2574
vn 0.9641 0.1875 0.1881
vn 0.1512 -0.9856 -0.0760
vn -0.9714 -0.1456 0.1874
vn 0.2171 0.9428 -0.2529
vn 0.8495 -0.5035 0.1575
vn -0.6936 -0.7102 0.1207
vn -0.9515 0.3076 0.0059
vn -0.4683 0.8541 -0.2263
vn 0.9740 0.2042 0.0980
vn -0.4064 0.9094 0.0883
vn 0.0265 0.9996 0.0131
vn -0.0346 -0.8654 0.4999
vn -0.4581 -0.7557 0.4680
vn -0.9574 -0.1620 0.2389
vn -0.5082 -0.8566 0.0888
vn 0.9574 -0.1620 0.2389
vn 0.9120 -0.3642 0.1886
vn 0.9811 -0.0682 0.1811
vn -0.8557 0.4901 0.1662
vn -0.8465 0.5155 -0.1333
vn 0.7707 0.6072 -0.1930
vn -0.9740 0.2042 0.0980
vn 0.9515 0.3075 0.0059
vn -0.9811 -0.0682 0.1811
vn 0.9714 -0.1456 0.1874
vn 0.8557 0.4901 0.1662
vn -0.9641 0.1875 0.1881
vn -0.3230 -0.9443 -0.0636
vn -0.2171 0.9428 -0.2529
vn 0.1045 -0.9890 -0.1049
vn -0.8779 0.4469 0.1718
vn -0.7600 -0.5804 0.2923
vn -0.8311 -0.5303 0.1672
vn -0.7306 0.6658 0.1513
vn 0.6936 -0.7102 0.1207
vn 0.4064 0.9094 0.0883
vn 0.1476 0.9551 -0.2569
vn 0.4581 -0.7557 0.4680
vn 0.8779 0.4469 0.1718
vn 0.7600 -0.5804 0.2923
vn 0.8311 -0.5303 0.1672
vn 0.7306 0.6658 0.1513
vn -0.0265 0.9996 0.0131
vn -0.4885 0.8412 -0.2320
vn 0.0346 -0.8654 0.4999
vn -0.9120 -0.3642 0.1886
vn 0.4683 0.8541 -0.2263
vn -0.3273 0.9430 -0.0608
vn -0.4467 -0.8426 0.3007
vn 0.4782 -0.8745 0.0811
vn 0.4885 0.8412 -0.2320
vn 0.5083 -0.8566 0.0888
vn -0.9712 -0.1472 -0.1871
vn -0.9753 -0.1602 -0.1521
vn -0.9775 0.1128 -0.1782
vn -0.9761 0.1038 -0.1910
vn 0.3273 0.9430 -0.0608
vn 0.4467 -0.8426 0.3007
vn -0.4782 -0.8745 0.0811
vn -0.5504 0.7944 -0.2567
vn 0.9761 0.1038 -0.1910
vn 0.9775 0.1128 -0.1782
vn 0.9753 -0.1602 -0.1521
vn 0.9712 -0.1472 -0.1871
vn -0.8495 -0.5035 0.1575
vn -0.8897 -0.4258 0.1650
vn 0.9171 -0.3569 0.1776
vn 0.8897 -0.4258 0.1650
vn -0.1525 0.9880 0.0226
vn 0.2145 -0.9759 -0.0392
vn 0.1528 0.9542 -0.2574
vn -0.9702 0.1615 -0.1807
vn -0.9812 -0.0656 -0.1815
vn -0.9196 -0.3525 -0.1734
vn -0.1596 0.9533 -0.2563
vn -0.1512 -0.9856 -0.0760
vn -0.1045 -0.9890 -0.1049
vn 0.3230 -0.9443 -0.0636
vn 0.1596 0.9533 -0.2563
vn 0.1525 0.9880 0.0226
vn 0.9702 0.1615 -0.1807
vn 0.9812 -0.0656 -0.1815
vn 0.9196 -0.3525 -0.1734
vn -0.2145 -0.9759 -0.0392
vn -0.1476 0.9551 -0.2569
vt 0.210810 0.062500
vt 0.250000 0.062500
vt 0.250000 0.125000
vt 0.210810 0.125000
vt 0.387892 0.750000
vt 0.500000 0.750000
vt 0.500000 1.000000
vt 0.387892 1.000000
vt 0.612108 0.666667
vt 0.668161 0.666667
vt 0.668161 0.750000
vt 0.612108 0.750000
vt 0.866922 0.426675
vt 1.000000 0.426675
vt 1.000000 0.500000
vt 0.866922 0.500000
vt 0.724215 0.187500
vt 0.750000 0.187500
vt 0.750000 0.250000
vt 0.724215 0.250000
vt 0.866922 0.187500
vt 1.000000 0.187500
vt 1.000000 0.250000
vt 0.866922 0.250000
vt 0.210810 0.187500
vt 0.250000 0.187500
vt 0.250000 0.250000
vt 0.210810 0.250000
vt 0.387892 0.187500
vt 0.500000 0.187500
vt 0.500000 0.250000
vt 0.387892 0.250000
vt 0.387892 0.062500
vt 0.500000 0.062500
vt 0.500000 0.125000
vt 0.387892 0.125000
vt 0.210810 0.666667
vt 0.250000 0.666667
vt 0.250000 0.750000
vt 0.210810 0.750000
vt 0.387892 0.666667
vt 0.500000 0.666667
vt 0.724215 0.750000
vt 0.750000 0.750000
vt 0.750000 1.000000
vt 0.724215 1.000000
vt 0.724215 0.666667
vt 0.750000 0.666667
vt 0.866922 0.666667
vt 1.000000 0.666667
vt 1.000000 0.750000
vt 0.866922 0.750000
vt 0.866922 0.312500
vt 1.000000 0.312500
vt 1.000000 0.375000
vt 0.866922 0.375000
vt 0.387892 0.312500
vt 0.500000 0.312500
vt 0.500000 0.375000
vt 0.387892 0.375000
vt 0.866922 0.062500
vt 1.000000 0.062500
vt 1.000000 0.125000
vt 0.866922 0.125000
vt 0.724215 0.062500
vt 0.750000 0.062500
vt 0.750000 0.125000
vt 0.724215 0.125000
vt 0.724215 0.000000
vt 0.750000 0.000000
vt 0.866922 0.000000
vt 1.000000 0.000000
vt 0.387892 0.000000
vt 0.500000 0.000000
vt 0.210810 0.000000
vt 0.250000 0.000000
vt 0.500000 0.426675
vt 0.387892 0.426675
vt 0.275785 0.125000
vt 0.275785 0.187500
vt 0.275785 0.000000
vt 0.275785 0.062500
vt 0.275785 0.666667
vt 0.275785 0.750000
vt 0.275785 0.250000
vt 0.275785 1.000000
vt 0.250000 1.000000
vt 0.668161 0.375000
vt 0.724215 0.375000
vt 0.724215 0.426675
vt 0.668161 0.426675
vt 0.668161 0.250000
vt 0.724215 0.312500
vt 0.668161 0.312500
vt 0.668161 0.125000
vt 0.668161 0.187500
vt 0.668161 0.000000
vt 0.668161 0.062500
vt 0.668161 1.000000
vt 0.724215 0.500000
vt 0.668161 0.500000
vt 0.133078 0.125000
vt 0.133078 0.187500
vt 0.133078 0.000000
vt 0.133078 0.062500
vt 0.133078 0.666667
vt 0.133078 0.750000
vt 0.133078 0.250000
vt 0.789190 0.125000
vt 0.789190 0.187500
vt 0.789190 0.000000
vt 0.789190 0.062500
vt 0.789190 0.666667
vt 0.789190 0.750000
vt 0.789190 0.250000
vt 0.000000 0.062500
vt 0.000000 0.125000
vt 0.000000 0.426675
vt 0.133078 0.426675
vt 0.133078 0.500000
vt 0.000000 0.500000
vt 0.000000 0.187500
vt 0.000000 0.250000
vt 0.000000 0.666667
vt 0.000000 0.750000
vt 0.000000 0.312500
vt 0.133078 0.312500
vt 0.133078 0.375000
vt 0.000000 0.375000
vt 0.000000 0.000000
vt 0.133078 0.583333
vt 0.000000 0.583333
vt 0.789190 0.500000
vt 0.866922 0.583333
vt 0.789190 0.583333
vt 0.750000 0.500000
vt 0.750000 0.583333
vt 0.210810 0.500000
vt 0.210810 0.583333
vt 0.724215 0.583333
vt 0.668161 0.583333
vt 0.250000 0.500000
vt 0.275785 0.500000
vt 0.275785 0.583333
vt 0.250000 0.583333
vt 1.000000 0.583333
vt 0.612107 1.000000
vt 0.612107 0.187500
vt 0.612108 0.250000
vt 0.612108 0.426675
vt 0.612108 0.500000
vt 0.612108 0.583333
vt 0.612108 0.312500
vt 0.612108 0.375000
vt 0.612108 0.062500
vt 0.612108 0.125000
vt 0.612107 0.000000
vt 0.331839 0.583333
vt 0.387892 0.583333
vt 0.331839 0.666667
vt 0.331839 0.500000
vt 0.387892 0.500000
vt 0.331839 0.375000
vt 0.331839 0.426675
vt 0.331839 0.250000
vt 0.331839 0.312500
vt 0.331839 0.125000
vt 0.331839 0.187500
vt 0.331839 0.000000
vt 0.331839 0.062500
vt 0.331839 0.750000
vt 0.331839 1.000000
vt 0.275785 0.426675
vt 0.275785 0.312500
vt 0.275785 0.375000
s 0
f 2770/3430/2003 2731/3431/2003 2726/3432/2003 2769/3433/2003
f 2838/3434/2004 2713/3435/2004 2703/3436/2004 2835/3437/2004
f 2833/3438/2005 2857/3439/2005 2849/3440/2005 2824/3441/2005
f 2788/3442/2006 2740/3443/2006 2702/3444/2006 2780/3445/2006
f 2762/3446/2007 2735/3447/2007 2717/3448/2007 2757/3449/2007
f 2786/3450/2008 2733/3451/2008 2711/3452/2008 2781/3453/2008
f 2771/3454/2009 2736/3455/2009 2718/3456/2009 2767/3457/2009
f 2842/3458/2010 2734/3459/2010 2714/3460/2010 2837/3461/2010
f 2841/3462/2011 2730/3463/2011 2724/3464/2011 2840/3465/2011
f 2814/3466/2012 2806/3467/2012 2719/3468/2012 2768/3469/2012
f 2846/3470/2013 2804/3471/2013 2713/3435/2013 2838/3434/2013
f 2758/3472/2014 2720/3473/2014 2712/3474/2014 2754/3475/2014
f 2812/3476/2015 2808/3477/2015 2720/3473/2015 2758/3472/2015
f 2818/3478/2016 2802/3479/2016 2707/3480/2016 2782/3481/2016
f 2787/3482/2017 2738/3483/2017 2721/3484/2017 2783/3485/2017
f 2843/3486/2018 2739/3487/2018 2722/3488/2018 2839/3489/2018
f 2785/3490/2019 2729/3491/2019 2699/3492/2019 2784/3493/2019
f 2761/3494/2020 2728/3495/2020 2725/3496/2020 2760/3497/2020
f 2756/3498/2021 2706/3499/2021 2728/3495/2021 2761/3494/2021
f 2779/3500/2022 2697/3501/2022 2729/3491/2022 2785/3490/2022
f 2834/3502/2011 2701/3503/2011 2730/3463/2011 2841/3462/2011
f 2766/3504/2023 2710/3505/2023 2731/3431/2023 2770/3430/2023
f 2840/3465/2024 2724/3464/2024 2734/3459/2024 2842/3458/2024
f 2769/3433/2025 2726/3432/2025 2736/3455/2025 2771/3454/2025
f 2784/3493/2026 2699/3492/2026 2733/3451/2026 2786/3450/2026
f 2760/3497/2027 2725/3496/2027 2735/3447/2027 2762/3446/2027
f 2837/3461/2028 2714/3460/2028 2739/3487/2028 2843/3486/2028
f 2781/3453/2029 2711/3452/2029 2738/3483/2029 2787/3482/2029
f 2783/3485/2030 2721/3484/2030 2740/3443/2030 2788/3442/2030
f 2839/3489/2031 2722/3488/2031 2741/3506/2031 2844/3507/2031
f 2726/3432/2032 2749/3508/2032 2751/3509/2032 2736/3455/2032
f 2710/3505/2011 2743/3510/2011 2750/3511/2011 2731/3431/2011
f 2806/3467/2033 2810/3512/2033 2747/3513/2033 2719/3468/2033
f 2731/3431/2034 2750/3511/2034 2749/3508/2034 2726/3432/2034
f 2736/3455/2035 2751/3509/2035 2746/3514/2035 2718/3456/2035
f 2719/3468/2036 2747/3513/2036 2744/3515/2036 2708/3516/2036
f 2850/3517/2037 2759/3518/2037 2764/3519/2037 2855/3520/2037
f 2848/3521/2038 2757/3449/2038 2763/3522/2038 2854/3523/2038
f 2851/3524/2039 2760/3497/2039 2762/3446/2039 2853/3525/2039
f 2803/3526/2021 2756/3498/2021 2761/3494/2021 2852/3527/2021
f 2852/3527/2040 2761/3494/2040 2760/3497/2040 2851/3524/2040
f 2854/3523/2041 2763/3522/2041 2759/3518/2041 2850/3517/2041
f 2857/3439/2042 2812/3476/2042 2758/3472/2042 2849/3440/2042
f 2849/3440/2043 2758/3472/2043 2754/3475/2043 2704/3528/2043
f 2853/3525/2044 2762/3446/2044 2757/3449/2044 2848/3521/2044
f 2855/3520/2045 2764/3519/2045 2755/3529/2045 2847/3530/2045
f 2793/3531/2046 2769/3433/2046 2771/3454/2046 2795/3532/2046
f 2798/3533/2047 2766/3504/2047 2770/3430/2047 2794/3534/2047
f 2820/3535/2048 2814/3466/2048 2768/3469/2048 2791/3536/2048
f 2795/3532/2049 2771/3454/2049 2767/3457/2049 2790/3537/2049
f 2794/3534/2050 2770/3430/2050 2769/3433/2050 2793/3531/2050
f 2725/3496/2051 2776/3538/2051 2778/3539/2051 2735/3447/2051
f 2706/3499/2052 2772/3540/2052 2777/3541/2052 2728/3495/2052
f 2728/3495/2053 2777/3541/2053 2776/3538/2053 2725/3496/2053
f 2808/3477/2054 2816/3542/2054 2775/3543/2054 2720/3473/2054
f 2735/3447/2055 2778/3539/2055 2774/3544/2055 2717/3448/2055
f 2776/3538/2056 2784/3493/2056 2786/3450/2056 2778/3539/2056
f 2772/3540/2057 2779/3500/2057 2785/3490/2057 2777/3541/2057
f 2777/3541/2058 2785/3490/2058 2784/3493/2058 2776/3538/2058
f 2816/3542/2059 2818/3478/2059 2782/3481/2059 2775/3543/2059
f 2778/3539/2060 2786/3450/2060 2781/3453/2060 2774/3544/2060
f 2727/3545/2061 2794/3534/2061 2793/3531/2061 2698/3546/2061
f 2742/3547/2062 2797/3548/2062 2789/3549/2062 2700/3550/2062
f 2732/3551/2063 2795/3532/2063 2790/3537/2063 2705/3552/2063
f 2799/3553/2064 2820/3535/2064 2791/3536/2064 2709/3554/2064
f 2737/3555/2065 2796/3556/2065 2792/3557/2065 2723/3558/2065
f 2696/3559/2066 2798/3533/2066 2794/3534/2066 2727/3545/2066
f 2698/3546/2067 2793/3531/2067 2795/3532/2067 2732/3551/2067
f 2705/3552/2068 2790/3537/2068 2796/3556/2068 2737/3555/2068
f 2723/3558/2069 2792/3557/2069 2797/3548/2069 2742/3547/2069
f 2700/3550/2070 2789/3549/2070 2819/3560/2070 2800/3561/2070
f 2800/3561/2071 2819/3560/2071 2820/3535/2071 2799/3553/2071
f 2773/3562/2072 2780/3445/2072 2817/3563/2072 2815/3564/2072
f 2815/3564/2073 2817/3563/2073 2818/3478/2073 2816/3542/2073
f 2716/3565/2074 2773/3562/2074 2815/3564/2074 2807/3566/2074
f 2807/3566/2073 2815/3564/2073 2816/3542/2073 2808/3477/2073
f 2789/3549/2075 2765/3567/2075 2813/3568/2075 2819/3560/2075
f 2819/3560/2076 2813/3568/2076 2814/3466/2076 2820/3535/2076
f 2847/3530/2077 2755/3529/2077 2811/3569/2077 2856/3570/2077
f 2856/3570/2073 2811/3569/2073 2812/3476/2073 2857/3439/2073
f 2715/3571/2078 2745/3572/2078 2809/3573/2078 2805/3574/2078
f 2805/3574/2076 2809/3573/2076 2810/3512/2076 2806/3467/2076
f 2780/3445/2079 2702/3444/2079 2801/3575/2079 2817/3563/2079
f 2817/3563/2080 2801/3575/2080 2802/3479/2080 2818/3478/2080
f 2755/3529/2081 2716/3565/2081 2807/3566/2081 2811/3569/2081
f 2811/3569/2073 2807/3566/2073 2808/3477/2073 2812/3476/2073
f 2824/3441/2082 2849/3440/2082 2704/3528/2082 2821/3576/2082
f 2828/3577/2083 2853/3525/2083 2848/3521/2083 2823/3578/2083
f 2765/3567/2084 2715/3571/2084 2805/3574/2084 2813/3568/2084
f 2813/3568/2076 2805/3574/2076 2806/3467/2076 2814/3466/2076
f 2830/3579/2085 2855/3520/2085 2847/3530/2085 2822/3580/2085
f 2822/3580/2086 2847/3530/2086 2856/3570/2086 2832/3581/2086
f 2832/3581/2073 2856/3570/2073 2857/3439/2073 2833/3438/2073
f 2734/3459/2087 2828/3577/2087 2823/3578/2087 2714/3460/2087
f 2713/3435/2088 2824/3441/2088 2821/3576/2088 2703/3436/2088
f 2804/3471/2089 2833/3438/2089 2824/3441/2089 2713/3435/2089
f 2739/3487/2090 2829/3582/2090 2825/3583/2090 2722/3488/2090
f 2730/3463/2021 2827/3584/2021 2826/3585/2021 2724/3464/2021
f 2701/3503/2021 2831/3586/2021 2827/3584/2021 2730/3463/2021
f 2724/3464/2091 2826/3585/2091 2828/3577/2091 2734/3459/2091
f 2714/3460/2092 2823/3578/2092 2829/3582/2092 2739/3487/2092
f 2722/3488/2093 2825/3583/2093 2830/3579/2093 2741/3506/2093
f 2868/3587/2076 2845/3588/2076 2846/3470/2076 2869/3589/2076
f 2859/3590/2094 2836/3591/2094 2845/3588/2094 2868/3587/2094
f 2862/3592/2095 2839/3489/2095 2844/3507/2095 2867/3593/2095
f 2860/3594/2096 2837/3461/2096 2843/3486/2096 2866/3595/2096
f 2863/3596/2097 2840/3465/2097 2842/3458/2097 2865/3597/2097
f 2870/3598/2011 2834/3502/2011 2841/3462/2011 2864/3599/2011
f 2866/3595/2098 2843/3486/2098 2839/3489/2098 2862/3592/2098
f 2869/3589/2099 2846/3470/2099 2838/3434/2099 2861/3600/2099
f 2864/3599/2011 2841/3462/2011 2840/3465/2011 2863/3596/2011
f 2865/3597/2100 2842/3458/2100 2837/3461/2100 2860/3594/2100
f 2867/3593/2101 2844/3507/2101 2836/3591/2101 2859/3590/2101
f 2861/3600/2102 2838/3434/2102 2835/3437/2102 2858/3601/2102
f 2829/3582/2103 2854/3523/2103 2850/3517/2103 2825/3583/2103
f 2827/3584/2021 2852/3527/2021 2851/3524/2021 2826/3585/2021
f 2831/3586/2021 2803/3526/2021 2852/3527/2021 2827/3584/2021
f 2826/3585/2104 2851/3524/2104 2853/3525/2104 2828/3577/2104
f 2823/3578/2105 2848/3521/2105 2854/3523/2105 2829/3582/2105
f 2825/3583/2037 2850/3517/2037 2855/3520/2037 2830/3579/2037
f 2747/3513/2106 2861/3600/2106 2858/3601/2106 2744/3515/2106
f 2753/3602/2107 2867/3593/2107 2859/3590/2107 2745/3572/2107
f 2751/3509/2108 2865/3597/2108 2860/3594/2108 2746/3514/2108
f 2750/3511/2109 2864/3599/2109 2863/3596/2109 2749/3508/2109
f 2810/3512/2110 2869/3589/2110 2861/3600/2110 2747/3513/2110
f 2752/3603/2111 2866/3595/2111 2862/3592/2111 2748/3604/2111
f 2743/3510/2011 2870/3598/2011 2864/3599/2011 2750/3511/2011
f 2749/3508/2112 2863/3596/2112 2865/3597/2112 2751/3509/2112
f 2746/3514/2113 2860/3594/2113 2866/3595/2113 2752/3603/2113
f 2748/3604/2095 2862/3592/2095 2867/3593/2095 2753/3602/2095
f 2745/3572/2114 2859/3590/2114 2868/3587/2114 2809/3573/2114
f 2809/3573/2076 2868/3587/2076 2869/3589/2076 2810/3512/2076
f 2945/3430/2115 2944/3433/2115 2901/3432/2115 2906/3431/2115
f 3013/3434/2116 3010/3437/2116 2878/3436/2116 2888/3435/2116
f 3008/3438/2117 2999/3441/2117 3024/3440/2117 3032/3439/2117
f 2963/3442/2118 2955/3445/2118 2877/3444/2118 2915/3443/2118
f 2937/3446/2119 2932/3449/2119 2892/3448/2119 2910/3447/2119
f 2961/3450/2120 2956/3453/2120 2886/3452/2120 2908/3451/2120
f 2946/3454/2121 2942/3457/2121 2893/3456/2121 2911/3455/2121
f 3017/3458/2122 3012/3461/2122 2889/3460/2122 2909/3459/2122
f 3016/3462/2123 3015/3465/2123 2899/3464/2123 2905/3463/2123
f 2989/3466/2124 2943/3469/2124 2894/3468/2124 2981/3467/2124
f 3021/3470/2125 3013/3434/2125 2888/3435/2125 2979/3471/2125
f 2933/3472/2126 2929/3475/2126 2887/3474/2126 2895/3473/2126
f 2987/3476/2127 2933/3472/2127 2895/3473/2127 2983/3477/2127
f 2993/3478/2128 2957/3481/2128 2882/3480/2128 2977/3479/2128
f 2962/3482/2129 2958/3485/2129 2896/3484/2129 2913/3483/2129
f 3018/3486/2130 3014/3489/2130 2897/3488/2130 2914/3487/2130
f 2960/3490/2131 2959/3493/2131 2874/3492/2131 2904/3491/2131
f 2936/3494/2132 2935/3497/2132 2900/3496/2132 2903/3495/2132
f 2931/3498/2132 2936/3494/2132 2903/3495/2132 2881/3499/2132
f 2954/3500/2133 2960/3490/2133 2904/3491/2133 2872/3501/2133
f 3009/3502/2123 3016/3462/2123 2905/3463/2123 2876/3503/2123
f 2941/3504/2123 2945/3430/2123 2906/3431/2123 2885/3505/2123
f 3015/3465/2123 3017/3458/2123 2909/3459/2123 2899/3464/2123
f 2944/3433/2134 2946/3454/2134 2911/3455/2134 2901/3432/2134
f 2959/3493/2119 2961/3450/2119 2908/3451/2119 2874/3492/2119
f 2935/3497/2135 2937/3446/2135 2910/3447/2135 2900/3496/2135
f 3012/3461/2136 3018/3486/2136 2914/3487/2136 2889/3460/2136
f 2956/3453/2137 2962/3482/2137 2913/3483/2137 2886/3452/2137
f 2958/3485/2138 2963/3442/2138 2915/3443/2138 2896/3484/2138
f 3014/3489/2130 3019/3507/2130 2916/3506/2130 2897/3488/2130
f 2901/3432/2139 2911/3455/2139 2926/3509/2139 2924/3508/2139
f 2885/3505/2123 2906/3431/2123 2925/3511/2123 2918/3510/2123
f 2981/3467/2140 2894/3468/2140 2922/3513/2140 2985/3512/2140
f 2906/3431/2123 2901/3432/2123 2924/3508/2123 2925/3511/2123
f 2911/3455/2121 2893/3456/2121 2921/3514/2121 2926/3509/2121
f 2894/3468/2141 2883/3516/2141 2919/3515/2141 2922/3513/2141
f 3025/3517/2142 3030/3520/2142 2939/3519/2142 2934/3518/2142
f 3023/3521/2143 3029/3523/2143 2938/3522/2143 2932/3449/2143
f 3026/3524/2144 3028/3525/2144 2937/3446/2144 2935/3497/2144
f 2978/3526/2132 3027/3527/2132 2936/3494/2132 2931/3498/2132
f 3027/3527/2132 3026/3524/2132 2935/3497/2132 2936/3494/2132
f 3029/3523/2142 3025/3517/2142 2934/3518/2142 2938/3522/2142
f 3032/3439/2145 3024/3440/2145 2933/3472/2145 2987/3476/2145
f 3024/3440/2146 2879/3528/2146 2929/3475/2146 2933/3472/2146
f 3028/3525/2147 3023/3521/2147 2932/3449/2147 2937/3446/2147
f 3030/3520/2148 3022/3530/2148 2930/3529/2148 2939/3519/2148
f 2968/3531/2121 2970/3532/2121 2946/3454/2121 2944/3433/2121
f 2973/3533/2123 2969/3534/2123 2945/3430/2123 2941/3504/2123
f 2995/3535/2149 2966/3536/2149 2943/3469/2149 2989/3466/2149
f 2970/3532/2121 2965/3537/2121 2942/3457/2121 2946/3454/2121
f 2969/3534/2150 2968/3531/2150 2944/3433/2150 2945/3430/2150
f 2900/3496/2151 2910/3447/2151 2953/3539/2151 2951/3538/2151
f 2881/3499/2132 2903/3495/2132 2952/3541/2132 2947/3540/2132
f 2903/3495/2152 2900/3496/2152 2951/3538/2152 2952/3541/2152
f 2983/3477/2153 2895/3473/2153 2950/3543/2153 2991/3542/2153
f 2910/3447/2119 2892/3448/2119 2949/3544/2119 2953/3539/2119
f 2951/3538/2119 2953/3539/2119 2961/3450/2119 2959/3493/2119
f 2947/3540/2132 2952/3541/2132 2960/3490/2132 2954/3500/2132
f 2952/3541/2154 2951/3538/2154 2959/3493/2154 2960/3490/2154
f 2991/3542/2155 2950/3543/2155 2957/3481/2155 2993/3478/2155
f 2953/3539/2119 2949/3544/2119 2956/3453/2119 2961/3450/2119
f 2902/3545/2156 2873/3546/2156 2968/3531/2156 2969/3534/2156
f 2917/3547/2157 2875/3550/2157 2964/3549/2157 2972/3548/2157
f 2907/3551/2158 2880/3552/2158 2965/3537/2158 2970/3532/2158
f 2974/3553/2159 2884/3554/2159 2966/3536/2159 2995/3535/2159
f 2912/3555/2160 2898/3558/2160 2967/3557/2160 2971/3556/2160
f 2871/3559/2161 2902/3545/2161 2969/3534/2161 2973/3533/2161
f 2873/3546/2121 2907/3551/2121 2970/3532/2121 2968/3531/2121
f 2880/3552/2162 2912/3555/2162 2971/3556/2162 2965/3537/2162
f 2898/3558/2163 2917/3547/2163 2972/3548/2163 2967/3557/2163
f 2875/3550/2164 2975/3561/2164 2994/3560/2164 2964/3549/2164
f 2975/3561/2125 2974/3553/2125 2995/3535/2125 2994/3560/2125
f 2948/3562/2165 2990/3564/2165 2992/3563/2165 2955/3445/2165
f 2990/3564/2117 2991/3542/2117 2993/3478/2117 2992/3563/2117
f 2891/3565/2166 2982/3566/2166 2990/3564/2166 2948/3562/2166
f 2982/3566/2117 2983/3477/2117 2991/3542/2117 2990/3564/2117
f 2964/3549/2167 2994/3560/2167 2988/3568/2167 2940/3567/2167
f 2994/3560/2125 2995/3535/2125 2989/3466/2125 2988/3568/2125
f 3022/3530/2168 3031/3570/2168 2986/3569/2168 2930/3529/2168
f 3031/3570/2117 3032/3439/2117 2987/3476/2117 2986/3569/2117
f 2890/3571/2169 2980/3574/2169 2984/3573/2169 2920/3572/2169
f 2980/3574/2125 2981/3467/2125 2985/3512/2125 2984/3573/2125
f 2955/3445/2170 2992/3563/2170 2976/3575/2170 2877/3444/2170
f 2992/3563/2117 2993/3478/2117 2977/3479/2117 2976/3575/2117
f 2930/3529/2171 2986/3569/2171 2982/3566/2171 2891/3565/2171
f 2986/3569/2117 2987/3476/2117 2983/3477/2117 2982/3566/2117
f 2999/3441/2172 2996/3576/2172 2879/3528/2172 3024/3440/2172
f 3003/3577/2173 2998/3578/2173 3023/3521/2173 3028/3525/2173
f 2940/3567/2174 2988/3568/2174 2980/3574/2174 2890/3571/2174
f 2988/3568/2125 2989/3466/2125 2981/3467/2125 2980/3574/2125
f 3005/3579/2142 2997/3580/2142 3022/3530/2142 3030/3520/2142
f 2997/3580/2175 3007/3581/2175 3031/3570/2175 3022/3530/2175
f 3007/3581/2117 3008/3438/2117 3032/3439/2117 3031/3570/2117
f 2909/3459/2176 2889/3460/2176 2998/3578/2176 3003/3577/2176
f 2888/3435/2177 2878/3436/2177 2996/3576/2177 2999/3441/2177
f 2979/3471/2117 2888/3435/2117 2999/3441/2117 3008/3438/2117
f 2914/3487/2142 2897/3488/2142 3000/3583/2142 3004/3582/2142
f 2905/3463/2132 2899/3464/2132 3001/3585/2132 3002/3584/2132
f 2876/3503/2132 2905/3463/2132 3002/3584/2132 3006/3586/2132
f 2899/3464/2132 2909/3459/2132 3003/3577/2132 3001/3585/2132
f 2889/3460/2178 2914/3487/2178 3004/3582/2178 2998/3578/2178
f 2897/3488/2142 2916/3506/2142 3005/3579/2142 3000/3583/2142
f 3043/3587/2125 3044/3589/2125 3021/3470/2125 3020/3588/2125
f 3034/3590/2179 3043/3587/2179 3020/3588/2179 3011/3591/2179
f 3037/3592/2130 3042/3593/2130 3019/3507/2130 3014/3489/2130
f 3035/3594/2180 3041/3595/2180 3018/3486/2180 3012/3461/2180
f 3038/3596/2123 3040/3597/2123 3017/3458/2123 3015/3465/2123
f 3045/3598/2123 3039/3599/2123 3016/3462/2123 3009/3502/2123
f 3041/3595/2130 3037/3592/2130 3014/3489/2130 3018/3486/2130
f 3044/3589/2125 3036/3600/2125 3013/3434/2125 3021/3470/2125
f 3039/3599/2123 3038/3596/2123 3015/3465/2123 3016/3462/2123
f 3040/3597/2181 3035/3594/2181 3012/3461/2181 3017/3458/2181
f 3042/3593/2130 3034/3590/2130 3011/3591/2130 3019/3507/2130
f 3036/3600/2182 3033/3601/2182 3010/3437/2182 3013/3434/2182
f 3004/3582/2142 3000/3583/2142 3025/3517/2142 3029/3523/2142
f 3002/3584/2132 3001/3585/2132 3026/3524/2132 3027/3527/2132
f 3006/3586/2132 3002/3584/2132 3027/3527/2132 2978/3526/2132
f 3001/3585/2132 3003/3577/2132 3028/3525/2132 3026/3524/2132
f 2998/3578/2183 3004/3582/2183 3029/3523/2183 3023/3521/2183
f 3000/3583/2142 3005/3579/2142 3030/3520/2142 3025/3517/2142
f 2922/3513/2184 2919/3515/2184 3033/3601/2184 3036/3600/2184
f 2928/3602/2185 2920/3572/2185 3034/3590/2185 3042/3593/2185
f 2926/3509/2186 2921/3514/2186 3035/3594/2186 3040/3597/2186
f 2925/3511/2123 2924/3508/2123 3038/3596/2123 3039/3599/2123
f 2985/3512/2187 2922/3513/2187 3036/3600/2187 3044/3589/2187
f 2927/3603/2130 2923/3604/2130 3037/3592/2130 3041/3595/2130
f 2918/3510/2123 2925/3511/2123 3039/3599/2123 3045/3598/2123
f 2924/3508/2188 2926/3509/2188 3040/3597/2188 3038/3596/2188
f 2921/3514/2189 2927/3603/2189 3041/3595/2189 3035/3594/2189
f 2923/3604/2130 2928/3602/2130 3042/3593/2130 3037/3592/2130
f 2920/3572/2190 2984/3573/2190 3043/3587/2190 3034/3590/2190
f 2984/3573/2125 2985/3512/2125 3044/3589/2125 3043/3587/2125
f 2696/3559/2191 2727/3545/2191 2902/3545/2191 2871/3559/2191
f 2697/3501/2192 2779/3500/2192 2954/3500/2192 2872/3501/2192
f 2699/3492/2193 2729/3491/2193 2904/3491/2193 2874/3492/2193
f 2700/3550/2194 2800/3561/2194 2975/3561/2194 2875/3550/2194
f 2701/3503/2195 2834/3502/2195 3009/3502/2195 2876/3503/2195
f 2702/3444/2196 2740/3443/2196 2915/3443/2196 2877/3444/2196
f 2703/3436/2197 2821/3576/2197 2996/3576/2197 2878/3436/2197
f 2705/3552/2198 2737/3555/2198 2912/3555/2198 2880/3552/2198
f 2706/3499/2199 2756/3498/2199 2931/3498/2199 2881/3499/2199
f 2707/3480/2200 2802/3479/2200 2977/3479/2200 2882/3480/2200
f 2708/3516/2201 2744/3515/2201 2919/3515/2201 2883/3516/2201
f 2698/3546/2202 2732/3551/2202 2907/3551/2202 2873/3546/2202
f 2710/3505/2203 2766/3504/2203 2941/3504/2203 2885/3505/2203
f 2711/3452/2204 2733/3451/2204 2908/3451/2204 2886/3452/2204
f 2745/3572/2205 2715/3571/2205 2890/3571/2205 2920/3572/2205
f 2773/3562/2206 2716/3565/2206 2891/3565/2206 2948/3562/2206
f 2717/3448/2207 2774/3544/2207 2949/3544/2207 2892/3448/2207
f 2718/3456/2208 2746/3514/2208 2921/3514/2208 2893/3456/2208
f 2719/3468/2209 2708/3516/2209 2883/3516/2209 2894/3468/2209
f 2709/3554/2210 2791/3536/2210 2966/3536/2210 2884/3554/2210
f 2712/3474/2211 2720/3473/2211 2895/3473/2211 2887/3474/2211
f 2720/3473/2212 2775/3543/2212 2950/3543/2212 2895/3473/2212
f 2721/3484/2213 2738/3483/2213 2913/3483/2213 2896/3484/2213
f 2723/3558/2214 2742/3547/2214 2917/3547/2214 2898/3558/2214
f 2727/3545/2215 2698/3546/2215 2873/3546/2215 2902/3545/2215
f 2729/3491/2216 2697/3501/2216 2872/3501/2216 2904/3491/2216
f 2732/3551/2217 2705/3552/2217 2880/3552/2217 2907/3551/2217
f 2733/3451/2218 2699/3492/2218 2874/3492/2218 2908/3451/2218
f 2737/3555/2219 2723/3558/2219 2898/3558/2219 2912/3555/2219
f 2738/3483/2220 2711/3452/2220 2886/3452/2220 2913/3483/2220
f 2740/3443/2221 2721/3484/2221 2896/3484/2221 2915/3443/2221
f 2742/3547/2222 2700/3550/2222 2875/3550/2222 2917/3547/2222
f 2741/3506/2223 2830/3579/2223 3005/3579/2223 2916/3506/2223
f 2743/3510/2224 2710/3505/2224 2885/3505/2224 2918/3510/2224
f 2744/3515/2225 2858/3601/2225 3033/3601/2225 2919/3515/2225
f 2748/3604/2226 2753/3602/2226 2928/3602/2226 2923/3604/2226
f 2746/3514/2227 2752/3603/2227 2927/3603/2227 2921/3514/2227
f 2752/3603/2228 2748/3604/2228 2923/3604/2228 2927/3603/2228
f 2753/3602/2229 2745/3572/2229 2920/3572/2229 2928/3602/2229
f 2754/3475/2230 2712/3474/2230 2887/3474/2230 2929/3475/2230
f 2716/3565/2231 2755/3529/2231 2930/3529/2231 2891/3565/2231
f 2756/3498/2232 2803/3526/2232 2978/3526/2232 2931/3498/2232
f 2757/3449/2233 2717/3448/2233 2892/3448/2233 2932/3449/2233
f 2764/3519/2234 2759/3518/2234 2934/3518/2234 2939/3519/2234
f 2763/3522/2235 2757/3449/2235 2932/3449/2235 2938/3522/2235
f 2759/3518/2236 2763/3522/2236 2938/3522/2236 2934/3518/2236
f 2755/3529/2237 2764/3519/2237 2939/3519/2237 2930/3529/2237
f 2715/3571/2238 2765/3567/2238 2940/3567/2238 2890/3571/2238
f 2766/3504/2239 2798/3533/2239 2973/3533/2239 2941/3504/2239
f 2767/3457/2240 2718/3456/2240 2893/3456/2240 2942/3457/2240
f 2768/3469/2241 2719/3468/2241 2894/3468/2241 2943/3469/2241
f 2772/3540/2242 2706/3499/2242 2881/3499/2242 2947/3540/2242
f 2780/3445/2243 2773/3562/2243 2948/3562/2243 2955/3445/2243
f 2774/3544/2244 2781/3453/2244 2956/3453/2244 2949/3544/2244
f 2775/3543/2245 2782/3481/2245 2957/3481/2245 2950/3543/2245
f 2779/3500/2246 2772/3540/2246 2947/3540/2246 2954/3500/2246
f 2782/3481/2247 2707/3480/2247 2882/3480/2247 2957/3481/2247
f 2783/3485/2248 2788/3442/2248 2963/3442/2248 2958/3485/2248
f 2781/3453/2249 2787/3482/2249 2962/3482/2249 2956/3453/2249
f 2787/3482/2250 2783/3485/2250 2958/3485/2250 2962/3482/2250
f 2788/3442/2251 2780/3445/2251 2955/3445/2251 2963/3442/2251
f 2765/3567/2252 2789/3549/2252 2964/3549/2252 2940/3567/2252
f 2790/3537/2253 2767/3457/2253 2942/3457/2253 2965/3537/2253
f 2791/3536/2254 2768/3469/2254 2943/3469/2254 2966/3536/2254
f 2798/3533/2255 2696/3559/2255 2871/3559/2255 2973/3533/2255
f 2789/3549/2256 2797/3548/2256 2972/3548/2256 2964/3549/2256
f 2792/3557/2257 2796/3556/2257 2971/3556/2257 2967/3557/2257
f 2796/3556/2258 2790/3537/2258 2965/3537/2258 2971/3556/2258
f 2797/3548/2259 2792/3557/2259 2967/3557/2259 2972/3548/2259
f 2799/3553/2260 2709/3554/2260 2884/3554/2260 2974/3553/2260
f 2800/3561/2261 2799/3553/2261 2974/3553/2261 2975/3561/2261
f 2801/3575/2262 2702/3444/2262 2877/3444/2262 2976/3575/2262
f 2802/3479/2263 2801/3575/2263 2976/3575/2263 2977/3479/2263
f 2833/3438/2264 2804/3471/2264 2979/3471/2264 3008/3438/2264
f 2821/3576/2265 2704/3528/2265 2879/3528/2265 2996/3576/2265
f 2831/3586/2266 2701/3503/2266 2876/3503/2266 3006/3586/2266
f 2832/3581/2267 2833/3438/2267 3008/3438/2267 3007/3581/2267
f 2822/3580/2268 2832/3581/2268 3007/3581/2268 2997/3580/2268
f 2830/3579/2269 2822/3580/2269 2997/3580/2269 3005/3579/2269
f 2834/3502/2270 2870/3598/2270 3045/3598/2270 3009/3502/2270
f 2835/3437/2271 2703/3436/2271 2878/3436/2271 3010/3437/2271
f 2704/3528/2272 2754/3475/2272 2929/3475/2272 2879/3528/2272
f 2844/3507/2273 2741/3506/2273 2916/3506/2273 3019/3507/2273
f 2803/3526/2274 2831/3586/2274 3006/3586/2274 2978/3526/2274
f 2804/3471/2275 2846/3470/2275 3021/3470/2275 2979/3471/2275
f 2846/3470/2276 2845/3588/2276 3020/3588/2276 3021/3470/2276
f 2845/3588/2277 2836/3591/2277 3011/3591/2277 3020/3588/2277
f 2836/3591/2278 2844/3507/2278 3019/3507/2278 3011/3591/2278
f 2858/3601/2279 2835/3437/2279 3010/3437/2279 3033/3601/2279
f 2870/3598/2280 2743/3510/2280 2918/3510/2280 3045/3598/2280
